field_id,B_predicted,B_actual,B_status,Cu_predicted,Cu_actual,Cu_status,Zn_predicted,Zn_actual,Zn_status,Fe_predicted,Fe_actual,Fe_status,S_predicted,S_actual,S_status,Mn_predicted,Mn_actual,Mn_status
0,0.7924,0.8,OPTIMAL,2.1514,2.1,OPTIMAL,4.9101,5.0,OPTIMAL,190.041,186.6,OPTIMAL,11.6143,12.0786,OPTIMAL,109.2817,110.7,OPTIMAL
1,0.597,0.6,OPTIMAL,3.4413,3.5,OPTIMAL,7.2642,7.3,OPTIMAL,271.3714,255.6,EXCESSIVE,13.5412,12.1997,OPTIMAL,74.0607,75.7,OPTIMAL
2,0.5328,0.5,OPTIMAL,2.2421,2.1,OPTIMAL,2.5834,2.3,OPTIMAL,213.2123,204.0,EXCESSIVE,61.7144,65.882,EXCESSIVE,90.6917,87.1,OPTIMAL
3,0.8034,0.8,OPTIMAL,1.9307,1.9,OPTIMAL,3.3887,3.3,OPTIMAL,170.5398,165.6,OPTIMAL,31.0768,31.9427,OPTIMAL,56.9947,56.0,OPTIMAL
4,0.5409,0.5,OPTIMAL,2.4974,2.4,OPTIMAL,6.0578,5.8,OPTIMAL,403.5619,419.9,EXCESSIVE,33.7455,35.9707,OPTIMAL,64.2582,65.1,OPTIMAL
5,0.9919,1.0,OPTIMAL,2.3451,2.3,OPTIMAL,3.859,3.9,OPTIMAL,135.2972,133.9,OPTIMAL,10.7965,10.4623,OPTIMAL,69.9127,75.4,OPTIMAL
6,1.0535,1.1,OPTIMAL,2.6882,2.6,OPTIMAL,6.6402,6.7,OPTIMAL,236.1933,223.8,EXCESSIVE,36.3138,37.9811,OPTIMAL,88.6552,91.4,OPTIMAL
7,0.5954,0.6,OPTIMAL,2.3009,2.3,OPTIMAL,7.3907,7.6,OPTIMAL,369.2552,374.0,EXCESSIVE,12.7678,11.1509,OPTIMAL,61.2513,61.7,OPTIMAL
8,1.1068,1.1,OPTIMAL,2.5789,2.6,OPTIMAL,4.6776,4.4,OPTIMAL,176.6589,185.4,OPTIMAL,21.011,17.6011,OPTIMAL,89.3569,91.3,OPTIMAL
9,1.1229,1.2,OPTIMAL,2.1753,2.1,OPTIMAL,7.9116,8.7,OPTIMAL,151.4293,146.9,OPTIMAL,24.1817,25.3843,OPTIMAL,80.8677,77.0,OPTIMAL
10,0.9772,1.0,OPTIMAL,3.0332,3.1,OPTIMAL,5.1562,5.3,OPTIMAL,224.8939,217.5,EXCESSIVE,33.0271,32.8694,OPTIMAL,64.5894,61.2,OPTIMAL
11,0.6865,0.6,OPTIMAL,2.4445,2.3,OPTIMAL,3.568,3.1,OPTIMAL,208.6254,203.5,EXCESSIVE,29.5012,29.4895,OPTIMAL,106.5557,103.9,OPTIMAL
12,0.628,0.6,OPTIMAL,2.569,2.6,OPTIMAL,4.0288,3.9,OPTIMAL,211.9202,214.7,EXCESSIVE,34.768,34.4859,OPTIMAL,125.7198,131.3,OPTIMAL
13,0.4054,0.4,DEFICIENT,2.0482,2.0,OPTIMAL,2.6907,2.7,OPTIMAL,202.5811,199.1,EXCESSIVE,30.3074,30.8267,OPTIMAL,87.2147,87.1,OPTIMAL
14,1.011,1.1,OPTIMAL,2.5068,2.6,OPTIMAL,4.5747,4.3,OPTIMAL,218.8172,223.1,EXCESSIVE,32.1607,32.5715,OPTIMAL,76.7952,76.5,OPTIMAL
15,0.9499,0.9,OPTIMAL,2.3613,2.2,OPTIMAL,5.4727,5.2,OPTIMAL,212.8962,195.9,EXCESSIVE,30.4349,29.3481,OPTIMAL,60.1246,53.7,OPTIMAL
16,0.7845,0.8,OPTIMAL,2.5981,2.6,OPTIMAL,3.8913,3.8,OPTIMAL,207.6903,201.0,EXCESSIVE,29.2689,29.6112,OPTIMAL,116.6097,119.3,OPTIMAL
17,0.4103,0.4,DEFICIENT,2.3412,2.4,OPTIMAL,2.995,2.7,OPTIMAL,281.0459,249.8,EXCESSIVE,25.3805,16.0394,OPTIMAL,98.6738,93.6,OPTIMAL
18,0.811,0.8,OPTIMAL,2.0537,2.0,OPTIMAL,4.1353,4.1,OPTIMAL,193.3609,186.1,OPTIMAL,32.7414,33.1248,OPTIMAL,61.1164,59.0,OPTIMAL
19,0.9787,1.0,OPTIMAL,2.8389,2.9,OPTIMAL,6.4661,6.6,OPTIMAL,261.4375,267.2,EXCESSIVE,34.4085,36.1362,OPTIMAL,76.7919,76.0,OPTIMAL
20,0.8666,0.9,OPTIMAL,3.1096,3.1,OPTIMAL,7.4703,7.1,OPTIMAL,277.2535,274.8,EXCESSIVE,20.611,20.7719,OPTIMAL,71.5055,75.2,OPTIMAL
21,1.0938,1.1,OPTIMAL,2.4227,2.5,OPTIMAL,3.3976,2.8,OPTIMAL,166.3517,169.1,OPTIMAL,20.6355,17.7769,OPTIMAL,82.8833,78.8,OPTIMAL
22,0.6775,0.7,OPTIMAL,3.6532,3.8,OPTIMAL,7.2907,7.5,OPTIMAL,353.0364,344.2,EXCESSIVE,36.8487,38.3336,OPTIMAL,66.5995,69.7,OPTIMAL
23,1.0512,1.0,OPTIMAL,1.9889,1.8,OPTIMAL,4.2835,3.9,OPTIMAL,159.9682,151.0,OPTIMAL,19.1019,16.4187,OPTIMAL,88.0017,87.1,OPTIMAL
24,0.8949,0.9,OPTIMAL,2.1677,2.2,OPTIMAL,3.902,3.7,OPTIMAL,206.6561,197.7,EXCESSIVE,17.0636,15.108,OPTIMAL,102.2504,96.5,OPTIMAL
25,0.7062,0.7,OPTIMAL,2.0515,2.0,OPTIMAL,2.3615,2.1,OPTIMAL,233.4081,241.0,EXCESSIVE,49.5546,51.9252,OPTIMAL,58.3144,56.0,OPTIMAL
26,0.7063,0.7,OPTIMAL,2.5955,2.6,OPTIMAL,3.3613,3.2,OPTIMAL,196.041,191.6,OPTIMAL,59.1908,62.6702,EXCESSIVE,97.3869,94.3,OPTIMAL
27,1.1247,1.1,OPTIMAL,2.5011,2.6,OPTIMAL,5.2144,5.1,OPTIMAL,165.9863,175.1,OPTIMAL,22.899,20.4672,OPTIMAL,86.8017,83.3,OPTIMAL
28,0.9715,1.0,OPTIMAL,2.0888,2.1,OPTIMAL,3.982,3.6,OPTIMAL,194.7109,189.6,OPTIMAL,13.5643,14.6279,OPTIMAL,90.0382,87.8,OPTIMAL
29,0.8531,0.9,OPTIMAL,2.5103,2.5,OPTIMAL,6.5985,6.6,OPTIMAL,237.456,236.5,EXCESSIVE,13.6564,14.6575,OPTIMAL,72.3842,71.7,OPTIMAL
30,0.9405,0.9,OPTIMAL,2.2213,2.2,OPTIMAL,6.0027,5.9,OPTIMAL,142.1788,139.9,OPTIMAL,23.6739,24.2755,OPTIMAL,85.9687,87.4,OPTIMAL
31,1.1823,1.2,OPTIMAL,2.564,2.6,OPTIMAL,5.6021,5.5,OPTIMAL,239.8683,237.4,EXCESSIVE,35.7534,37.2107,OPTIMAL,87.2534,90.0,OPTIMAL
32,0.586,0.6,OPTIMAL,3.5061,3.6,OPTIMAL,6.8736,7.0,OPTIMAL,287.6376,284.7,EXCESSIVE,17.2846,19.6623,OPTIMAL,61.792,60.9,OPTIMAL
33,0.4872,0.5,DEFICIENT,2.071,2.1,OPTIMAL,3.0833,3.1,OPTIMAL,204.8982,202.4,EXCESSIVE,24.871,25.9943,OPTIMAL,92.149,92.5,OPTIMAL
34,0.7218,0.7,OPTIMAL,2.2023,2.2,OPTIMAL,4.9887,5.2,OPTIMAL,223.2025,230.4,EXCESSIVE,13.9979,15.7644,OPTIMAL,141.9229,148.1,OPTIMAL
35,0.7161,0.7,OPTIMAL,2.3766,2.4,OPTIMAL,2.6143,2.7,OPTIMAL,176.5669,173.1,OPTIMAL,28.8857,29.7705,OPTIMAL,75.1453,74.6,OPTIMAL
36,0.7222,0.7,OPTIMAL,3.0671,3.1,OPTIMAL,4.1993,4.4,OPTIMAL,184.5145,173.8,OPTIMAL,35.7166,37.6361,OPTIMAL,111.8386,107.9,OPTIMAL
37,0.7986,0.8,OPTIMAL,2.984,3.0,OPTIMAL,3.5031,3.1,OPTIMAL,205.0428,205.0,EXCESSIVE,30.6618,30.0053,OPTIMAL,124.6994,128.6,OPTIMAL
38,0.6107,0.6,OPTIMAL,2.6462,2.7,OPTIMAL,2.848,2.6,OPTIMAL,193.0668,188.9,OPTIMAL,42.79,43.1764,OPTIMAL,77.2133,75.4,OPTIMAL
39,1.0961,1.1,OPTIMAL,2.1159,2.1,OPTIMAL,5.1802,5.5,OPTIMAL,183.7016,191.9,OPTIMAL,20.2683,18.8976,OPTIMAL,87.0519,84.3,OPTIMAL
40,0.5497,0.5,OPTIMAL,2.4309,2.2,OPTIMAL,4.1511,3.6,OPTIMAL,229.2234,224.4,EXCESSIVE,34.7413,36.8056,OPTIMAL,97.0538,94.8,OPTIMAL
41,0.7766,0.8,OPTIMAL,2.5598,2.5,OPTIMAL,3.5147,3.7,OPTIMAL,189.1935,187.3,OPTIMAL,43.7614,45.2965,OPTIMAL,107.5664,109.0,OPTIMAL
42,0.5437,0.5,OPTIMAL,2.9351,2.9,OPTIMAL,6.2299,5.9,OPTIMAL,275.708,270.2,EXCESSIVE,40.1072,42.3059,OPTIMAL,82.325,86.0,OPTIMAL
43,0.9512,1.0,OPTIMAL,2.4221,2.3,OPTIMAL,4.9997,5.4,OPTIMAL,271.3341,274.5,EXCESSIVE,12.2374,10.5106,OPTIMAL,134.6322,136.7,OPTIMAL
44,0.435,0.4,DEFICIENT,2.0086,1.9,OPTIMAL,3.0288,2.8,OPTIMAL,189.7087,188.9,OPTIMAL,27.6107,27.6639,OPTIMAL,91.3069,92.8,OPTIMAL
45,0.9828,1.0,OPTIMAL,2.5214,2.5,OPTIMAL,4.7869,5.1,OPTIMAL,184.3633,182.5,OPTIMAL,11.4139,9.904,OPTIMAL,64.5965,65.2,OPTIMAL
46,0.7009,0.7,OPTIMAL,2.631,2.6,OPTIMAL,2.9556,2.8,OPTIMAL,169.2749,168.1,OPTIMAL,27.715,25.3072,OPTIMAL,122.7004,127.2,OPTIMAL
47,0.4848,0.5,DEFICIENT,1.9401,1.9,OPTIMAL,2.6066,2.7,OPTIMAL,217.1715,215.5,EXCESSIVE,27.5092,28.6235,OPTIMAL,85.7377,85.1,OPTIMAL
48,1.1739,1.2,OPTIMAL,2.1298,2.1,OPTIMAL,4.5478,4.5,OPTIMAL,158.7313,153.3,OPTIMAL,18.4559,17.4419,OPTIMAL,82.1308,80.2,OPTIMAL
49,0.8227,0.8,OPTIMAL,2.979,2.9,OPTIMAL,5.4363,5.6,OPTIMAL,328.3833,319.5,EXCESSIVE,16.15,12.8013,OPTIMAL,62.2819,64.7,OPTIMAL
50,0.7115,0.7,OPTIMAL,2.4706,2.3,OPTIMAL,3.2732,3.1,OPTIMAL,214.1472,216.9,EXCESSIVE,29.1459,28.8955,OPTIMAL,90.6987,87.7,OPTIMAL
51,1.2086,1.3,OPTIMAL,2.2777,2.3,OPTIMAL,3.5984,3.4,OPTIMAL,162.5374,166.3,OPTIMAL,21.0657,21.848,OPTIMAL,85.7787,87.7,OPTIMAL
52,0.844,0.8,OPTIMAL,2.8529,2.8,OPTIMAL,3.6082,3.3,OPTIMAL,198.0938,193.5,OPTIMAL,29.3943,29.8347,OPTIMAL,83.9421,81.8,OPTIMAL
53,1.0048,1.0,OPTIMAL,2.6302,2.5,OPTIMAL,5.6165,5.6,OPTIMAL,198.6941,196.5,OPTIMAL,26.6426,24.984,OPTIMAL,116.7524,115.5,OPTIMAL
54,0.9061,0.9,OPTIMAL,2.6736,2.7,OPTIMAL,4.4685,4.5,OPTIMAL,213.5393,208.4,EXCESSIVE,48.9092,51.0647,OPTIMAL,65.6378,67.8,OPTIMAL
55,0.6748,0.7,OPTIMAL,3.1468,3.2,OPTIMAL,7.2898,7.4,OPTIMAL,303.4302,297.5,EXCESSIVE,13.69,10.8997,OPTIMAL,63.9458,66.8,OPTIMAL
56,0.8041,0.9,OPTIMAL,3.0622,3.1,OPTIMAL,9.5447,10.2,EXCESSIVE,292.9793,284.5,EXCESSIVE,21.8071,22.8041,OPTIMAL,57.9434,55.8,OPTIMAL
57,0.6155,0.6,OPTIMAL,2.7978,2.8,OPTIMAL,7.7139,7.9,OPTIMAL,375.3003,381.7,EXCESSIVE,16.8462,16.3538,OPTIMAL,62.4451,61.3,OPTIMAL
58,0.6896,0.7,OPTIMAL,2.7736,2.8,OPTIMAL,9.007,9.3,EXCESSIVE,231.5931,238.8,EXCESSIVE,53.9949,53.8081,EXCESSIVE,88.7181,88.1,OPTIMAL
59,0.9183,0.9,OPTIMAL,2.1225,2.0,OPTIMAL,3.7997,3.5,OPTIMAL,143.1324,147.8,OPTIMAL,11.5491,11.0402,OPTIMAL,63.9886,61.4,OPTIMAL
60,0.4559,0.4,DEFICIENT,2.7792,2.9,OPTIMAL,3.3578,3.5,OPTIMAL,196.5353,197.5,OPTIMAL,61.527,66.8978,EXCESSIVE,74.5122,69.3,OPTIMAL
61,1.2749,1.3,OPTIMAL,3.0092,3.0,OPTIMAL,5.1649,5.2,OPTIMAL,286.2877,295.5,EXCESSIVE,33.3495,34.0598,OPTIMAL,130.0478,129.5,OPTIMAL
62,0.7216,0.7,OPTIMAL,2.5942,2.5,OPTIMAL,3.3841,3.2,OPTIMAL,180.4708,178.8,OPTIMAL,36.6152,34.0064,OPTIMAL,91.3725,89.8,OPTIMAL
63,1.1621,1.2,OPTIMAL,2.4625,2.5,OPTIMAL,5.6918,5.6,OPTIMAL,174.6606,179.4,OPTIMAL,20.9455,21.5243,OPTIMAL,87.2559,87.1,OPTIMAL
64,0.5181,0.5,OPTIMAL,3.3212,3.5,OPTIMAL,3.9851,3.8,OPTIMAL,233.476,236.9,EXCESSIVE,48.6055,54.154,OPTIMAL,92.6281,93.5,OPTIMAL
65,0.6165,0.6,OPTIMAL,2.8328,2.9,OPTIMAL,7.1632,7.1,OPTIMAL,283.883,279.7,EXCESSIVE,15.1862,15.5904,OPTIMAL,83.2501,88.9,OPTIMAL
66,1.1278,1.1,OPTIMAL,2.4266,2.4,OPTIMAL,5.3177,4.9,OPTIMAL,151.6921,146.4,OPTIMAL,24.7659,23.1728,OPTIMAL,85.661,85.3,OPTIMAL
67,0.8938,0.9,OPTIMAL,1.7631,1.6,OPTIMAL,3.8292,3.5,OPTIMAL,168.6823,160.3,OPTIMAL,11.011,10.9259,OPTIMAL,83.0534,78.7,OPTIMAL
68,1.0862,1.1,OPTIMAL,2.2254,2.3,OPTIMAL,6.2779,6.4,OPTIMAL,150.6974,147.9,OPTIMAL,22.0094,20.217,OPTIMAL,81.2414,83.1,OPTIMAL
69,0.9829,0.9,OPTIMAL,2.2265,2.1,OPTIMAL,4.0222,3.8,OPTIMAL,154.873,159.4,OPTIMAL,23.4829,25.2654,OPTIMAL,73.2989,65.8,OPTIMAL
70,0.7224,0.7,OPTIMAL,2.6126,2.6,OPTIMAL,3.4668,3.4,OPTIMAL,213.1882,222.6,EXCESSIVE,30.5464,28.9068,OPTIMAL,103.8889,104.5,OPTIMAL
71,0.6069,0.6,OPTIMAL,1.8165,1.7,OPTIMAL,1.9656,1.6,OPTIMAL,146.1956,130.2,OPTIMAL,18.4525,16.0903,OPTIMAL,62.234,61.0,OPTIMAL
72,0.7194,0.7,OPTIMAL,1.9154,1.9,OPTIMAL,4.3144,4.5,OPTIMAL,171.4897,174.2,OPTIMAL,14.0631,14.627,OPTIMAL,132.8467,136.4,OPTIMAL
73,0.9651,1.0,OPTIMAL,2.4918,2.5,OPTIMAL,6.3801,6.6,OPTIMAL,203.5161,200.9,EXCESSIVE,41.2369,44.8216,OPTIMAL,83.3478,80.8,OPTIMAL
74,0.7324,0.7,OPTIMAL,3.2948,3.4,OPTIMAL,8.2326,8.5,EXCESSIVE,192.1346,179.2,OPTIMAL,26.3371,25.6924,OPTIMAL,76.4596,77.0,OPTIMAL
75,0.772,0.8,OPTIMAL,2.3005,2.4,OPTIMAL,4.1212,4.1,OPTIMAL,241.7832,252.2,EXCESSIVE,14.1622,14.2666,OPTIMAL,102.3556,104.1,OPTIMAL
76,1.2081,1.2,OPTIMAL,2.8376,2.8,OPTIMAL,6.5577,6.3,OPTIMAL,356.3925,364.6,EXCESSIVE,26.3597,24.5808,OPTIMAL,74.8638,74.7,OPTIMAL
77,0.7234,0.7,OPTIMAL,1.7721,1.6,OPTIMAL,3.3689,3.3,OPTIMAL,168.1255,159.5,OPTIMAL,17.0608,15.2769,OPTIMAL,73.8241,73.5,OPTIMAL
78,0.7241,0.7,OPTIMAL,2.5817,2.6,OPTIMAL,4.0241,4.2,OPTIMAL,231.0094,244.1,EXCESSIVE,21.7082,19.397,OPTIMAL,108.5496,106.5,OPTIMAL
79,1.2844,1.3,OPTIMAL,2.9379,2.9,OPTIMAL,7.6572,7.9,OPTIMAL,222.9882,221.8,EXCESSIVE,36.3836,38.9186,OPTIMAL,84.3106,82.6,OPTIMAL
80,1.1095,1.1,OPTIMAL,2.8676,2.8,OPTIMAL,8.064,8.2,EXCESSIVE,347.7473,348.4,EXCESSIVE,33.7271,32.7436,OPTIMAL,95.7299,94.7,OPTIMAL
81,0.6509,0.6,OPTIMAL,2.0047,1.9,OPTIMAL,2.3471,2.0,OPTIMAL,237.8457,241.6,EXCESSIVE,27.7157,24.6631,OPTIMAL,73.21,69.4,OPTIMAL
82,0.7572,0.8,OPTIMAL,2.9965,3.1,OPTIMAL,3.0944,3.2,OPTIMAL,189.4674,188.6,OPTIMAL,20.2775,19.8898,OPTIMAL,80.0378,80.2,OPTIMAL
83,0.6201,0.6,OPTIMAL,2.4586,2.3,OPTIMAL,3.1485,2.8,OPTIMAL,217.2502,211.7,EXCESSIVE,31.3293,30.4052,OPTIMAL,103.4193,99.2,OPTIMAL
84,0.7904,0.8,OPTIMAL,3.0611,3.1,OPTIMAL,3.8358,3.8,OPTIMAL,196.2922,198.9,OPTIMAL,45.7137,48.658,OPTIMAL,105.8115,104.2,OPTIMAL
85,0.6238,0.6,OPTIMAL,2.7024,2.7,OPTIMAL,7.9024,7.9,OPTIMAL,295.8127,291.7,EXCESSIVE,18.8721,14.0451,OPTIMAL,62.6945,65.4,OPTIMAL
86,0.7953,0.8,OPTIMAL,2.7216,2.7,OPTIMAL,4.1479,4.4,OPTIMAL,231.996,241.0,EXCESSIVE,48.2241,51.4794,OPTIMAL,125.4484,124.6,OPTIMAL
87,0.7982,0.8,OPTIMAL,2.8304,2.9,OPTIMAL,3.5315,3.5,OPTIMAL,183.1157,184.5,OPTIMAL,61.3721,64.4366,EXCESSIVE,102.5703,103.1,OPTIMAL
88,1.263,1.3,OPTIMAL,2.7317,2.9,OPTIMAL,9.9418,10.1,EXCESSIVE,173.7428,179.1,OPTIMAL,25.374,27.7409,OPTIMAL,94.3118,97.9,OPTIMAL
89,0.6134,0.6,OPTIMAL,1.9732,1.9,OPTIMAL,2.281,2.1,OPTIMAL,187.6048,183.8,OPTIMAL,27.7623,27.0945,OPTIMAL,83.0621,82.1,OPTIMAL
90,0.8813,0.9,OPTIMAL,2.6139,2.6,OPTIMAL,3.7926,3.7,OPTIMAL,221.4871,219.8,EXCESSIVE,42.9015,45.3802,OPTIMAL,64.542,61.2,OPTIMAL
91,0.629,0.6,OPTIMAL,2.3505,2.4,OPTIMAL,7.1338,7.0,OPTIMAL,228.3213,221.0,EXCESSIVE,13.275,11.9922,OPTIMAL,74.0112,75.1,OPTIMAL
92,0.6538,0.6,OPTIMAL,2.465,2.4,OPTIMAL,2.7644,2.4,OPTIMAL,201.7906,203.9,EXCESSIVE,29.396,31.7829,OPTIMAL,95.1579,90.9,OPTIMAL
93,1.1114,1.1,OPTIMAL,2.7304,2.7,OPTIMAL,5.1427,5.1,OPTIMAL,225.102,218.3,EXCESSIVE,26.6397,26.1782,OPTIMAL,85.19,82.9,OPTIMAL
94,0.8506,0.9,OPTIMAL,2.1063,2.1,OPTIMAL,8.0743,8.4,EXCESSIVE,265.5558,279.1,EXCESSIVE,15.8809,17.101,OPTIMAL,77.1829,79.6,OPTIMAL
95,0.8714,0.9,OPTIMAL,2.475,2.5,OPTIMAL,5.1025,5.3,OPTIMAL,262.4865,271.1,EXCESSIVE,22.8028,19.4643,OPTIMAL,79.7822,80.2,OPTIMAL
96,0.8954,0.9,OPTIMAL,2.9847,3.0,OPTIMAL,4.2994,4.0,OPTIMAL,418.0846,429.3,EXCESSIVE,25.4935,27.9702,OPTIMAL,52.4844,49.7,OPTIMAL
97,0.7241,0.7,OPTIMAL,2.3569,2.3,OPTIMAL,3.3518,3.2,OPTIMAL,184.7377,174.2,OPTIMAL,27.3794,26.1506,OPTIMAL,102.1472,102.9,OPTIMAL
98,0.5864,0.6,OPTIMAL,2.533,2.5,OPTIMAL,2.7777,2.7,OPTIMAL,207.2634,207.2,EXCESSIVE,43.7151,39.747,OPTIMAL,81.0849,79.2,OPTIMAL
99,0.8565,0.9,OPTIMAL,2.8482,2.8,OPTIMAL,5.0935,5.3,OPTIMAL,208.2384,205.5,EXCESSIVE,34.1165,35.2215,OPTIMAL,118.1512,120.3,OPTIMAL
100,0.8728,0.9,OPTIMAL,2.2218,2.2,OPTIMAL,4.7824,4.9,OPTIMAL,207.1454,200.1,EXCESSIVE,22.9346,20.539,OPTIMAL,84.96,85.2,OPTIMAL
101,0.7962,0.8,OPTIMAL,1.9522,1.9,OPTIMAL,4.0948,4.0,OPTIMAL,177.9776,175.2,OPTIMAL,12.947,12.1711,OPTIMAL,103.1012,102.7,OPTIMAL
102,0.5973,0.6,OPTIMAL,1.8974,1.9,OPTIMAL,1.6208,1.5,OPTIMAL,172.8161,169.5,OPTIMAL,17.2431,15.9724,OPTIMAL,58.4168,55.3,OPTIMAL
103,0.5226,0.5,OPTIMAL,2.2752,2.3,OPTIMAL,6.4448,6.7,OPTIMAL,213.6434,209.9,EXCESSIVE,13.1642,10.7891,OPTIMAL,73.2223,70.8,OPTIMAL
104,1.1941,1.2,OPTIMAL,2.5299,2.5,OPTIMAL,4.7387,4.7,OPTIMAL,180.5269,181.6,OPTIMAL,23.2611,23.8092,OPTIMAL,111.2632,113.0,OPTIMAL
105,1.0976,1.1,OPTIMAL,2.6627,2.7,OPTIMAL,4.1252,4.2,OPTIMAL,173.2951,175.1,OPTIMAL,11.9947,12.7786,OPTIMAL,67.822,68.4,OPTIMAL
106,1.2786,1.3,OPTIMAL,2.8201,2.7,OPTIMAL,6.2962,6.5,OPTIMAL,275.2991,266.8,EXCESSIVE,26.5382,25.4661,OPTIMAL,134.403,135.9,OPTIMAL
107,0.7981,0.8,OPTIMAL,2.3583,2.3,OPTIMAL,3.7923,3.6,OPTIMAL,239.2685,251.7,EXCESSIVE,35.0539,38.4754,OPTIMAL,112.2065,121.4,OPTIMAL
108,0.9652,1.0,OPTIMAL,1.899,1.9,OPTIMAL,4.0971,4.1,OPTIMAL,179.4597,179.6,OPTIMAL,11.1377,11.135,OPTIMAL,101.6941,102.0,OPTIMAL
109,0.8369,0.8,OPTIMAL,2.1104,2.1,OPTIMAL,4.8513,4.9,OPTIMAL,188.5757,189.8,OPTIMAL,14.7517,15.5191,OPTIMAL,109.476,113.3,OPTIMAL
110,0.9647,1.0,OPTIMAL,2.3077,2.4,OPTIMAL,4.5283,4.5,OPTIMAL,224.479,236.7,EXCESSIVE,12.0799,13.0597,OPTIMAL,143.9953,150.5,OPTIMAL
111,1.266,1.3,OPTIMAL,2.5739,2.6,OPTIMAL,6.4959,6.7,OPTIMAL,161.0074,154.9,OPTIMAL,20.7479,18.0798,OPTIMAL,104.1954,107.9,OPTIMAL
112,0.7136,0.7,OPTIMAL,2.9711,2.9,OPTIMAL,3.9631,4.0,OPTIMAL,183.381,179.6,OPTIMAL,28.5634,27.1924,OPTIMAL,88.2603,84.5,OPTIMAL
113,0.9463,0.9,OPTIMAL,2.1557,2.1,OPTIMAL,3.8388,3.7,OPTIMAL,144.9639,142.0,OPTIMAL,27.624,30.2965,OPTIMAL,93.2161,95.4,OPTIMAL
114,0.667,0.6,OPTIMAL,3.4784,3.7,OPTIMAL,3.4909,3.3,OPTIMAL,197.4403,198.7,OPTIMAL,37.3932,40.4449,OPTIMAL,99.9275,96.2,OPTIMAL
115,0.7986,0.8,OPTIMAL,2.9714,3.0,OPTIMAL,4.1646,4.6,OPTIMAL,202.1686,198.4,EXCESSIVE,39.9674,41.5372,OPTIMAL,97.3093,96.4,OPTIMAL
116,1.0735,1.1,OPTIMAL,2.4469,2.4,OPTIMAL,3.8182,3.9,OPTIMAL,170.8778,178.4,OPTIMAL,11.8042,13.4065,OPTIMAL,64.2284,61.4,OPTIMAL
117,0.7227,0.7,OPTIMAL,1.9711,1.8,OPTIMAL,7.7516,7.9,OPTIMAL,291.9966,313.0,EXCESSIVE,17.0343,19.1511,OPTIMAL,74.2249,79.7,OPTIMAL
118,0.7639,0.8,OPTIMAL,3.4101,3.5,OPTIMAL,7.7423,8.3,OPTIMAL,199.1944,200.7,OPTIMAL,23.5859,22.3008,OPTIMAL,71.0599,69.9,OPTIMAL
119,0.4452,0.4,DEFICIENT,2.0661,2.0,OPTIMAL,4.4697,4.0,OPTIMAL,300.1664,297.9,EXCESSIVE,10.8263,8.1755,OPTIMAL,38.3841,33.4,DEFICIENT
120,1.106,1.1,OPTIMAL,2.7755,2.7,OPTIMAL,6.6811,6.9,OPTIMAL,202.9608,193.3,EXCESSIVE,31.2117,33.1338,OPTIMAL,104.4523,108.7,OPTIMAL
121,1.0613,1.1,OPTIMAL,2.5049,2.5,OPTIMAL,5.324,5.9,OPTIMAL,188.5573,175.9,OPTIMAL,24.0497,18.7366,OPTIMAL,92.9822,82.1,OPTIMAL
122,1.1313,1.1,OPTIMAL,2.5856,2.6,OPTIMAL,8.4072,8.6,EXCESSIVE,177.1285,172.3,OPTIMAL,21.8961,19.6888,OPTIMAL,101.1003,102.0,OPTIMAL
123,0.6035,0.6,OPTIMAL,2.5375,2.6,OPTIMAL,3.209,3.4,OPTIMAL,323.6478,341.5,EXCESSIVE,28.7509,29.186,OPTIMAL,121.0542,126.9,OPTIMAL
124,0.8538,0.8,OPTIMAL,2.8352,2.8,OPTIMAL,4.688,4.3,OPTIMAL,219.0936,220.9,EXCESSIVE,21.6944,19.5972,OPTIMAL,71.2985,64.8,OPTIMAL
125,0.7057,0.7,OPTIMAL,2.1093,2.1,OPTIMAL,4.6849,4.7,OPTIMAL,198.0568,197.0,OPTIMAL,11.4598,10.9861,OPTIMAL,105.0636,103.1,OPTIMAL
126,0.9738,1.0,OPTIMAL,2.4224,2.5,OPTIMAL,2.7949,2.7,OPTIMAL,213.9203,216.7,EXCESSIVE,28.216,27.0065,OPTIMAL,78.6621,77.3,OPTIMAL
127,1.1628,1.2,OPTIMAL,2.4965,2.6,OPTIMAL,4.4599,4.3,OPTIMAL,148.4591,147.0,OPTIMAL,21.5475,20.1392,OPTIMAL,101.9905,108.0,OPTIMAL
128,1.0869,1.1,OPTIMAL,3.2112,3.2,OPTIMAL,6.7157,6.6,OPTIMAL,265.8507,262.5,EXCESSIVE,28.8283,27.0196,OPTIMAL,78.894,82.9,OPTIMAL
129,1.0112,1.0,OPTIMAL,2.5412,2.5,OPTIMAL,4.0187,4.2,OPTIMAL,187.2536,185.9,OPTIMAL,11.9112,12.7741,OPTIMAL,63.7813,61.9,OPTIMAL
130,0.7335,0.7,OPTIMAL,2.7088,2.7,OPTIMAL,3.7637,3.9,OPTIMAL,206.2102,210.8,EXCESSIVE,49.0274,51.486,OPTIMAL,94.9405,93.2,OPTIMAL
131,0.6164,0.6,OPTIMAL,1.9997,2.0,OPTIMAL,2.2411,2.0,OPTIMAL,191.6912,190.9,OPTIMAL,29.9839,29.1599,OPTIMAL,80.6213,80.3,OPTIMAL
132,0.6194,0.6,OPTIMAL,2.2393,2.2,OPTIMAL,4.061,4.0,OPTIMAL,197.9948,195.3,OPTIMAL,21.8916,19.8437,OPTIMAL,108.4108,109.6,OPTIMAL
133,1.1753,1.2,OPTIMAL,3.0476,3.1,OPTIMAL,5.584,5.5,OPTIMAL,289.8808,296.6,EXCESSIVE,26.8697,26.442,OPTIMAL,110.2267,111.9,OPTIMAL
134,0.8553,0.9,OPTIMAL,2.2619,2.2,OPTIMAL,7.8635,8.2,OPTIMAL,272.3156,265.0,EXCESSIVE,13.7935,11.5755,OPTIMAL,81.6649,82.6,OPTIMAL
135,0.5928,0.6,OPTIMAL,2.7975,2.8,OPTIMAL,9.7513,10.4,EXCESSIVE,369.9908,377.7,EXCESSIVE,16.1082,12.9529,OPTIMAL,61.3633,59.6,OPTIMAL
136,0.8489,0.9,OPTIMAL,2.2379,2.2,OPTIMAL,7.7722,8.4,OPTIMAL,269.6599,273.3,EXCESSIVE,14.4866,14.4219,OPTIMAL,76.331,77.7,OPTIMAL
137,1.036,1.1,OPTIMAL,2.4613,2.4,OPTIMAL,5.4763,5.9,OPTIMAL,202.1046,198.2,EXCESSIVE,30.3251,29.8234,OPTIMAL,90.9191,89.6,OPTIMAL
138,0.6958,0.7,OPTIMAL,2.7847,2.7,OPTIMAL,3.7544,3.6,OPTIMAL,213.2462,209.2,EXCESSIVE,36.1867,35.7752,OPTIMAL,109.5893,108.0,OPTIMAL
139,0.9087,0.9,OPTIMAL,2.1364,2.2,OPTIMAL,4.5176,4.5,OPTIMAL,205.8457,205.8,EXCESSIVE,11.0796,8.4616,OPTIMAL,129.7604,133.2,OPTIMAL
140,0.9596,1.0,OPTIMAL,4.0637,4.3,OPTIMAL,6.9444,7.3,OPTIMAL,280.5248,288.2,EXCESSIVE,14.8118,15.3282,OPTIMAL,96.7915,99.6,OPTIMAL
141,0.7826,0.8,OPTIMAL,2.427,2.4,OPTIMAL,6.1648,5.8,OPTIMAL,232.0828,221.6,EXCESSIVE,14.0684,13.3344,OPTIMAL,63.1629,55.9,OPTIMAL
142,0.8026,0.8,OPTIMAL,2.6711,2.6,OPTIMAL,3.7377,3.7,OPTIMAL,199.3359,193.4,OPTIMAL,26.6116,23.8465,OPTIMAL,111.0087,112.7,OPTIMAL
143,0.6876,0.7,OPTIMAL,2.4078,2.3,OPTIMAL,3.4951,3.4,OPTIMAL,227.0076,238.0,EXCESSIVE,82.6934,94.1735,EXCESSIVE,142.5018,155.4,OPTIMAL
144,0.6194,0.6,OPTIMAL,2.6519,2.7,OPTIMAL,2.5934,2.7,OPTIMAL,198.3364,198.2,OPTIMAL,26.7858,27.9149,OPTIMAL,91.706,93.4,OPTIMAL
145,0.8344,0.8,OPTIMAL,2.6881,2.7,OPTIMAL,5.1388,5.1,OPTIMAL,270.714,285.6,EXCESSIVE,29.7082,31.6537,OPTIMAL,91.8365,87.3,OPTIMAL
146,0.8258,0.8,OPTIMAL,2.4917,2.5,OPTIMAL,3.8918,4.1,OPTIMAL,197.1643,212.3,OPTIMAL,10.9259,10.3817,OPTIMAL,65.6037,63.4,OPTIMAL
147,1.0702,1.1,OPTIMAL,3.0564,3.1,OPTIMAL,2.4866,2.2,OPTIMAL,199.0244,198.7,OPTIMAL,21.6967,20.52,OPTIMAL,86.0067,85.8,OPTIMAL
148,0.9363,1.0,OPTIMAL,2.5998,2.6,OPTIMAL,3.4219,3.6,OPTIMAL,191.885,186.9,OPTIMAL,30.7253,31.0182,OPTIMAL,84.6398,85.7,OPTIMAL
149,0.9321,0.9,OPTIMAL,4.1774,4.3,OPTIMAL,13.771,14.3,EXCESSIVE,269.0107,276.7,EXCESSIVE,21.8163,21.0379,OPTIMAL,100.4539,102.9,OPTIMAL
150,0.5348,0.5,OPTIMAL,2.2743,2.3,OPTIMAL,6.716,6.6,OPTIMAL,236.3687,228.0,EXCESSIVE,11.3575,9.7452,OPTIMAL,72.1387,73.6,OPTIMAL
151,0.5031,0.4,OPTIMAL,2.3758,2.3,OPTIMAL,3.5317,3.1,OPTIMAL,230.6443,226.4,EXCESSIVE,23.8703,22.4296,OPTIMAL,89.0425,90.3,OPTIMAL
152,0.8679,0.8,OPTIMAL,2.9712,3.0,OPTIMAL,4.5438,4.5,OPTIMAL,256.6143,257.1,EXCESSIVE,26.6144,27.8289,OPTIMAL,82.4659,76.5,OPTIMAL
153,0.8036,0.8,OPTIMAL,2.6634,2.7,OPTIMAL,2.3649,2.3,OPTIMAL,215.9358,217.7,EXCESSIVE,31.9186,33.8599,OPTIMAL,81.3134,80.8,OPTIMAL
154,0.7915,0.8,OPTIMAL,2.071,2.1,OPTIMAL,4.7047,5.1,OPTIMAL,179.1255,184.7,OPTIMAL,13.1682,12.7775,OPTIMAL,97.9005,97.4,OPTIMAL
155,1.094,1.1,OPTIMAL,2.7579,2.8,OPTIMAL,5.5925,5.7,OPTIMAL,231.1971,234.1,EXCESSIVE,23.5877,21.4424,OPTIMAL,74.6078,70.6,OPTIMAL
156,0.7429,0.7,OPTIMAL,2.1936,2.0,OPTIMAL,7.7388,8.1,OPTIMAL,303.671,320.9,EXCESSIVE,24.5021,27.1668,OPTIMAL,78.7846,82.2,OPTIMAL
157,1.1639,1.2,OPTIMAL,2.493,2.5,OPTIMAL,4.8926,4.9,OPTIMAL,165.0864,163.0,OPTIMAL,21.1107,17.0748,OPTIMAL,92.0024,94.6,OPTIMAL
158,0.705,0.7,OPTIMAL,1.9924,1.9,OPTIMAL,2.0439,2.1,OPTIMAL,175.8381,172.2,OPTIMAL,18.8708,17.5057,OPTIMAL,68.6109,69.0,OPTIMAL
159,1.2059,1.2,OPTIMAL,2.6047,2.6,OPTIMAL,4.3618,4.3,OPTIMAL,188.901,186.2,OPTIMAL,20.9204,18.7812,OPTIMAL,101.9828,100.3,OPTIMAL
160,0.7169,0.7,OPTIMAL,1.9278,1.9,OPTIMAL,3.7972,3.3,OPTIMAL,183.6805,179.2,OPTIMAL,13.2443,14.4039,OPTIMAL,97.0982,96.0,OPTIMAL
161,1.1264,1.1,OPTIMAL,2.5602,2.6,OPTIMAL,5.1597,4.9,OPTIMAL,171.5359,176.9,OPTIMAL,25.0587,27.8817,OPTIMAL,86.5143,84.6,OPTIMAL
162,0.8999,0.9,OPTIMAL,2.5829,2.7,OPTIMAL,5.508,5.7,OPTIMAL,268.4269,279.1,EXCESSIVE,12.628,13.1355,OPTIMAL,127.0462,129.3,OPTIMAL
163,0.9361,0.9,OPTIMAL,2.4442,2.4,OPTIMAL,3.7257,3.9,OPTIMAL,170.9351,181.7,OPTIMAL,11.0609,10.55,OPTIMAL,62.8445,58.2,OPTIMAL
164,1.0051,1.0,OPTIMAL,2.6235,2.6,OPTIMAL,5.2105,5.3,OPTIMAL,191.1519,185.2,OPTIMAL,24.2606,22.932,OPTIMAL,82.6651,83.9,OPTIMAL
165,0.7882,0.8,OPTIMAL,2.579,2.6,OPTIMAL,2.9396,2.7,OPTIMAL,182.8812,180.5,OPTIMAL,34.1739,31.7291,OPTIMAL,112.7189,113.7,OPTIMAL
166,0.7157,0.7,OPTIMAL,2.1459,2.1,OPTIMAL,1.9032,1.8,OPTIMAL,209.1377,208.2,EXCESSIVE,26.9495,25.6732,OPTIMAL,64.8789,63.0,OPTIMAL
167,1.2804,1.3,OPTIMAL,3.5242,3.6,OPTIMAL,8.2993,8.5,EXCESSIVE,280.761,277.3,EXCESSIVE,34.0612,34.9653,OPTIMAL,95.2161,95.4,OPTIMAL
168,1.1818,1.2,OPTIMAL,2.7669,2.7,OPTIMAL,4.5154,4.3,OPTIMAL,188.4374,177.1,OPTIMAL,26.7804,25.7446,OPTIMAL,89.3527,85.7,OPTIMAL
169,0.9279,0.9,OPTIMAL,2.6216,2.7,OPTIMAL,4.0312,4.1,OPTIMAL,164.6137,171.2,OPTIMAL,11.2421,8.9814,OPTIMAL,68.715,67.4,OPTIMAL
170,0.5312,0.5,OPTIMAL,1.8447,1.7,OPTIMAL,2.0405,1.7,OPTIMAL,176.2505,177.9,OPTIMAL,25.4428,26.6333,OPTIMAL,73.9752,73.4,OPTIMAL
171,1.0968,1.1,OPTIMAL,2.5799,2.6,OPTIMAL,4.9717,4.8,OPTIMAL,173.8269,179.0,OPTIMAL,25.317,27.0746,OPTIMAL,86.0527,86.5,OPTIMAL
172,0.6997,0.7,OPTIMAL,2.632,2.6,OPTIMAL,3.2789,3.1,OPTIMAL,185.9655,189.5,OPTIMAL,30.7475,31.4117,OPTIMAL,90.0397,86.4,OPTIMAL
173,1.0844,1.1,OPTIMAL,2.599,2.7,OPTIMAL,4.9215,5.0,OPTIMAL,322.3519,347.6,EXCESSIVE,33.2864,36.0897,OPTIMAL,56.5024,52.7,OPTIMAL
174,1.0679,1.1,OPTIMAL,2.4861,2.4,OPTIMAL,3.8236,3.5,OPTIMAL,131.3565,119.4,OPTIMAL,11.8239,13.2276,OPTIMAL,71.6092,74.2,OPTIMAL
175,0.8089,0.8,OPTIMAL,2.3218,2.3,OPTIMAL,5.8182,5.5,OPTIMAL,235.0929,229.4,EXCESSIVE,13.199,14.0365,OPTIMAL,77.7421,79.3,OPTIMAL
176,0.9197,0.9,OPTIMAL,1.8549,1.8,OPTIMAL,3.8852,3.6,OPTIMAL,180.2511,182.5,OPTIMAL,11.4426,11.5503,OPTIMAL,102.7013,100.9,OPTIMAL
177,1.1671,1.2,OPTIMAL,2.4098,2.4,OPTIMAL,7.3552,7.7,OPTIMAL,159.8588,154.7,OPTIMAL,24.4663,28.2911,OPTIMAL,89.2426,91.3,OPTIMAL
178,0.5965,0.6,OPTIMAL,2.131,2.1,OPTIMAL,2.8946,2.8,OPTIMAL,199.696,193.3,OPTIMAL,24.4194,24.6173,OPTIMAL,77.4529,77.0,OPTIMAL
179,1.1706,1.2,OPTIMAL,2.6122,2.7,OPTIMAL,3.8697,3.7,OPTIMAL,122.3139,118.0,OPTIMAL,11.7186,14.0168,OPTIMAL,71.0985,75.0,OPTIMAL
180,0.6158,0.6,OPTIMAL,2.0626,2.0,OPTIMAL,2.014,1.8,OPTIMAL,160.795,152.1,OPTIMAL,27.8956,27.7158,OPTIMAL,71.1271,69.0,OPTIMAL
181,1.2007,1.2,OPTIMAL,2.5258,2.6,OPTIMAL,4.2685,4.0,OPTIMAL,152.3325,155.5,OPTIMAL,19.0683,16.0906,OPTIMAL,92.6372,91.9,OPTIMAL
182,0.8981,0.9,OPTIMAL,3.078,3.1,OPTIMAL,5.7353,5.4,OPTIMAL,199.4164,196.8,OPTIMAL,29.1167,15.0399,OPTIMAL,82.9242,76.1,OPTIMAL
183,0.7071,0.7,OPTIMAL,2.546,2.5,OPTIMAL,3.8083,3.9,OPTIMAL,197.433,201.1,OPTIMAL,39.6144,41.5575,OPTIMAL,117.5006,122.6,OPTIMAL
184,0.8147,0.8,OPTIMAL,2.4788,2.5,OPTIMAL,6.2433,6.1,OPTIMAL,247.4193,248.6,EXCESSIVE,12.5322,13.8832,OPTIMAL,64.5292,61.4,OPTIMAL
185,0.4651,0.4,DEFICIENT,2.7349,2.7,OPTIMAL,5.9302,5.6,OPTIMAL,266.9598,260.7,EXCESSIVE,20.3008,22.7491,OPTIMAL,71.5959,72.9,OPTIMAL
186,1.1609,1.2,OPTIMAL,2.2679,2.2,OPTIMAL,3.8753,3.7,OPTIMAL,141.6829,132.2,OPTIMAL,11.0629,9.37,OPTIMAL,67.6275,67.9,OPTIMAL
187,0.8946,1.0,OPTIMAL,2.6618,2.7,OPTIMAL,3.7319,3.8,OPTIMAL,185.2114,179.9,OPTIMAL,34.2225,30.6863,OPTIMAL,107.859,106.9,OPTIMAL
188,0.6839,0.7,OPTIMAL,2.9471,3.0,OPTIMAL,4.0779,4.1,OPTIMAL,215.3912,219.6,EXCESSIVE,55.905,57.0305,EXCESSIVE,85.4049,83.8,OPTIMAL
189,0.7256,0.7,OPTIMAL,2.1559,2.1,OPTIMAL,2.3868,2.1,OPTIMAL,223.4133,223.9,EXCESSIVE,30.7086,30.9495,OPTIMAL,79.0184,79.2,OPTIMAL
190,0.4867,0.4,DEFICIENT,2.6245,2.6,OPTIMAL,3.6539,4.2,OPTIMAL,214.526,231.0,EXCESSIVE,41.9415,46.5177,OPTIMAL,95.1515,89.8,OPTIMAL
191,0.771,0.8,OPTIMAL,2.1941,2.3,OPTIMAL,5.4105,6.0,OPTIMAL,196.4357,202.1,OPTIMAL,12.4216,15.8492,OPTIMAL,127.5711,130.6,OPTIMAL
192,1.1718,1.2,OPTIMAL,2.487,2.6,OPTIMAL,5.5802,5.9,OPTIMAL,153.492,147.3,OPTIMAL,26.3357,32.0156,OPTIMAL,102.0051,104.2,OPTIMAL
193,0.7318,0.7,OPTIMAL,2.0702,2.0,OPTIMAL,4.8463,4.9,OPTIMAL,180.1267,171.7,OPTIMAL,11.1195,9.357,OPTIMAL,94.0429,93.2,OPTIMAL
194,0.8516,0.9,OPTIMAL,3.2045,3.4,OPTIMAL,4.5771,4.9,OPTIMAL,207.6977,213.8,EXCESSIVE,42.0187,42.511,OPTIMAL,106.1561,108.4,OPTIMAL
195,1.1152,1.1,OPTIMAL,2.3565,2.3,OPTIMAL,6.3527,6.7,OPTIMAL,171.2376,172.5,OPTIMAL,21.107,17.0043,OPTIMAL,89.9347,92.7,OPTIMAL
196,1.073,1.1,OPTIMAL,2.7135,2.7,OPTIMAL,6.3429,6.6,OPTIMAL,221.6468,221.6,EXCESSIVE,42.9449,44.6753,OPTIMAL,89.7973,90.8,OPTIMAL
197,1.0802,1.1,OPTIMAL,3.5189,3.5,OPTIMAL,6.3394,6.5,OPTIMAL,363.7964,367.6,EXCESSIVE,39.1095,40.3313,OPTIMAL,96.1155,99.2,OPTIMAL
198,0.8014,0.8,OPTIMAL,2.4262,2.4,OPTIMAL,6.4049,6.4,OPTIMAL,236.5874,230.1,EXCESSIVE,12.9326,12.7094,OPTIMAL,72.5425,72.3,OPTIMAL
199,0.8845,0.9,OPTIMAL,2.9673,3.1,OPTIMAL,6.4986,6.9,OPTIMAL,236.5443,248.4,EXCESSIVE,61.3945,67.6831,EXCESSIVE,77.3978,71.8,OPTIMAL
200,1.0777,1.1,OPTIMAL,2.4983,2.5,OPTIMAL,6.1061,6.1,OPTIMAL,211.5955,209.8,EXCESSIVE,34.1105,34.3195,OPTIMAL,76.9621,75.8,OPTIMAL
201,1.1825,1.2,OPTIMAL,2.6397,2.5,OPTIMAL,5.0592,4.8,OPTIMAL,165.4742,157.6,OPTIMAL,24.4346,24.2369,OPTIMAL,84.752,80.2,OPTIMAL
202,0.5456,0.5,OPTIMAL,2.2337,2.2,OPTIMAL,6.5113,6.4,OPTIMAL,226.7209,221.9,EXCESSIVE,11.9519,10.2334,OPTIMAL,70.397,70.0,OPTIMAL
203,0.9612,1.0,OPTIMAL,2.525,2.5,OPTIMAL,5.663,5.9,OPTIMAL,210.1555,199.4,EXCESSIVE,30.2782,29.7672,OPTIMAL,61.8909,59.2,OPTIMAL
204,0.9583,0.9,OPTIMAL,2.3809,2.3,OPTIMAL,5.611,5.5,OPTIMAL,196.3257,189.7,OPTIMAL,29.866,31.1149,OPTIMAL,63.3455,59.5,OPTIMAL
205,1.1961,1.2,OPTIMAL,2.6846,2.7,OPTIMAL,4.9622,5.0,OPTIMAL,175.2299,169.4,OPTIMAL,23.2892,23.5048,OPTIMAL,104.8991,103.0,OPTIMAL
206,0.6347,0.6,OPTIMAL,3.3428,3.4,OPTIMAL,5.366,5.5,OPTIMAL,245.9511,252.3,EXCESSIVE,65.7089,67.0949,EXCESSIVE,83.189,79.4,OPTIMAL
207,0.9704,1.0,OPTIMAL,3.9719,4.2,OPTIMAL,7.2058,7.6,OPTIMAL,243.0749,234.9,EXCESSIVE,30.9377,28.5197,OPTIMAL,70.7395,69.6,OPTIMAL
208,0.8945,0.9,OPTIMAL,2.4181,2.4,OPTIMAL,5.4018,5.6,OPTIMAL,191.7496,182.1,OPTIMAL,37.5102,40.0075,OPTIMAL,90.8948,96.2,OPTIMAL
209,0.4411,0.4,DEFICIENT,2.5228,2.5,OPTIMAL,2.5017,2.0,OPTIMAL,183.5902,178.2,OPTIMAL,27.8332,23.2281,OPTIMAL,99.751,97.1,OPTIMAL
210,0.7274,0.7,OPTIMAL,2.6696,2.6,OPTIMAL,7.0051,7.1,OPTIMAL,305.5477,290.1,EXCESSIVE,18.4372,20.5485,OPTIMAL,84.1708,87.7,OPTIMAL
211,0.7788,0.8,OPTIMAL,2.0415,2.0,OPTIMAL,7.5533,7.7,OPTIMAL,261.9396,268.8,EXCESSIVE,11.2398,10.9367,OPTIMAL,74.3024,74.2,OPTIMAL
212,1.0777,1.1,OPTIMAL,2.2774,2.3,OPTIMAL,5.0191,5.0,OPTIMAL,140.7611,135.9,OPTIMAL,25.3776,26.5448,OPTIMAL,83.4689,83.1,OPTIMAL
213,0.7484,0.8,OPTIMAL,2.7018,2.8,OPTIMAL,3.1051,3.4,OPTIMAL,264.6655,282.2,EXCESSIVE,27.0842,29.268,OPTIMAL,118.2104,125.2,OPTIMAL
214,1.0144,1.1,OPTIMAL,3.2965,3.4,OPTIMAL,4.4913,4.6,OPTIMAL,224.0632,238.0,EXCESSIVE,35.4344,35.9781,OPTIMAL,119.9766,126.3,OPTIMAL
215,0.6731,0.7,OPTIMAL,2.9666,3.1,OPTIMAL,3.6771,3.6,OPTIMAL,244.9287,249.8,EXCESSIVE,31.2207,30.4833,OPTIMAL,117.7186,118.4,OPTIMAL
216,1.1568,1.2,OPTIMAL,3.9639,4.2,OPTIMAL,6.4948,6.7,OPTIMAL,204.5847,205.0,EXCESSIVE,28.4039,27.1787,OPTIMAL,151.4617,163.4,EXCESSIVE
217,1.1008,1.1,OPTIMAL,2.3604,2.3,OPTIMAL,5.4244,5.6,OPTIMAL,169.9789,165.3,OPTIMAL,32.5142,36.0938,OPTIMAL,88.4036,87.3,OPTIMAL
218,0.8937,0.9,OPTIMAL,2.0452,1.9,OPTIMAL,3.9911,3.8,OPTIMAL,187.9429,177.1,OPTIMAL,10.0159,9.5335,OPTIMAL,98.1107,94.7,OPTIMAL
219,1.1676,1.2,OPTIMAL,2.5311,2.6,OPTIMAL,6.2204,6.4,OPTIMAL,177.7946,182.6,OPTIMAL,20.6366,17.8132,OPTIMAL,87.6597,89.8,OPTIMAL
220,0.4377,0.4,DEFICIENT,2.0657,1.9,OPTIMAL,2.7741,2.4,OPTIMAL,195.6704,183.1,OPTIMAL,24.0636,20.1417,OPTIMAL,89.2849,81.6,OPTIMAL
221,0.9984,1.0,OPTIMAL,2.573,2.6,OPTIMAL,3.7854,3.9,OPTIMAL,159.2458,160.4,OPTIMAL,11.0774,13.2436,OPTIMAL,63.6247,60.7,OPTIMAL
222,0.8751,0.9,OPTIMAL,3.713,3.8,OPTIMAL,6.585,6.8,OPTIMAL,188.9782,185.5,OPTIMAL,19.6294,17.0648,OPTIMAL,69.4507,68.8,OPTIMAL
223,1.1678,1.2,OPTIMAL,2.5767,2.6,OPTIMAL,3.8797,3.7,OPTIMAL,125.2824,114.1,OPTIMAL,11.7535,11.7688,OPTIMAL,71.3755,75.4,OPTIMAL
224,0.5951,0.6,OPTIMAL,2.8433,2.8,OPTIMAL,10.2569,10.4,EXCESSIVE,373.6349,377.7,EXCESSIVE,14.3136,12.9529,OPTIMAL,58.3302,59.6,OPTIMAL
225,0.8628,0.9,OPTIMAL,2.542,2.6,OPTIMAL,3.6028,3.9,OPTIMAL,196.4242,199.9,OPTIMAL,24.4538,21.2796,OPTIMAL,85.6131,90.8,OPTIMAL
226,1.153,1.2,OPTIMAL,3.0836,3.1,OPTIMAL,9.23,9.7,EXCESSIVE,234.1476,240.5,EXCESSIVE,28.9791,25.663,OPTIMAL,108.8168,113.1,OPTIMAL
227,1.1602,1.2,OPTIMAL,2.5218,2.5,OPTIMAL,6.6005,6.8,OPTIMAL,157.7156,162.4,OPTIMAL,22.0754,20.5146,OPTIMAL,97.0461,99.9,OPTIMAL
228,1.0999,1.1,OPTIMAL,2.3651,2.3,OPTIMAL,3.3488,2.9,OPTIMAL,195.5714,200.5,OPTIMAL,23.8105,24.9788,OPTIMAL,90.0691,86.5,OPTIMAL
229,0.7991,0.8,OPTIMAL,2.6451,2.7,OPTIMAL,3.5641,3.7,OPTIMAL,200.9664,196.6,EXCESSIVE,23.2317,21.5126,OPTIMAL,89.3706,91.8,OPTIMAL
230,0.7678,0.8,OPTIMAL,2.3796,2.4,OPTIMAL,3.7883,3.9,OPTIMAL,226.0653,231.5,EXCESSIVE,24.4867,23.3374,OPTIMAL,81.2464,78.6,OPTIMAL
231,1.1673,1.2,OPTIMAL,2.2421,2.1,OPTIMAL,3.8047,3.4,OPTIMAL,160.9159,159.1,OPTIMAL,21.0358,19.2423,OPTIMAL,107.4205,115.9,OPTIMAL
232,0.6933,0.7,OPTIMAL,2.7032,2.7,OPTIMAL,3.1435,2.7,OPTIMAL,252.5488,259.8,EXCESSIVE,24.9248,21.7877,OPTIMAL,102.1707,105.2,OPTIMAL
233,0.6215,0.6,OPTIMAL,2.282,2.3,OPTIMAL,6.2005,6.0,OPTIMAL,231.8875,231.1,EXCESSIVE,10.8145,8.0132,OPTIMAL,65.2467,61.8,OPTIMAL
234,0.8528,0.8,OPTIMAL,2.5854,2.6,OPTIMAL,4.4591,5.1,OPTIMAL,232.2655,242.2,EXCESSIVE,11.6404,10.5918,OPTIMAL,66.6501,68.0,OPTIMAL
235,0.856,0.9,OPTIMAL,3.3062,3.4,OPTIMAL,9.9379,10.7,EXCESSIVE,281.7579,284.0,EXCESSIVE,22.6764,23.1529,OPTIMAL,62.4522,61.5,OPTIMAL
236,0.6107,0.6,OPTIMAL,2.155,2.1,OPTIMAL,6.3306,6.0,OPTIMAL,242.7433,240.5,EXCESSIVE,11.3086,11.3426,OPTIMAL,68.0012,65.3,OPTIMAL
237,1.0031,1.0,OPTIMAL,2.5634,2.6,OPTIMAL,3.8535,3.9,OPTIMAL,179.1047,183.6,OPTIMAL,10.8036,10.5422,OPTIMAL,65.1736,65.0,OPTIMAL
238,0.7258,0.7,OPTIMAL,1.9237,1.8,OPTIMAL,5.1683,4.7,OPTIMAL,240.5844,243.7,EXCESSIVE,11.8925,10.2946,OPTIMAL,72.4844,72.0,OPTIMAL
239,1.1877,1.2,OPTIMAL,2.6503,2.7,OPTIMAL,5.3939,5.5,OPTIMAL,172.7755,175.7,OPTIMAL,24.4484,25.6737,OPTIMAL,93.3019,96.2,OPTIMAL
240,0.5209,0.5,OPTIMAL,2.4077,2.3,OPTIMAL,5.9232,5.8,OPTIMAL,410.9683,417.1,EXCESSIVE,15.4976,13.1058,OPTIMAL,59.4265,51.0,OPTIMAL
241,0.8182,0.8,OPTIMAL,2.4221,2.4,OPTIMAL,4.4354,4.5,OPTIMAL,185.4491,180.1,OPTIMAL,21.7063,19.5998,OPTIMAL,62.9265,59.8,OPTIMAL
242,0.4612,0.4,DEFICIENT,2.2326,2.2,OPTIMAL,3.121,2.8,OPTIMAL,207.933,212.5,EXCESSIVE,18.0389,15.5509,OPTIMAL,86.8252,83.6,OPTIMAL
243,1.1921,1.2,OPTIMAL,2.6556,2.7,OPTIMAL,8.8363,8.9,EXCESSIVE,162.4342,153.6,OPTIMAL,19.667,18.6813,OPTIMAL,80.6987,76.2,OPTIMAL
244,1.1052,1.1,OPTIMAL,2.4345,2.4,OPTIMAL,6.9544,7.6,OPTIMAL,153.7368,148.6,OPTIMAL,24.6923,25.7289,OPTIMAL,98.6534,101.6,OPTIMAL
245,0.8472,0.9,OPTIMAL,3.5112,3.6,OPTIMAL,10.3718,10.9,EXCESSIVE,417.1591,419.3,EXCESSIVE,25.259,27.3474,OPTIMAL,69.2653,69.2,OPTIMAL
246,0.5639,0.5,OPTIMAL,2.2552,2.2,OPTIMAL,2.8175,2.5,OPTIMAL,203.5099,195.1,EXCESSIVE,78.4615,83.5197,EXCESSIVE,153.495,163.4,EXCESSIVE
247,1.0925,1.1,OPTIMAL,2.5265,2.7,OPTIMAL,5.3768,5.6,OPTIMAL,154.208,138.2,OPTIMAL,27.5415,29.8,OPTIMAL,91.4156,92.4,OPTIMAL
248,1.173,1.2,OPTIMAL,2.7008,2.7,OPTIMAL,4.9123,5.0,OPTIMAL,188.8917,201.0,OPTIMAL,24.7387,26.7055,OPTIMAL,87.5303,88.8,OPTIMAL
249,0.8132,0.8,OPTIMAL,2.1343,2.1,OPTIMAL,4.2031,4.0,OPTIMAL,202.6774,195.7,EXCESSIVE,47.415,48.2592,OPTIMAL,60.3906,56.9,OPTIMAL
250,0.729,0.7,OPTIMAL,2.1127,2.0,OPTIMAL,6.9098,7.6,OPTIMAL,277.2939,293.4,EXCESSIVE,15.3888,19.226,OPTIMAL,77.6756,80.7,OPTIMAL
251,0.6722,0.6,OPTIMAL,2.6474,2.7,OPTIMAL,3.4432,3.5,OPTIMAL,175.6103,168.1,OPTIMAL,29.3288,24.5791,OPTIMAL,99.023,94.1,OPTIMAL
252,0.5454,0.5,OPTIMAL,2.0445,2.0,OPTIMAL,6.4623,6.3,OPTIMAL,307.2632,300.0,EXCESSIVE,10.6639,6.7134,OPTIMAL,49.7935,52.5,DEFICIENT
253,1.1481,1.2,OPTIMAL,2.5544,2.6,OPTIMAL,8.1236,8.4,EXCESSIVE,222.2461,220.7,EXCESSIVE,32.5789,35.1707,OPTIMAL,91.3772,90.5,OPTIMAL
254,0.6984,0.7,OPTIMAL,2.6205,2.6,OPTIMAL,3.4462,3.6,OPTIMAL,200.7007,199.6,EXCESSIVE,40.0199,43.4975,OPTIMAL,90.2594,85.2,OPTIMAL
255,0.6955,0.7,OPTIMAL,2.4487,2.4,OPTIMAL,3.0404,2.6,OPTIMAL,199.043,197.8,OPTIMAL,31.6371,30.9529,OPTIMAL,92.3869,92.3,OPTIMAL
256,1.2809,1.3,OPTIMAL,2.8399,2.9,OPTIMAL,4.3679,4.2,OPTIMAL,228.6829,223.7,EXCESSIVE,23.8035,22.8965,OPTIMAL,112.2902,112.2,OPTIMAL
257,1.1952,1.2,OPTIMAL,2.2168,2.1,OPTIMAL,3.8786,3.3,OPTIMAL,148.0802,142.9,OPTIMAL,23.3831,25.0221,OPTIMAL,78.0654,73.3,OPTIMAL
258,0.7028,0.7,OPTIMAL,2.5187,2.4,OPTIMAL,3.5563,3.8,OPTIMAL,236.4814,229.5,EXCESSIVE,25.5716,21.7758,OPTIMAL,112.896,123.4,OPTIMAL
259,1.017,1.0,OPTIMAL,2.1967,2.1,OPTIMAL,3.8646,3.6,OPTIMAL,166.4245,166.8,OPTIMAL,21.7141,20.6617,OPTIMAL,90.9515,89.8,OPTIMAL
260,0.7878,0.8,OPTIMAL,2.6831,2.7,OPTIMAL,3.7242,3.7,OPTIMAL,230.5672,231.4,EXCESSIVE,38.8094,40.4969,OPTIMAL,122.1451,123.3,OPTIMAL
261,1.1025,1.1,OPTIMAL,2.5912,2.7,OPTIMAL,5.7821,6.4,OPTIMAL,154.9232,141.0,OPTIMAL,24.5132,23.5121,OPTIMAL,98.5728,96.6,OPTIMAL
262,0.6078,0.6,OPTIMAL,2.2549,2.2,OPTIMAL,2.5647,2.4,OPTIMAL,187.9097,177.7,OPTIMAL,50.548,54.6058,EXCESSIVE,83.746,81.5,OPTIMAL
263,1.2133,1.2,OPTIMAL,2.5492,2.5,OPTIMAL,7.3549,7.6,OPTIMAL,238.0603,237.1,EXCESSIVE,41.9113,45.1875,OPTIMAL,105.7635,111.9,OPTIMAL
264,0.6152,0.6,OPTIMAL,3.1974,3.3,OPTIMAL,7.0568,7.1,OPTIMAL,279.4888,275.0,EXCESSIVE,28.6228,31.5269,OPTIMAL,83.7484,89.6,OPTIMAL
265,0.8619,0.8,OPTIMAL,2.3765,2.3,OPTIMAL,3.9559,4.0,OPTIMAL,185.1332,193.8,OPTIMAL,11.7168,13.525,OPTIMAL,66.6985,66.5,OPTIMAL
266,0.8085,0.8,OPTIMAL,2.6741,2.7,OPTIMAL,4.0512,4.2,OPTIMAL,206.0679,200.5,EXCESSIVE,39.9314,40.5659,OPTIMAL,111.951,112.1,OPTIMAL
267,0.7196,0.7,OPTIMAL,2.3483,2.4,OPTIMAL,5.8444,5.4,OPTIMAL,291.5016,302.0,EXCESSIVE,15.5194,18.0634,OPTIMAL,66.2415,63.5,OPTIMAL
268,0.934,0.9,OPTIMAL,2.3485,2.4,OPTIMAL,5.9302,6.2,OPTIMAL,141.7652,139.7,OPTIMAL,24.5148,24.1344,OPTIMAL,87.9386,87.8,OPTIMAL
269,1.1537,1.1,OPTIMAL,2.1606,2.1,OPTIMAL,4.5849,4.5,OPTIMAL,152.7351,145.4,OPTIMAL,17.9089,13.2551,OPTIMAL,95.805,94.1,OPTIMAL
270,0.756,0.7,OPTIMAL,3.4102,3.3,OPTIMAL,6.2854,5.8,OPTIMAL,196.5879,191.4,OPTIMAL,20.1537,19.9309,OPTIMAL,99.8673,78.7,OPTIMAL
271,0.7857,0.8,OPTIMAL,2.8309,2.9,OPTIMAL,3.5166,3.5,OPTIMAL,192.4418,197.1,OPTIMAL,33.3118,31.7519,OPTIMAL,101.6852,102.0,OPTIMAL
272,0.6845,0.7,OPTIMAL,2.1953,2.2,OPTIMAL,2.116,2.0,OPTIMAL,160.8131,149.6,OPTIMAL,17.0184,14.2312,OPTIMAL,70.088,70.5,OPTIMAL
273,1.0864,1.1,OPTIMAL,2.2327,2.2,OPTIMAL,7.7308,8.4,OPTIMAL,147.0933,146.1,OPTIMAL,22.859,24.165,OPTIMAL,84.338,82.9,OPTIMAL
274,0.7792,0.8,OPTIMAL,3.1082,3.1,OPTIMAL,6.9395,7.2,OPTIMAL,248.3404,249.6,EXCESSIVE,43.5664,42.7969,OPTIMAL,101.1845,102.7,OPTIMAL
275,1.007,1.0,OPTIMAL,2.9034,2.9,OPTIMAL,7.0639,7.0,OPTIMAL,240.6538,241.7,EXCESSIVE,42.0056,41.5769,OPTIMAL,95.4744,94.5,OPTIMAL
276,0.8087,0.8,OPTIMAL,1.9709,1.9,OPTIMAL,4.1392,4.1,OPTIMAL,206.8722,205.6,EXCESSIVE,12.9499,12.6068,OPTIMAL,125.4114,127.5,OPTIMAL
277,0.9685,0.9,OPTIMAL,2.5889,2.5,OPTIMAL,5.4302,4.9,OPTIMAL,184.9575,179.2,OPTIMAL,27.9705,28.4274,OPTIMAL,107.257,105.7,OPTIMAL
278,0.4872,0.5,DEFICIENT,3.5595,3.7,OPTIMAL,9.7575,10.4,EXCESSIVE,191.0807,188.2,OPTIMAL,25.188,23.2617,OPTIMAL,90.6281,90.5,OPTIMAL
279,0.8062,0.8,OPTIMAL,2.3376,2.3,OPTIMAL,6.5229,6.6,OPTIMAL,251.7222,250.2,EXCESSIVE,13.2739,12.8141,OPTIMAL,82.7673,87.2,OPTIMAL
280,0.5378,0.5,OPTIMAL,2.5966,2.6,OPTIMAL,3.1219,3.3,OPTIMAL,218.0642,226.0,EXCESSIVE,26.8715,24.1114,OPTIMAL,77.9296,79.2,OPTIMAL
281,1.0839,1.1,OPTIMAL,2.4914,2.5,OPTIMAL,3.7584,3.5,OPTIMAL,123.3936,111.5,OPTIMAL,12.5669,13.005,OPTIMAL,69.8343,73.2,OPTIMAL
282,0.6218,0.6,OPTIMAL,1.9578,1.9,OPTIMAL,3.614,3.3,OPTIMAL,192.154,189.3,OPTIMAL,17.3055,19.8586,OPTIMAL,94.8312,91.5,OPTIMAL
283,0.9635,1.0,OPTIMAL,3.7141,3.9,OPTIMAL,3.9184,4.0,OPTIMAL,193.4507,195.9,OPTIMAL,23.2117,21.015,OPTIMAL,92.11,92.6,OPTIMAL
284,1.2108,1.2,OPTIMAL,2.3565,2.3,OPTIMAL,5.6279,5.7,OPTIMAL,149.2152,134.1,OPTIMAL,17.3907,13.4211,OPTIMAL,106.2802,111.7,OPTIMAL
285,0.7906,0.8,OPTIMAL,3.3511,3.4,OPTIMAL,7.8407,8.1,OPTIMAL,183.9149,178.1,OPTIMAL,26.7299,26.5947,OPTIMAL,102.8269,106.7,OPTIMAL
286,0.9296,0.9,OPTIMAL,2.6218,2.7,OPTIMAL,4.2053,4.4,OPTIMAL,210.5831,227.1,EXCESSIVE,11.3324,11.229,OPTIMAL,67.9032,72.5,OPTIMAL
287,1.141,1.1,OPTIMAL,2.5658,2.6,OPTIMAL,7.0145,7.0,OPTIMAL,164.042,159.6,OPTIMAL,20.8007,21.9581,OPTIMAL,74.1672,71.8,OPTIMAL
288,1.1291,1.2,OPTIMAL,2.2762,2.3,OPTIMAL,5.1803,4.9,OPTIMAL,140.1556,138.5,OPTIMAL,22.5783,23.6913,OPTIMAL,86.1702,84.7,OPTIMAL
289,0.7288,0.7,OPTIMAL,3.1096,3.1,OPTIMAL,4.1974,4.2,OPTIMAL,213.2295,205.2,EXCESSIVE,36.7076,35.512,OPTIMAL,116.5507,111.4,OPTIMAL
290,0.8042,0.8,OPTIMAL,3.4982,3.7,OPTIMAL,2.1912,2.1,OPTIMAL,226.7553,232.9,EXCESSIVE,29.0228,28.8177,OPTIMAL,87.4007,94.2,OPTIMAL
291,0.9957,1.0,OPTIMAL,2.9791,3.0,OPTIMAL,5.6461,5.6,OPTIMAL,210.5602,206.4,EXCESSIVE,25.5226,24.4881,OPTIMAL,104.4497,104.7,OPTIMAL
292,0.9079,0.9,OPTIMAL,2.8437,2.8,OPTIMAL,6.0176,6.0,OPTIMAL,234.3009,233.5,EXCESSIVE,44.8111,49.5881,OPTIMAL,76.4407,73.7,OPTIMAL
293,0.9492,0.9,OPTIMAL,2.317,2.2,OPTIMAL,4.5372,4.3,OPTIMAL,159.604,152.1,OPTIMAL,25.089,24.4525,OPTIMAL,85.62,83.8,OPTIMAL
294,0.7804,0.8,OPTIMAL,2.3991,2.5,OPTIMAL,7.1537,7.1,OPTIMAL,275.2296,280.3,EXCESSIVE,15.1443,13.6249,OPTIMAL,77.378,76.2,OPTIMAL
295,0.5501,0.5,OPTIMAL,2.8116,2.8,OPTIMAL,7.5563,7.4,OPTIMAL,419.446,429.3,EXCESSIVE,57.9238,62.4251,EXCESSIVE,73.0428,79.6,OPTIMAL
296,0.6093,0.6,OPTIMAL,3.0033,3.0,OPTIMAL,2.3185,2.4,OPTIMAL,177.4319,177.2,OPTIMAL,30.7207,31.3833,OPTIMAL,58.0879,57.2,OPTIMAL
297,1.2364,1.3,OPTIMAL,3.9437,4.1,OPTIMAL,9.1979,9.8,EXCESSIVE,243.6939,253.4,EXCESSIVE,31.8149,33.8492,OPTIMAL,114.8827,119.9,OPTIMAL
298,0.7967,0.8,OPTIMAL,2.4068,2.4,OPTIMAL,3.2866,3.3,OPTIMAL,173.6948,167.1,OPTIMAL,24.0637,23.4731,OPTIMAL,75.6314,73.4,OPTIMAL
299,0.7786,0.8,OPTIMAL,2.6039,2.6,OPTIMAL,3.0761,2.5,OPTIMAL,172.5769,165.3,OPTIMAL,40.9762,44.923,OPTIMAL,89.7187,85.5,OPTIMAL
300,0.7072,0.7,OPTIMAL,2.4275,2.4,OPTIMAL,3.2421,2.9,OPTIMAL,223.1569,225.5,EXCESSIVE,23.533,22.1042,OPTIMAL,87.6025,79.4,OPTIMAL
301,0.718,0.7,OPTIMAL,2.1911,2.1,OPTIMAL,2.6586,2.5,OPTIMAL,186.106,179.6,OPTIMAL,29.9365,31.5218,OPTIMAL,78.9488,77.4,OPTIMAL
302,0.789,0.8,OPTIMAL,3.0743,3.1,OPTIMAL,4.1611,4.3,OPTIMAL,199.7885,206.9,OPTIMAL,36.0146,36.0148,OPTIMAL,103.4259,103.9,OPTIMAL
303,0.8131,0.8,OPTIMAL,2.3167,2.3,OPTIMAL,6.3783,6.2,OPTIMAL,246.6187,244.8,EXCESSIVE,12.0207,10.6405,OPTIMAL,72.969,74.6,OPTIMAL
304,0.9301,0.9,OPTIMAL,2.6646,2.8,OPTIMAL,4.126,4.6,OPTIMAL,208.1267,230.2,EXCESSIVE,10.7079,9.4896,OPTIMAL,68.7582,71.1,OPTIMAL
305,0.8137,0.8,OPTIMAL,2.2411,2.3,OPTIMAL,3.4325,3.5,OPTIMAL,169.8468,162.2,OPTIMAL,23.2368,21.7075,OPTIMAL,58.7726,58.0,OPTIMAL
306,0.5183,0.5,OPTIMAL,2.5134,2.5,OPTIMAL,2.1648,2.1,OPTIMAL,203.7392,209.0,EXCESSIVE,17.5699,16.9749,OPTIMAL,74.5653,74.0,OPTIMAL
307,0.6676,0.7,OPTIMAL,2.4938,2.5,OPTIMAL,2.8777,2.7,OPTIMAL,202.3736,199.0,EXCESSIVE,45.8365,46.404,OPTIMAL,91.5433,89.3,OPTIMAL
308,1.008,1.1,OPTIMAL,2.9051,3.0,OPTIMAL,3.8577,4.0,OPTIMAL,174.161,167.0,OPTIMAL,35.2641,35.8422,OPTIMAL,152.6384,157.9,EXCESSIVE
309,0.5262,0.5,OPTIMAL,2.4416,2.4,OPTIMAL,5.5257,5.2,OPTIMAL,317.5387,308.6,EXCESSIVE,10.7747,9.103,OPTIMAL,35.9861,29.9,DEFICIENT
310,0.7748,0.8,OPTIMAL,2.3612,2.4,OPTIMAL,6.7149,7.0,OPTIMAL,244.1697,246.1,EXCESSIVE,12.9099,12.8715,OPTIMAL,56.8308,53.1,OPTIMAL
311,1.1699,1.2,OPTIMAL,3.4102,3.5,OPTIMAL,7.5586,8.1,OPTIMAL,275.9007,288.6,EXCESSIVE,26.7902,23.4235,OPTIMAL,96.0028,97.7,OPTIMAL
312,0.7822,0.8,OPTIMAL,2.2189,2.3,OPTIMAL,4.8077,5.3,OPTIMAL,211.2325,219.5,EXCESSIVE,11.6632,14.0958,OPTIMAL,105.7467,107.6,OPTIMAL
313,0.5065,0.5,OPTIMAL,2.7839,2.8,OPTIMAL,5.2584,5.2,OPTIMAL,273.0912,271.6,EXCESSIVE,18.8426,14.5331,OPTIMAL,50.068,45.5,OPTIMAL
314,0.7999,0.8,OPTIMAL,2.2701,2.3,OPTIMAL,7.5753,7.9,OPTIMAL,311.0141,324.1,EXCESSIVE,13.4855,14.6108,OPTIMAL,77.9659,78.0,OPTIMAL
315,0.4347,0.4,DEFICIENT,2.5728,2.6,OPTIMAL,2.0656,2.0,OPTIMAL,241.0542,236.3,EXCESSIVE,24.7341,23.6117,OPTIMAL,68.5949,67.0,OPTIMAL
316,0.8422,0.9,OPTIMAL,2.6297,2.6,OPTIMAL,3.5173,3.6,OPTIMAL,203.2402,208.5,EXCESSIVE,33.9524,35.3392,OPTIMAL,108.3934,109.1,OPTIMAL
317,1.304,1.3,OPTIMAL,3.1501,3.1,OPTIMAL,5.4919,5.3,OPTIMAL,338.2087,344.3,EXCESSIVE,26.0987,25.1652,OPTIMAL,121.448,119.4,OPTIMAL
318,1.1092,1.1,OPTIMAL,2.4949,2.6,OPTIMAL,6.006,6.3,OPTIMAL,187.4871,193.5,OPTIMAL,23.9235,26.8919,OPTIMAL,88.0333,88.5,OPTIMAL
319,0.706,0.7,OPTIMAL,1.9077,1.9,OPTIMAL,3.5944,3.3,OPTIMAL,196.1306,196.6,OPTIMAL,14.297,15.5816,OPTIMAL,100.9177,99.3,OPTIMAL
320,1.1005,1.1,OPTIMAL,2.3226,2.4,OPTIMAL,2.8632,2.9,OPTIMAL,164.8773,169.4,OPTIMAL,18.7562,16.2973,OPTIMAL,82.2678,81.3,OPTIMAL
321,1.0534,1.0,OPTIMAL,2.4942,2.4,OPTIMAL,6.0988,6.5,OPTIMAL,173.3507,184.0,OPTIMAL,23.7724,23.8255,OPTIMAL,80.9445,75.9,OPTIMAL
322,1.2062,1.2,OPTIMAL,2.5902,2.5,OPTIMAL,4.8107,4.7,OPTIMAL,157.3029,147.3,OPTIMAL,26.2265,30.3545,OPTIMAL,97.7892,97.3,OPTIMAL
323,0.9502,0.9,OPTIMAL,3.636,3.7,OPTIMAL,5.2884,4.8,OPTIMAL,405.8285,412.0,EXCESSIVE,28.7518,28.3684,OPTIMAL,80.6124,79.1,OPTIMAL
324,1.2063,1.2,OPTIMAL,2.5134,2.5,OPTIMAL,4.9753,5.1,OPTIMAL,156.2037,159.6,OPTIMAL,21.3125,20.2468,OPTIMAL,94.9642,94.3,OPTIMAL
325,1.1637,1.2,OPTIMAL,2.9553,3.0,OPTIMAL,5.0214,5.3,OPTIMAL,185.765,187.9,OPTIMAL,26.8113,28.5839,OPTIMAL,101.0992,102.6,OPTIMAL
326,0.7115,0.7,OPTIMAL,2.224,2.2,OPTIMAL,2.8705,2.8,OPTIMAL,165.0427,155.9,OPTIMAL,30.6651,30.6856,OPTIMAL,75.1663,73.2,OPTIMAL
327,0.7925,0.8,OPTIMAL,3.1665,3.1,OPTIMAL,3.7941,3.8,OPTIMAL,187.5872,176.4,OPTIMAL,29.8297,28.8948,OPTIMAL,129.8746,132.3,OPTIMAL
328,0.7375,0.7,OPTIMAL,1.9332,1.8,OPTIMAL,1.7864,1.6,OPTIMAL,205.5108,206.2,EXCESSIVE,22.9231,21.2102,OPTIMAL,67.3161,67.2,OPTIMAL
329,0.7096,0.7,OPTIMAL,2.0559,2.0,OPTIMAL,3.7548,3.8,OPTIMAL,205.3164,204.4,EXCESSIVE,13.8427,11.1774,OPTIMAL,98.5969,96.5,OPTIMAL
330,1.0725,1.1,OPTIMAL,2.4468,2.5,OPTIMAL,5.5878,5.6,OPTIMAL,151.548,156.0,OPTIMAL,29.9877,29.9162,OPTIMAL,85.2401,86.0,OPTIMAL
331,0.6985,0.7,OPTIMAL,2.4592,2.5,OPTIMAL,3.3046,3.3,OPTIMAL,202.9411,203.0,EXCESSIVE,28.8491,28.2603,OPTIMAL,96.0838,94.8,OPTIMAL
332,0.7894,0.8,OPTIMAL,2.508,2.5,OPTIMAL,5.3513,5.3,OPTIMAL,254.2477,268.9,EXCESSIVE,37.8098,39.2825,OPTIMAL,77.5974,78.6,OPTIMAL
333,1.1062,1.1,OPTIMAL,3.7668,3.8,OPTIMAL,6.0624,6.0,OPTIMAL,355.9357,351.8,EXCESSIVE,33.6173,32.2552,OPTIMAL,90.9311,90.7,OPTIMAL
334,0.8044,0.8,OPTIMAL,1.8112,1.7,OPTIMAL,3.3472,3.2,OPTIMAL,175.1662,165.3,OPTIMAL,16.9992,11.8071,OPTIMAL,59.2156,56.3,OPTIMAL
335,0.6115,0.6,OPTIMAL,2.5223,2.5,OPTIMAL,2.4786,2.3,OPTIMAL,212.162,215.5,EXCESSIVE,31.9141,33.7201,OPTIMAL,86.8173,86.3,OPTIMAL
336,0.8862,0.9,OPTIMAL,2.5342,2.5,OPTIMAL,5.2723,5.5,OPTIMAL,271.6749,278.5,EXCESSIVE,26.4957,24.698,OPTIMAL,86.1552,88.6,OPTIMAL
337,0.7217,0.7,OPTIMAL,2.5039,2.6,OPTIMAL,2.2272,2.0,OPTIMAL,224.045,229.9,EXCESSIVE,67.9023,75.3766,EXCESSIVE,81.9806,83.7,OPTIMAL
338,0.8732,0.9,OPTIMAL,3.3865,3.4,OPTIMAL,12.1995,12.4,EXCESSIVE,214.1773,218.4,EXCESSIVE,24.0167,24.3633,OPTIMAL,88.1452,88.8,OPTIMAL
339,0.9028,0.9,OPTIMAL,3.4085,3.4,OPTIMAL,11.4329,11.9,EXCESSIVE,210.8191,210.4,EXCESSIVE,28.2515,28.3991,OPTIMAL,73.4401,67.2,OPTIMAL
340,0.6061,0.6,OPTIMAL,2.3458,2.2,OPTIMAL,3.4837,3.4,OPTIMAL,194.0237,189.0,OPTIMAL,32.685,31.0877,OPTIMAL,104.6362,102.8,OPTIMAL
341,0.7001,0.7,OPTIMAL,2.4712,2.4,OPTIMAL,2.8951,2.8,OPTIMAL,173.7405,168.6,OPTIMAL,28.8862,27.2609,OPTIMAL,101.4691,99.7,OPTIMAL
342,0.8981,0.9,OPTIMAL,3.078,3.0,OPTIMAL,5.7353,4.6,OPTIMAL,199.4164,203.3,OPTIMAL,29.1167,13.6421,OPTIMAL,82.9242,84.3,OPTIMAL
343,0.6541,0.7,OPTIMAL,2.7315,2.8,OPTIMAL,6.4733,6.7,OPTIMAL,351.0966,352.0,EXCESSIVE,13.9208,11.3757,OPTIMAL,71.3583,74.1,OPTIMAL
344,0.9576,0.9,OPTIMAL,2.2948,2.2,OPTIMAL,4.1766,3.6,OPTIMAL,178.7162,173.1,OPTIMAL,28.2961,28.8208,OPTIMAL,79.0703,74.4,OPTIMAL
345,0.7088,0.7,OPTIMAL,2.219,2.2,OPTIMAL,2.8171,2.7,OPTIMAL,205.0424,210.0,EXCESSIVE,25.6946,23.6633,OPTIMAL,86.6091,86.3,OPTIMAL
346,0.7067,0.7,OPTIMAL,1.9301,1.9,OPTIMAL,4.2632,4.4,OPTIMAL,220.1197,224.1,EXCESSIVE,13.0051,11.8731,OPTIMAL,142.2461,149.7,OPTIMAL
347,0.8353,0.8,OPTIMAL,2.6141,2.7,OPTIMAL,4.3671,4.5,OPTIMAL,209.6269,216.7,EXCESSIVE,11.8431,12.5553,OPTIMAL,64.5068,63.1,OPTIMAL
348,0.9635,0.9,OPTIMAL,2.245,2.1,OPTIMAL,3.6155,3.1,OPTIMAL,159.9502,143.0,OPTIMAL,18.1549,17.1324,OPTIMAL,80.4417,73.7,OPTIMAL
349,0.9083,0.9,OPTIMAL,3.2478,3.2,OPTIMAL,12.5388,12.7,EXCESSIVE,217.2938,212.6,EXCESSIVE,20.4121,20.5358,OPTIMAL,79.8612,78.3,OPTIMAL
350,1.238,1.3,OPTIMAL,3.4366,3.6,OPTIMAL,7.2315,7.2,OPTIMAL,212.7339,208.4,EXCESSIVE,30.5334,30.2586,OPTIMAL,99.2658,102.4,OPTIMAL
351,0.6831,0.7,OPTIMAL,3.1006,3.2,OPTIMAL,4.694,4.8,OPTIMAL,215.6601,214.1,EXCESSIVE,45.7449,46.5898,OPTIMAL,102.9835,104.2,OPTIMAL
352,0.8519,0.9,OPTIMAL,3.086,3.3,OPTIMAL,4.8473,5.7,OPTIMAL,268.2746,276.6,EXCESSIVE,22.9367,22.03,OPTIMAL,135.9541,140.7,OPTIMAL
353,0.7098,0.7,OPTIMAL,2.1199,2.1,OPTIMAL,3.9569,3.9,OPTIMAL,207.8634,207.9,EXCESSIVE,32.4616,33.0232,OPTIMAL,66.5844,63.8,OPTIMAL
354,1.0205,1.0,OPTIMAL,2.0651,2.0,OPTIMAL,4.0561,4.0,OPTIMAL,143.7944,141.9,OPTIMAL,22.1846,20.2918,OPTIMAL,66.3143,63.5,OPTIMAL
355,0.6434,0.6,OPTIMAL,1.874,1.8,OPTIMAL,3.9985,3.8,OPTIMAL,176.5764,174.3,OPTIMAL,11.8196,11.8486,OPTIMAL,107.822,107.6,OPTIMAL
356,0.5279,0.5,OPTIMAL,2.5271,2.7,OPTIMAL,7.2652,7.7,OPTIMAL,235.6362,243.7,EXCESSIVE,11.8859,12.5879,OPTIMAL,74.9366,77.6,OPTIMAL
357,0.8147,0.8,OPTIMAL,2.6005,2.6,OPTIMAL,5.2684,5.3,OPTIMAL,289.6466,297.4,EXCESSIVE,33.6584,36.1626,OPTIMAL,103.7646,105.1,OPTIMAL
358,0.7107,0.7,OPTIMAL,2.6938,2.7,OPTIMAL,3.6046,3.6,OPTIMAL,200.0342,197.3,EXCESSIVE,27.038,24.1238,OPTIMAL,94.8704,95.0,OPTIMAL
359,1.1413,1.2,OPTIMAL,2.3261,2.3,OPTIMAL,3.7453,3.7,OPTIMAL,130.7085,125.1,OPTIMAL,10.56,9.6198,OPTIMAL,70.0915,74.0,OPTIMAL
360,0.519,0.5,OPTIMAL,2.7001,2.8,OPTIMAL,3.5723,3.9,OPTIMAL,204.6496,209.5,EXCESSIVE,74.3303,78.4206,EXCESSIVE,100.4094,101.7,OPTIMAL
361,0.694,0.7,OPTIMAL,2.051,2.0,OPTIMAL,2.5432,2.4,OPTIMAL,181.8792,180.4,OPTIMAL,18.8166,16.5731,OPTIMAL,76.0393,78.0,OPTIMAL
362,1.0007,1.0,OPTIMAL,2.5456,2.6,OPTIMAL,3.8272,4.0,OPTIMAL,169.8444,172.6,OPTIMAL,11.7202,14.334,OPTIMAL,63.5989,61.2,OPTIMAL
363,0.8619,0.8,OPTIMAL,2.5032,2.5,OPTIMAL,2.8092,2.7,OPTIMAL,202.2941,196.2,EXCESSIVE,29.2412,33.3964,OPTIMAL,91.3499,90.0,OPTIMAL
364,0.5547,0.5,OPTIMAL,1.9602,1.8,OPTIMAL,6.1728,5.5,OPTIMAL,316.7018,313.4,EXCESSIVE,15.4332,11.7275,OPTIMAL,28.9306,21.3,DEFICIENT
365,0.6843,0.7,OPTIMAL,2.3031,2.3,OPTIMAL,3.6303,3.7,OPTIMAL,191.8578,176.6,OPTIMAL,43.2138,51.3907,OPTIMAL,86.3091,81.0,OPTIMAL
366,1.1153,1.1,OPTIMAL,2.2443,2.2,OPTIMAL,5.0354,4.5,OPTIMAL,162.4506,153.3,OPTIMAL,21.9219,22.8779,OPTIMAL,90.4937,91.2,OPTIMAL
367,0.8884,0.9,OPTIMAL,2.9845,3.0,OPTIMAL,5.6221,5.8,OPTIMAL,241.92,244.5,EXCESSIVE,32.6413,33.8051,OPTIMAL,83.0752,83.0,OPTIMAL
368,1.1993,1.2,OPTIMAL,2.4855,2.5,OPTIMAL,5.419,5.5,OPTIMAL,159.886,162.5,OPTIMAL,21.3336,19.0946,OPTIMAL,96.1594,100.1,OPTIMAL
369,0.8048,0.8,OPTIMAL,2.7662,2.8,OPTIMAL,3.7271,3.7,OPTIMAL,223.2917,218.5,EXCESSIVE,25.1315,22.4761,OPTIMAL,111.2925,114.1,OPTIMAL
370,1.1054,1.1,OPTIMAL,2.2168,2.2,OPTIMAL,3.8566,3.5,OPTIMAL,155.9905,157.9,OPTIMAL,19.7556,16.0684,OPTIMAL,85.7254,88.8,OPTIMAL
371,0.5459,0.5,OPTIMAL,2.8002,2.7,OPTIMAL,6.4062,6.0,OPTIMAL,398.8046,399.6,EXCESSIVE,22.9857,23.0906,OPTIMAL,76.967,79.8,OPTIMAL
372,0.8363,0.9,OPTIMAL,2.4698,2.4,OPTIMAL,4.4955,5.0,OPTIMAL,188.604,187.7,OPTIMAL,40.8818,39.7836,OPTIMAL,115.4112,123.1,OPTIMAL
373,0.6036,0.6,OPTIMAL,2.2382,2.2,OPTIMAL,2.4924,2.4,OPTIMAL,195.1156,194.3,OPTIMAL,30.7899,30.5413,OPTIMAL,89.3101,89.4,OPTIMAL
374,0.7659,0.8,OPTIMAL,2.4996,2.7,OPTIMAL,3.9372,4.2,OPTIMAL,216.9443,224.8,EXCESSIVE,34.2113,34.9522,OPTIMAL,93.0889,92.7,OPTIMAL
375,0.6195,0.6,OPTIMAL,1.7485,1.7,OPTIMAL,2.8397,2.4,OPTIMAL,185.4985,181.8,OPTIMAL,13.3953,11.1449,OPTIMAL,93.2594,91.3,OPTIMAL
376,1.1078,1.1,OPTIMAL,2.5567,2.5,OPTIMAL,4.1237,3.9,OPTIMAL,170.2529,167.4,OPTIMAL,23.3633,20.927,OPTIMAL,105.0815,110.0,OPTIMAL
377,1.1149,1.1,OPTIMAL,2.8015,2.8,OPTIMAL,3.955,3.7,OPTIMAL,174.1037,177.9,OPTIMAL,23.2779,22.8994,OPTIMAL,86.7353,86.8,OPTIMAL
378,0.7943,0.8,OPTIMAL,2.1334,2.2,OPTIMAL,4.5567,4.7,OPTIMAL,181.6987,183.0,OPTIMAL,12.7023,12.7354,OPTIMAL,108.0254,111.5,OPTIMAL
379,0.8853,0.9,OPTIMAL,3.1791,3.2,OPTIMAL,11.3882,12.1,EXCESSIVE,189.1631,182.4,OPTIMAL,22.0688,20.6035,OPTIMAL,66.595,64.3,OPTIMAL
380,0.7953,0.8,OPTIMAL,2.8041,2.8,OPTIMAL,3.7871,3.8,OPTIMAL,203.1141,203.0,EXCESSIVE,66.5288,70.1706,EXCESSIVE,92.6119,94.7,OPTIMAL
381,1.1373,1.1,OPTIMAL,2.3875,2.4,OPTIMAL,4.4396,3.8,OPTIMAL,163.4767,160.0,OPTIMAL,22.2191,24.2134,OPTIMAL,79.6758,74.5,OPTIMAL
382,0.8098,0.8,OPTIMAL,2.6854,2.6,OPTIMAL,4.4962,4.6,OPTIMAL,229.8049,226.6,EXCESSIVE,23.4179,22.5757,OPTIMAL,76.7162,76.3,OPTIMAL
383,0.7944,0.6,OPTIMAL,2.2054,2.0,OPTIMAL,2.3871,2.2,OPTIMAL,213.4235,194.0,EXCESSIVE,26.2481,32.0656,OPTIMAL,76.5581,68.5,OPTIMAL
384,0.595,0.6,OPTIMAL,2.1025,2.1,OPTIMAL,6.2228,6.0,OPTIMAL,242.4346,239.1,EXCESSIVE,11.196,9.4229,OPTIMAL,65.7682,64.8,OPTIMAL
385,1.1746,1.2,OPTIMAL,2.4788,2.6,OPTIMAL,4.2004,4.3,OPTIMAL,242.833,271.4,EXCESSIVE,25.8863,27.1904,OPTIMAL,106.8952,112.3,OPTIMAL
386,0.9757,1.0,OPTIMAL,3.0778,3.1,OPTIMAL,6.3462,6.6,OPTIMAL,398.0978,420.3,EXCESSIVE,33.2627,34.765,OPTIMAL,94.7928,97.6,OPTIMAL
387,1.2145,1.2,OPTIMAL,3.1925,3.3,OPTIMAL,7.4124,7.4,OPTIMAL,211.8162,206.0,EXCESSIVE,25.7787,24.0262,OPTIMAL,88.9443,90.8,OPTIMAL
388,1.1898,1.2,OPTIMAL,2.5678,2.5,OPTIMAL,8.279,8.6,EXCESSIVE,410.612,423.2,EXCESSIVE,27.7451,25.5853,OPTIMAL,77.6307,75.0,OPTIMAL
389,0.7911,0.8,OPTIMAL,2.7856,2.9,OPTIMAL,6.2344,6.0,OPTIMAL,258.3562,260.0,EXCESSIVE,13.0296,13.8296,OPTIMAL,77.4268,80.0,OPTIMAL
390,0.721,0.7,OPTIMAL,2.6989,2.6,OPTIMAL,3.7759,3.5,OPTIMAL,209.9264,208.1,EXCESSIVE,30.6627,29.1434,OPTIMAL,112.3025,112.7,OPTIMAL
391,0.7104,0.7,OPTIMAL,2.6501,2.6,OPTIMAL,2.8352,2.7,OPTIMAL,162.8324,155.5,OPTIMAL,29.2193,23.292,OPTIMAL,119.3523,121.5,OPTIMAL
392,0.6067,0.6,OPTIMAL,2.2724,2.2,OPTIMAL,7.1555,7.1,OPTIMAL,382.9068,386.1,EXCESSIVE,11.1863,10.1441,OPTIMAL,71.3294,72.8,OPTIMAL
393,0.7762,0.8,OPTIMAL,2.1415,2.1,OPTIMAL,5.1698,5.3,OPTIMAL,196.0457,195.8,OPTIMAL,18.4241,20.837,OPTIMAL,121.2805,120.4,OPTIMAL
394,1.0026,1.0,OPTIMAL,2.1599,2.1,OPTIMAL,3.7201,3.6,OPTIMAL,138.726,136.7,OPTIMAL,10.9426,10.1556,OPTIMAL,66.459,66.9,OPTIMAL
395,1.013,1.0,OPTIMAL,2.3329,2.3,OPTIMAL,4.5031,4.3,OPTIMAL,140.4478,128.9,OPTIMAL,22.7226,22.3029,OPTIMAL,95.6797,100.3,OPTIMAL
396,0.3917,0.3,DEFICIENT,1.8553,1.8,OPTIMAL,2.2253,2.1,OPTIMAL,189.2266,182.7,OPTIMAL,23.779,23.0378,OPTIMAL,80.3245,80.5,OPTIMAL
397,0.7892,0.8,OPTIMAL,2.3517,2.3,OPTIMAL,2.494,2.6,OPTIMAL,221.834,226.5,EXCESSIVE,34.0118,33.4377,OPTIMAL,79.561,80.4,OPTIMAL
398,0.9959,1.0,OPTIMAL,2.2443,2.2,OPTIMAL,4.3793,4.2,OPTIMAL,150.2474,148.0,OPTIMAL,27.4742,27.5417,OPTIMAL,75.1489,71.1,OPTIMAL
399,0.642,0.6,OPTIMAL,2.3574,2.2,OPTIMAL,2.4651,2.1,OPTIMAL,227.8757,218.7,EXCESSIVE,25.2829,21.4787,OPTIMAL,89.4514,84.0,OPTIMAL
400,1.2188,1.3,OPTIMAL,3.091,3.2,OPTIMAL,7.3062,7.5,OPTIMAL,229.0926,234.6,EXCESSIVE,33.837,37.9634,OPTIMAL,111.3533,115.2,OPTIMAL
401,0.6821,0.7,OPTIMAL,2.649,2.7,OPTIMAL,3.6092,3.6,OPTIMAL,207.9661,205.2,EXCESSIVE,38.9542,38.7845,OPTIMAL,94.1965,93.1,OPTIMAL
402,1.7943,1.9,OPTIMAL,2.564,2.6,OPTIMAL,5.9295,6.3,OPTIMAL,178.2544,182.2,OPTIMAL,21.6111,21.1874,OPTIMAL,88.465,89.4,OPTIMAL
403,0.7106,0.7,OPTIMAL,3.0607,3.1,OPTIMAL,4.1969,4.5,OPTIMAL,204.5232,207.1,EXCESSIVE,30.0181,29.5734,OPTIMAL,97.7741,94.4,OPTIMAL
404,0.7804,0.8,OPTIMAL,2.4309,2.2,OPTIMAL,4.2132,3.5,OPTIMAL,244.852,239.0,EXCESSIVE,28.3442,27.9,OPTIMAL,65.4047,56.9,OPTIMAL
405,1.1547,1.2,OPTIMAL,2.8025,2.8,OPTIMAL,4.7759,4.6,OPTIMAL,197.2656,182.4,OPTIMAL,23.6812,20.1921,OPTIMAL,128.5907,132.1,OPTIMAL
406,0.8336,0.8,OPTIMAL,2.4474,2.4,OPTIMAL,4.2664,3.8,OPTIMAL,185.5655,185.9,OPTIMAL,9.8707,7.3667,DEFICIENT,66.5199,62.1,OPTIMAL
407,0.6465,0.7,OPTIMAL,3.0723,3.2,OPTIMAL,6.7492,6.9,OPTIMAL,444.6271,451.6,EXCESSIVE,17.9654,15.9112,OPTIMAL,59.6768,53.5,OPTIMAL
408,0.8981,0.9,OPTIMAL,2.7815,2.8,OPTIMAL,4.6374,4.7,OPTIMAL,387.0271,389.3,EXCESSIVE,20.6793,18.7548,OPTIMAL,53.5466,50.1,OPTIMAL
409,1.3616,1.4,OPTIMAL,2.9504,2.9,OPTIMAL,7.4737,7.1,OPTIMAL,239.6893,238.6,EXCESSIVE,41.9817,44.2851,OPTIMAL,94.8324,90.6,OPTIMAL
410,1.1914,1.2,OPTIMAL,3.399,3.5,OPTIMAL,8.7017,9.1,EXCESSIVE,252.0653,250.7,EXCESSIVE,31.5947,31.0381,OPTIMAL,117.9963,121.5,OPTIMAL
411,0.4718,0.4,DEFICIENT,2.4948,2.5,OPTIMAL,2.621,2.3,OPTIMAL,208.0822,198.8,EXCESSIVE,59.6005,65.3753,EXCESSIVE,86.3712,82.5,OPTIMAL
412,0.8176,0.8,OPTIMAL,3.0123,3.1,OPTIMAL,4.1315,3.7,OPTIMAL,205.4307,203.3,EXCESSIVE,28.718,25.5806,OPTIMAL,109.6317,104.3,OPTIMAL
413,1.135,1.1,OPTIMAL,2.5472,2.5,OPTIMAL,3.8596,3.7,OPTIMAL,183.1514,173.8,OPTIMAL,24.1404,22.7103,OPTIMAL,128.3773,133.1,OPTIMAL
414,1.3256,1.4,OPTIMAL,2.4196,2.5,OPTIMAL,4.8568,4.9,OPTIMAL,155.5194,152.3,OPTIMAL,24.274,25.1058,OPTIMAL,98.1963,106.2,OPTIMAL
415,0.6763,0.7,OPTIMAL,2.3016,2.4,OPTIMAL,2.3778,2.5,OPTIMAL,215.253,220.4,EXCESSIVE,26.5968,25.8735,OPTIMAL,77.7502,79.8,OPTIMAL
416,0.5442,0.5,OPTIMAL,2.369,2.3,OPTIMAL,5.5495,5.3,OPTIMAL,296.9211,293.6,EXCESSIVE,24.6128,26.4217,OPTIMAL,43.6304,40.6,DEFICIENT
417,0.8617,0.8,OPTIMAL,2.4193,2.4,OPTIMAL,4.1888,3.8,OPTIMAL,148.0173,140.7,OPTIMAL,24.6705,23.9867,OPTIMAL,83.1709,81.8,OPTIMAL
418,0.6418,0.6,OPTIMAL,2.8144,2.7,OPTIMAL,3.696,3.6,OPTIMAL,258.2804,266.3,EXCESSIVE,27.3069,17.6198,OPTIMAL,109.8728,107.7,OPTIMAL
419,0.6575,0.6,OPTIMAL,3.115,3.1,OPTIMAL,5.2437,4.8,OPTIMAL,357.1498,357.6,EXCESSIVE,43.3907,44.0179,OPTIMAL,94.5863,93.4,OPTIMAL
420,0.8588,0.8,OPTIMAL,2.1731,2.1,OPTIMAL,5.3652,5.6,OPTIMAL,144.181,134.8,OPTIMAL,25.8288,25.8228,OPTIMAL,77.5621,72.7,OPTIMAL
421,1.1393,1.2,OPTIMAL,2.6397,2.7,OPTIMAL,4.3051,4.7,OPTIMAL,183.306,181.1,OPTIMAL,12.408,13.4703,OPTIMAL,68.1798,72.6,OPTIMAL
422,0.7061,0.7,OPTIMAL,2.4483,2.4,OPTIMAL,3.4032,3.3,OPTIMAL,220.2034,220.0,EXCESSIVE,32.976,31.9751,OPTIMAL,66.9548,65.0,OPTIMAL
423,0.7902,0.8,OPTIMAL,2.9268,3.0,OPTIMAL,3.5815,3.8,OPTIMAL,207.4506,208.4,EXCESSIVE,24.2741,22.6252,OPTIMAL,82.0115,82.1,OPTIMAL
424,0.6967,0.7,OPTIMAL,2.5592,2.6,OPTIMAL,3.2722,3.0,OPTIMAL,210.5514,208.2,EXCESSIVE,20.5396,21.1132,OPTIMAL,91.5697,92.6,OPTIMAL
425,0.7045,0.7,OPTIMAL,2.3557,2.4,OPTIMAL,2.4598,2.3,OPTIMAL,181.0163,176.2,OPTIMAL,25.5882,24.3456,OPTIMAL,96.5489,101.5,OPTIMAL
426,0.5456,0.5,OPTIMAL,2.0277,2.0,OPTIMAL,2.2037,1.9,OPTIMAL,204.884,208.8,EXCESSIVE,25.7259,24.8545,OPTIMAL,80.6901,78.2,OPTIMAL
427,0.9326,0.9,OPTIMAL,4.1107,4.1,OPTIMAL,10.7056,11.6,EXCESSIVE,229.4652,241.6,EXCESSIVE,25.0144,28.4994,OPTIMAL,89.693,100.8,OPTIMAL
428,0.5099,0.5,OPTIMAL,1.8915,1.9,OPTIMAL,3.2956,3.3,OPTIMAL,194.5265,195.4,OPTIMAL,25.5319,25.4702,OPTIMAL,71.0025,71.5,OPTIMAL
429,0.5394,0.5,OPTIMAL,1.9991,1.9,OPTIMAL,6.5082,6.1,OPTIMAL,218.426,204.6,EXCESSIVE,27.8515,33.5928,OPTIMAL,69.6994,67.6,OPTIMAL
430,1.1973,1.2,OPTIMAL,2.5139,2.6,OPTIMAL,7.4993,8.2,OPTIMAL,165.1469,164.2,OPTIMAL,22.0169,24.4802,OPTIMAL,88.3546,86.6,OPTIMAL
431,0.9773,1.0,OPTIMAL,2.6018,2.6,OPTIMAL,4.6105,4.5,OPTIMAL,193.0476,191.5,OPTIMAL,28.7808,27.6589,OPTIMAL,70.428,69.6,OPTIMAL
432,0.8981,0.9,OPTIMAL,3.078,2.9,OPTIMAL,5.7353,6.0,OPTIMAL,199.4164,194.2,OPTIMAL,29.1167,25.4243,OPTIMAL,82.9242,85.9,OPTIMAL
433,0.6567,0.6,OPTIMAL,2.5465,2.5,OPTIMAL,4.4207,4.3,OPTIMAL,239.0539,234.1,EXCESSIVE,39.281,41.5794,OPTIMAL,113.0676,115.0,OPTIMAL
434,0.6959,0.7,OPTIMAL,2.8536,3.0,OPTIMAL,4.0156,4.4,OPTIMAL,241.3691,257.0,EXCESSIVE,37.326,40.7405,OPTIMAL,110.0275,112.0,OPTIMAL
435,1.1056,1.1,OPTIMAL,2.9186,3.0,OPTIMAL,5.2209,5.5,OPTIMAL,166.6402,165.1,OPTIMAL,22.6825,22.3428,OPTIMAL,88.9848,88.8,OPTIMAL
436,0.4259,0.4,DEFICIENT,2.3615,2.3,OPTIMAL,4.9304,4.4,OPTIMAL,238.4965,236.6,EXCESSIVE,34.129,40.1691,OPTIMAL,54.2343,45.4,OPTIMAL
437,1.226,1.3,OPTIMAL,2.6207,2.7,OPTIMAL,5.0021,4.7,OPTIMAL,227.845,240.6,EXCESSIVE,31.2093,33.6711,OPTIMAL,132.1217,137.8,OPTIMAL
438,0.9148,0.9,OPTIMAL,2.6533,2.7,OPTIMAL,3.9454,4.2,OPTIMAL,195.203,200.9,OPTIMAL,10.2522,9.1483,OPTIMAL,69.2641,72.2,OPTIMAL
439,0.824,0.8,OPTIMAL,2.5246,2.5,OPTIMAL,3.7094,3.2,OPTIMAL,271.892,270.8,EXCESSIVE,22.0401,21.9224,OPTIMAL,100.0437,99.3,OPTIMAL
440,0.7049,0.7,OPTIMAL,2.5684,2.5,OPTIMAL,2.9496,3.0,OPTIMAL,184.5773,175.4,OPTIMAL,47.2877,49.7886,OPTIMAL,92.0043,90.9,OPTIMAL
441,0.8002,0.8,OPTIMAL,2.48,2.5,OPTIMAL,6.498,6.4,OPTIMAL,238.1974,236.6,EXCESSIVE,13.2916,12.183,OPTIMAL,64.6202,62.6,OPTIMAL
442,0.8815,0.9,OPTIMAL,2.0616,2.0,OPTIMAL,4.3025,4.6,OPTIMAL,186.8216,171.9,OPTIMAL,22.3706,19.697,OPTIMAL,83.6687,86.7,OPTIMAL
443,0.7764,0.8,OPTIMAL,2.1189,2.0,OPTIMAL,7.3329,7.9,OPTIMAL,259.0333,270.1,EXCESSIVE,12.2189,12.004,OPTIMAL,73.3914,75.2,OPTIMAL
444,0.697,0.7,OPTIMAL,2.596,2.6,OPTIMAL,3.7143,3.6,OPTIMAL,171.905,165.6,OPTIMAL,31.379,30.3471,OPTIMAL,104.3829,105.8,OPTIMAL
445,1.0704,1.1,OPTIMAL,2.6021,2.7,OPTIMAL,3.807,3.8,OPTIMAL,130.4006,125.2,OPTIMAL,10.7744,9.2428,OPTIMAL,69.035,69.4,OPTIMAL
446,0.7727,0.8,OPTIMAL,2.5847,2.6,OPTIMAL,3.5741,3.7,OPTIMAL,187.2125,181.4,OPTIMAL,36.7547,34.7527,OPTIMAL,105.7568,106.9,OPTIMAL
447,0.6947,0.7,OPTIMAL,2.5156,2.5,OPTIMAL,3.2798,3.2,OPTIMAL,229.6187,237.4,EXCESSIVE,29.9635,28.832,OPTIMAL,103.5332,102.6,OPTIMAL
448,1.0743,1.0,OPTIMAL,2.7484,2.7,OPTIMAL,4.8471,4.8,OPTIMAL,183.2525,179.4,OPTIMAL,23.2828,20.5741,OPTIMAL,87.5778,85.3,OPTIMAL
449,0.7145,0.7,OPTIMAL,2.9905,2.9,OPTIMAL,4.3951,4.4,OPTIMAL,189.4948,188.8,OPTIMAL,28.0787,26.1059,OPTIMAL,108.9658,109.5,OPTIMAL
450,1.1947,1.2,OPTIMAL,2.6165,2.6,OPTIMAL,4.5184,4.5,OPTIMAL,213.7441,229.9,EXCESSIVE,31.4577,36.7037,OPTIMAL,121.9647,123.0,OPTIMAL
451,0.8694,0.9,OPTIMAL,3.0349,3.1,OPTIMAL,4.5293,4.8,OPTIMAL,205.7554,210.8,EXCESSIVE,19.4682,17.5531,OPTIMAL,83.0006,83.7,OPTIMAL
452,0.6019,0.6,OPTIMAL,2.9934,3.0,OPTIMAL,6.4628,6.7,OPTIMAL,285.6478,276.6,EXCESSIVE,20.0714,21.3187,OPTIMAL,81.2848,85.6,OPTIMAL
453,0.661,0.6,OPTIMAL,3.0214,3.1,OPTIMAL,4.1299,4.1,OPTIMAL,241.3273,247.2,EXCESSIVE,56.956,58.6967,EXCESSIVE,127.0255,125.6,OPTIMAL
454,0.9589,1.0,OPTIMAL,1.7423,1.7,OPTIMAL,3.6663,3.7,OPTIMAL,176.6067,174.4,OPTIMAL,19.3659,17.8226,OPTIMAL,63.3376,63.3,OPTIMAL
455,0.5179,0.5,OPTIMAL,2.132,2.1,OPTIMAL,1.8041,1.7,OPTIMAL,164.1939,162.6,OPTIMAL,37.2675,41.0102,OPTIMAL,75.3362,77.1,OPTIMAL
456,0.6773,0.6,OPTIMAL,3.0931,3.1,OPTIMAL,5.4841,5.7,OPTIMAL,197.0327,200.4,OPTIMAL,40.9638,43.6825,OPTIMAL,100.9473,97.1,OPTIMAL
457,1.1226,1.1,OPTIMAL,2.7793,2.8,OPTIMAL,4.6801,4.2,OPTIMAL,201.9111,200.5,EXCESSIVE,24.355,22.9639,OPTIMAL,82.8066,76.8,OPTIMAL
458,0.6276,0.6,OPTIMAL,2.3018,2.2,OPTIMAL,3.4374,3.7,OPTIMAL,212.2115,211.8,EXCESSIVE,33.6578,29.2629,OPTIMAL,82.4197,76.7,OPTIMAL
459,0.596,0.6,OPTIMAL,2.3453,2.3,OPTIMAL,6.1059,6.0,OPTIMAL,353.2627,350.4,EXCESSIVE,16.9793,17.0994,OPTIMAL,79.8251,85.8,OPTIMAL
460,0.715,0.7,OPTIMAL,2.0082,2.0,OPTIMAL,4.0831,3.9,OPTIMAL,175.2359,170.5,OPTIMAL,12.3613,12.7176,OPTIMAL,112.2993,112.6,OPTIMAL
461,1.0046,1.0,OPTIMAL,2.8625,2.9,OPTIMAL,6.2592,6.3,OPTIMAL,222.8784,222.5,EXCESSIVE,25.742,20.5938,OPTIMAL,66.6428,65.5,OPTIMAL
462,1.0364,1.1,OPTIMAL,4.0129,4.2,OPTIMAL,5.4811,5.5,OPTIMAL,467.4691,481.7,EXCESSIVE,35.5447,37.5909,OPTIMAL,81.9829,80.5,OPTIMAL
463,0.7373,0.7,OPTIMAL,2.822,2.8,OPTIMAL,4.3264,4.6,OPTIMAL,203.5287,207.2,EXCESSIVE,32.883,30.6252,OPTIMAL,111.1014,112.3,OPTIMAL
464,0.8041,0.8,OPTIMAL,2.3145,2.3,OPTIMAL,1.8636,1.8,OPTIMAL,192.3808,192.3,OPTIMAL,28.4244,27.6241,OPTIMAL,77.6112,78.3,OPTIMAL
465,1.3068,1.3,OPTIMAL,3.457,3.6,OPTIMAL,7.0232,7.1,OPTIMAL,227.1735,214.6,EXCESSIVE,29.6771,27.1756,OPTIMAL,92.945,92.0,OPTIMAL
466,0.5998,0.6,OPTIMAL,2.5777,2.6,OPTIMAL,2.6029,2.5,OPTIMAL,180.291,165.5,OPTIMAL,36.1751,32.9754,OPTIMAL,74.1113,65.7,OPTIMAL
467,0.8022,0.8,OPTIMAL,2.4062,2.4,OPTIMAL,6.457,6.5,OPTIMAL,248.1244,253.7,EXCESSIVE,13.9552,15.1427,OPTIMAL,79.2107,81.4,OPTIMAL
468,0.7162,0.7,OPTIMAL,1.9306,1.9,OPTIMAL,4.155,3.7,OPTIMAL,192.3412,196.0,OPTIMAL,11.277,9.632,OPTIMAL,96.6703,96.5,OPTIMAL
469,0.5551,0.5,OPTIMAL,2.2925,2.3,OPTIMAL,6.6056,6.5,OPTIMAL,232.8794,222.2,EXCESSIVE,10.5231,9.7068,OPTIMAL,72.9877,72.4,OPTIMAL
470,1.1747,1.2,OPTIMAL,2.3928,2.4,OPTIMAL,4.7244,4.8,OPTIMAL,159.4366,156.3,OPTIMAL,22.7938,25.3599,OPTIMAL,90.5448,90.3,OPTIMAL
471,0.6069,0.6,OPTIMAL,2.6917,2.7,OPTIMAL,3.4069,3.5,OPTIMAL,253.5593,262.7,EXCESSIVE,40.6692,41.482,OPTIMAL,111.2508,113.2,OPTIMAL
472,1.1023,1.1,OPTIMAL,2.4744,2.5,OPTIMAL,5.4911,5.5,OPTIMAL,213.6972,216.9,EXCESSIVE,33.1047,35.4051,OPTIMAL,92.0225,93.6,OPTIMAL
473,0.6974,0.7,OPTIMAL,2.3747,2.3,OPTIMAL,3.3267,3.1,OPTIMAL,180.6767,176.4,OPTIMAL,45.8476,49.927,OPTIMAL,82.9145,78.6,OPTIMAL
474,0.6669,0.6,OPTIMAL,2.6967,2.5,OPTIMAL,2.4189,2.4,OPTIMAL,246.8227,255.4,EXCESSIVE,24.83,26.7567,OPTIMAL,79.9011,76.7,OPTIMAL
475,1.0424,1.1,OPTIMAL,2.2129,2.2,OPTIMAL,5.0913,5.4,OPTIMAL,188.886,181.9,OPTIMAL,22.8792,21.261,OPTIMAL,97.5849,93.3,OPTIMAL
476,1.2431,1.3,OPTIMAL,3.6329,3.8,OPTIMAL,10.765,11.6,EXCESSIVE,287.2563,297.5,EXCESSIVE,28.2661,26.6341,OPTIMAL,92.3408,88.6,OPTIMAL
477,1.1115,1.1,OPTIMAL,2.2801,2.2,OPTIMAL,3.5621,3.4,OPTIMAL,155.3656,148.6,OPTIMAL,22.6356,22.9022,OPTIMAL,87.2224,86.0,OPTIMAL
478,1.1922,1.2,OPTIMAL,2.7502,2.7,OPTIMAL,6.0633,6.3,OPTIMAL,168.6644,164.4,OPTIMAL,23.6931,23.3517,OPTIMAL,102.0349,104.7,OPTIMAL
479,0.3457,0.3,DEFICIENT,2.4033,2.4,OPTIMAL,2.5461,2.4,OPTIMAL,224.5146,227.7,EXCESSIVE,31.0609,29.2519,OPTIMAL,85.3856,84.4,OPTIMAL
480,0.4552,0.4,DEFICIENT,2.0533,1.9,OPTIMAL,2.8632,2.8,OPTIMAL,204.5096,194.6,EXCESSIVE,31.2215,32.6095,OPTIMAL,99.0812,104.7,OPTIMAL
481,0.9702,1.0,OPTIMAL,2.5194,2.5,OPTIMAL,7.2368,7.1,OPTIMAL,454.9993,462.8,EXCESSIVE,51.4057,54.9599,EXCESSIVE,145.8515,153.9,OPTIMAL
482,0.8287,0.8,OPTIMAL,1.938,1.9,OPTIMAL,2.345,1.7,OPTIMAL,158.8037,157.1,OPTIMAL,28.3239,28.6673,OPTIMAL,74.423,72.2,OPTIMAL
483,0.8109,0.7,OPTIMAL,1.8389,1.7,OPTIMAL,3.4627,3.1,OPTIMAL,164.0268,156.4,OPTIMAL,10.0385,10.0736,OPTIMAL,94.6122,90.8,OPTIMAL
484,0.7958,0.8,OPTIMAL,2.5921,2.6,OPTIMAL,3.9402,3.9,OPTIMAL,268.3581,291.6,EXCESSIVE,39.9083,39.932,OPTIMAL,150.3133,157.2,EXCESSIVE
485,0.6811,0.7,OPTIMAL,2.9639,3.1,OPTIMAL,3.2072,3.0,OPTIMAL,218.3856,225.2,EXCESSIVE,28.3291,25.0023,OPTIMAL,101.5955,102.9,OPTIMAL
486,1.2084,1.2,OPTIMAL,2.391,2.4,OPTIMAL,5.3558,5.5,OPTIMAL,160.2327,170.6,OPTIMAL,19.8943,18.6846,OPTIMAL,93.0786,94.9,OPTIMAL
487,0.6285,0.6,OPTIMAL,2.5846,2.5,OPTIMAL,3.6886,3.5,OPTIMAL,174.1987,172.9,OPTIMAL,26.0613,25.3397,OPTIMAL,96.9357,96.9,OPTIMAL
488,0.6951,0.7,OPTIMAL,2.2078,2.2,OPTIMAL,2.8413,2.8,OPTIMAL,173.7498,172.0,OPTIMAL,27.8679,26.5881,OPTIMAL,73.3122,73.1,OPTIMAL
489,0.6164,0.6,OPTIMAL,3.0281,3.2,OPTIMAL,3.4866,3.6,OPTIMAL,205.7277,211.7,EXCESSIVE,47.5727,48.3303,OPTIMAL,91.5522,89.7,OPTIMAL
490,1.0347,1.0,OPTIMAL,2.6385,2.5,OPTIMAL,5.8049,5.6,OPTIMAL,191.2266,177.8,OPTIMAL,25.4296,22.608,OPTIMAL,110.9321,110.7,OPTIMAL
491,0.7752,0.8,OPTIMAL,3.0294,3.0,OPTIMAL,4.9993,5.0,OPTIMAL,199.115,205.6,OPTIMAL,35.2532,35.587,OPTIMAL,114.0786,118.7,OPTIMAL
492,1.0099,1.0,OPTIMAL,2.6037,2.6,OPTIMAL,3.7935,3.4,OPTIMAL,125.0626,120.6,OPTIMAL,11.4123,10.6217,OPTIMAL,67.5522,70.4,OPTIMAL
493,0.6657,0.7,OPTIMAL,2.4921,2.5,OPTIMAL,2.3589,2.3,OPTIMAL,199.7827,204.3,OPTIMAL,45.1197,48.0494,OPTIMAL,92.918,91.7,OPTIMAL
494,0.6304,0.6,OPTIMAL,2.7652,2.8,OPTIMAL,2.961,2.6,OPTIMAL,208.1991,206.5,EXCESSIVE,28.3121,26.551,OPTIMAL,93.3624,91.0,OPTIMAL
495,0.7094,0.7,OPTIMAL,2.6192,2.6,OPTIMAL,4.3884,5.0,OPTIMAL,249.8923,283.4,EXCESSIVE,46.0309,47.787,OPTIMAL,141.7385,154.0,OPTIMAL
496,0.6195,0.6,OPTIMAL,2.9424,3.0,OPTIMAL,3.7421,3.6,OPTIMAL,209.2357,209.6,EXCESSIVE,24.1511,23.2526,OPTIMAL,127.396,130.1,OPTIMAL
497,1.0733,1.1,OPTIMAL,2.5851,2.6,OPTIMAL,4.3707,4.5,OPTIMAL,188.1412,182.7,OPTIMAL,12.4588,14.3956,OPTIMAL,63.9247,64.1,OPTIMAL
498,1.0623,1.1,OPTIMAL,2.595,2.6,OPTIMAL,3.9446,4.1,OPTIMAL,163.2075,169.3,OPTIMAL,11.5826,10.092,OPTIMAL,67.1561,65.9,OPTIMAL
499,1.054,1.1,OPTIMAL,2.4571,2.4,OPTIMAL,3.9044,3.5,OPTIMAL,122.7421,111.5,OPTIMAL,12.122,11.4163,OPTIMAL,69.6179,74.6,OPTIMAL
500,1.2526,1.3,OPTIMAL,2.5913,2.7,OPTIMAL,7.294,7.2,OPTIMAL,168.8808,173.1,OPTIMAL,22.2606,23.5175,OPTIMAL,88.3906,89.7,OPTIMAL
501,0.7959,0.8,OPTIMAL,2.9783,3.0,OPTIMAL,3.9515,3.5,OPTIMAL,189.8261,178.9,OPTIMAL,30.8307,29.0525,OPTIMAL,108.1529,109.7,OPTIMAL
502,0.9288,0.9,OPTIMAL,2.4429,2.4,OPTIMAL,3.8738,3.8,OPTIMAL,143.5402,142.8,OPTIMAL,10.8641,8.6753,OPTIMAL,67.3401,65.4,OPTIMAL
503,0.7878,0.8,OPTIMAL,2.4252,2.4,OPTIMAL,4.1716,4.2,OPTIMAL,217.6877,218.2,EXCESSIVE,28.5324,28.9904,OPTIMAL,58.5608,57.2,OPTIMAL
504,0.8507,0.9,OPTIMAL,2.5861,2.7,OPTIMAL,3.6856,3.8,OPTIMAL,176.7992,171.6,OPTIMAL,43.7147,44.9432,OPTIMAL,103.6164,106.3,OPTIMAL
505,0.7236,0.7,OPTIMAL,2.3354,2.3,OPTIMAL,1.9867,1.9,OPTIMAL,207.1506,205.0,EXCESSIVE,35.4479,37.0021,OPTIMAL,63.7387,62.2,OPTIMAL
506,1.0653,1.1,OPTIMAL,3.5099,3.6,OPTIMAL,9.9021,10.8,EXCESSIVE,255.7206,266.1,EXCESSIVE,29.6642,30.7603,OPTIMAL,94.1582,93.9,OPTIMAL
507,0.4268,0.4,DEFICIENT,3.0081,3.1,OPTIMAL,2.4855,2.7,OPTIMAL,323.296,340.5,EXCESSIVE,22.5381,19.7235,OPTIMAL,103.8905,104.4,OPTIMAL
508,1.1288,1.2,OPTIMAL,2.8219,2.9,OPTIMAL,5.9624,6.5,OPTIMAL,240.8967,251.3,EXCESSIVE,36.9004,39.3749,OPTIMAL,104.4503,109.1,OPTIMAL
509,0.9047,0.9,OPTIMAL,2.4482,2.5,OPTIMAL,4.203,4.1,OPTIMAL,169.2563,177.3,OPTIMAL,23.5067,24.2287,OPTIMAL,104.4164,113.9,OPTIMAL
510,0.7031,0.7,OPTIMAL,2.0764,2.1,OPTIMAL,4.588,4.8,OPTIMAL,194.3005,193.4,OPTIMAL,11.4373,10.4292,OPTIMAL,96.6499,96.8,OPTIMAL
511,0.741,0.7,OPTIMAL,2.8933,2.9,OPTIMAL,4.1216,4.3,OPTIMAL,187.7295,188.0,OPTIMAL,33.7166,32.4809,OPTIMAL,115.3342,116.2,OPTIMAL
512,0.5204,0.5,OPTIMAL,2.0087,2.0,OPTIMAL,2.0835,1.8,OPTIMAL,196.9611,197.1,OPTIMAL,21.8797,21.8089,OPTIMAL,68.5198,69.2,OPTIMAL
513,0.6252,0.6,OPTIMAL,2.5068,2.5,OPTIMAL,3.6061,3.5,OPTIMAL,247.965,249.3,EXCESSIVE,25.1725,25.0819,OPTIMAL,97.5273,99.6,OPTIMAL
514,0.5941,0.6,OPTIMAL,2.7267,2.7,OPTIMAL,6.6724,6.6,OPTIMAL,380.1517,389.2,EXCESSIVE,27.7184,29.9046,OPTIMAL,70.4771,72.9,OPTIMAL
515,0.6216,0.6,OPTIMAL,2.5052,2.4,OPTIMAL,3.0112,2.8,OPTIMAL,191.0611,196.3,OPTIMAL,34.3344,34.7411,OPTIMAL,101.742,99.8,OPTIMAL
516,0.9814,1.0,OPTIMAL,2.4085,2.5,OPTIMAL,4.8935,4.8,OPTIMAL,142.7327,135.5,OPTIMAL,22.5716,22.7329,OPTIMAL,97.8283,100.9,OPTIMAL
517,0.8782,0.9,OPTIMAL,2.9728,3.0,OPTIMAL,3.8108,4.0,OPTIMAL,229.7795,237.2,EXCESSIVE,48.0939,53.2251,OPTIMAL,106.6473,107.5,OPTIMAL
518,0.6923,0.7,OPTIMAL,2.6837,2.7,OPTIMAL,4.7084,5.2,OPTIMAL,193.3609,193.8,OPTIMAL,57.9317,60.3898,EXCESSIVE,91.0548,91.6,OPTIMAL
519,0.756,0.8,OPTIMAL,3.4102,3.5,OPTIMAL,6.2854,6.7,OPTIMAL,196.5879,199.9,OPTIMAL,20.1537,19.7578,OPTIMAL,99.8673,116.4,OPTIMAL
520,0.7438,0.7,OPTIMAL,2.5314,2.5,OPTIMAL,3.6651,3.0,OPTIMAL,249.0815,246.1,EXCESSIVE,20.8206,19.3097,OPTIMAL,102.3874,103.2,OPTIMAL
521,0.6546,0.7,OPTIMAL,2.3594,2.4,OPTIMAL,7.4632,7.9,OPTIMAL,296.7375,299.8,EXCESSIVE,13.0792,12.7784,OPTIMAL,42.834,39.8,DEFICIENT
522,0.6665,0.7,OPTIMAL,2.8518,3.0,OPTIMAL,3.8275,4.0,OPTIMAL,190.8251,198.5,OPTIMAL,33.1622,32.4352,OPTIMAL,82.7269,82.6,OPTIMAL
523,0.6991,0.7,OPTIMAL,2.1484,2.1,OPTIMAL,6.3946,6.4,OPTIMAL,250.9147,253.7,EXCESSIVE,14.1327,12.7953,OPTIMAL,55.9204,54.8,OPTIMAL
524,0.8122,0.9,OPTIMAL,2.1697,2.2,OPTIMAL,6.1169,6.2,OPTIMAL,236.9791,239.6,EXCESSIVE,12.6961,11.1081,OPTIMAL,72.7752,73.7,OPTIMAL
525,0.5631,0.5,OPTIMAL,2.6038,2.5,OPTIMAL,5.9053,5.6,OPTIMAL,403.2717,415.4,EXCESSIVE,37.926,41.8206,OPTIMAL,60.3342,60.6,OPTIMAL
526,0.796,0.8,OPTIMAL,1.9889,2.0,OPTIMAL,4.9141,5.2,OPTIMAL,186.2467,185.6,OPTIMAL,12.0158,13.5176,OPTIMAL,104.0251,105.8,OPTIMAL
527,0.8976,0.9,OPTIMAL,3.4172,3.6,OPTIMAL,5.7127,5.6,OPTIMAL,294.1118,294.2,EXCESSIVE,27.5445,27.2191,OPTIMAL,64.1435,62.1,OPTIMAL
528,1.2612,1.3,OPTIMAL,2.5059,2.5,OPTIMAL,12.5726,13.0,EXCESSIVE,166.105,164.2,OPTIMAL,22.9707,24.5242,OPTIMAL,96.2495,95.9,OPTIMAL
529,1.1872,1.2,OPTIMAL,2.3414,2.4,OPTIMAL,5.0068,5.5,OPTIMAL,146.7339,144.5,OPTIMAL,21.64,22.2157,OPTIMAL,92.1897,96.4,OPTIMAL
530,0.8784,0.9,OPTIMAL,2.3372,2.3,OPTIMAL,2.368,2.4,OPTIMAL,197.0078,187.7,OPTIMAL,21.7188,19.9769,OPTIMAL,68.7166,68.8,OPTIMAL
531,1.1122,1.1,OPTIMAL,3.0913,3.1,OPTIMAL,5.845,5.7,OPTIMAL,300.8151,314.1,EXCESSIVE,37.8737,38.5056,OPTIMAL,74.4983,78.2,OPTIMAL
532,0.9302,0.9,OPTIMAL,2.1186,1.9,OPTIMAL,3.7147,3.5,OPTIMAL,144.7319,145.2,OPTIMAL,11.1186,10.0071,OPTIMAL,63.8491,60.1,OPTIMAL
533,0.8109,0.8,OPTIMAL,2.0036,2.0,OPTIMAL,4.3648,4.6,OPTIMAL,176.6511,171.3,OPTIMAL,10.1145,9.7728,OPTIMAL,98.6332,94.1,OPTIMAL
534,0.6559,0.6,OPTIMAL,2.3961,2.4,OPTIMAL,2.6367,2.7,OPTIMAL,192.7416,190.5,OPTIMAL,37.9449,39.8721,OPTIMAL,88.1595,96.4,OPTIMAL
535,0.7143,0.7,OPTIMAL,3.0754,3.1,OPTIMAL,4.4534,4.4,OPTIMAL,196.6746,182.8,OPTIMAL,35.9274,34.1806,OPTIMAL,59.1428,55.8,OPTIMAL
536,1.1807,1.2,OPTIMAL,2.9374,2.9,OPTIMAL,6.6543,6.7,OPTIMAL,264.9145,257.7,EXCESSIVE,23.9135,19.4524,OPTIMAL,118.8083,126.4,OPTIMAL
537,0.5402,0.5,OPTIMAL,3.0348,3.1,OPTIMAL,6.8112,7.1,OPTIMAL,318.1071,317.0,EXCESSIVE,14.6236,15.1836,OPTIMAL,81.4312,87.1,OPTIMAL
538,0.7995,0.8,OPTIMAL,2.6264,2.6,OPTIMAL,6.9249,7.5,OPTIMAL,308.3214,325.4,EXCESSIVE,22.3553,20.5683,OPTIMAL,66.0038,63.4,OPTIMAL
539,0.5348,0.5,OPTIMAL,1.9778,1.9,OPTIMAL,2.7483,2.3,OPTIMAL,195.8126,190.2,OPTIMAL,28.8795,31.1913,OPTIMAL,79.0542,78.0,OPTIMAL
540,0.993,1.0,OPTIMAL,2.451,2.4,OPTIMAL,3.9678,3.9,OPTIMAL,174.0754,170.5,OPTIMAL,11.8857,10.766,OPTIMAL,62.1081,58.5,OPTIMAL
541,1.0664,1.1,OPTIMAL,3.2876,3.2,OPTIMAL,6.4964,6.6,OPTIMAL,356.4352,352.7,EXCESSIVE,29.4388,31.7222,OPTIMAL,85.016,87.4,OPTIMAL
542,0.9771,1.1,OPTIMAL,2.5504,2.6,OPTIMAL,3.0207,3.7,OPTIMAL,211.483,217.7,EXCESSIVE,24.7534,25.3319,OPTIMAL,89.5011,98.4,OPTIMAL
543,1.0347,1.0,OPTIMAL,2.4178,2.4,OPTIMAL,7.6408,8.1,OPTIMAL,172.5832,173.9,OPTIMAL,29.0704,31.6571,OPTIMAL,86.1308,85.4,OPTIMAL
544,0.8352,0.8,OPTIMAL,2.3901,2.4,OPTIMAL,3.7785,4.0,OPTIMAL,170.8742,174.9,OPTIMAL,10.7424,13.051,OPTIMAL,63.6892,59.3,OPTIMAL
545,0.6264,0.6,OPTIMAL,2.3632,2.3,OPTIMAL,3.3245,3.5,OPTIMAL,219.3981,226.9,EXCESSIVE,24.7661,20.489,OPTIMAL,104.0526,105.5,OPTIMAL
546,0.5183,0.5,OPTIMAL,2.5967,2.7,OPTIMAL,2.374,2.4,OPTIMAL,187.5669,189.7,OPTIMAL,23.7148,22.363,OPTIMAL,58.1649,55.4,OPTIMAL
547,0.9412,0.9,OPTIMAL,2.4733,2.4,OPTIMAL,3.8746,3.8,OPTIMAL,134.9569,135.0,OPTIMAL,11.7439,14.8892,OPTIMAL,65.5465,63.3,OPTIMAL
548,0.9438,1.0,OPTIMAL,1.948,2.0,OPTIMAL,3.3605,3.2,OPTIMAL,165.6057,163.8,OPTIMAL,9.9732,9.044,DEFICIENT,98.4011,99.8,OPTIMAL
549,0.6166,0.6,OPTIMAL,2.2511,2.3,OPTIMAL,7.122,6.7,OPTIMAL,226.6251,206.3,EXCESSIVE,13.1631,11.8263,OPTIMAL,72.7819,70.6,OPTIMAL
550,1.1373,1.2,OPTIMAL,2.3592,2.3,OPTIMAL,3.8279,3.8,OPTIMAL,134.4552,125.4,OPTIMAL,11.3626,11.7404,OPTIMAL,66.5605,67.0,OPTIMAL
551,1.1642,1.2,OPTIMAL,2.6472,2.7,OPTIMAL,6.5177,6.8,OPTIMAL,216.862,220.5,EXCESSIVE,31.046,33.3899,OPTIMAL,76.5595,76.3,OPTIMAL
552,0.795,0.8,OPTIMAL,3.1182,3.1,OPTIMAL,4.1105,4.0,OPTIMAL,229.9444,234.2,EXCESSIVE,45.8984,49.1204,OPTIMAL,128.546,134.5,OPTIMAL
553,1.0964,1.1,OPTIMAL,2.5199,2.5,OPTIMAL,5.3096,5.3,OPTIMAL,226.6464,225.3,EXCESSIVE,30.8104,30.1474,OPTIMAL,77.7712,77.6,OPTIMAL
554,0.6132,0.6,OPTIMAL,2.423,2.4,OPTIMAL,7.7989,8.1,OPTIMAL,297.7879,297.9,EXCESSIVE,11.5589,9.7872,OPTIMAL,68.013,75.2,OPTIMAL
555,0.7093,0.7,OPTIMAL,2.3809,2.4,OPTIMAL,3.8207,4.0,OPTIMAL,242.912,256.0,EXCESSIVE,20.3126,18.7387,OPTIMAL,84.8914,84.6,OPTIMAL
556,0.6039,0.6,OPTIMAL,2.418,2.4,OPTIMAL,3.2945,3.5,OPTIMAL,246.3536,256.4,EXCESSIVE,21.5999,18.8117,OPTIMAL,80.2987,79.4,OPTIMAL
557,0.615,0.6,OPTIMAL,2.6809,2.7,OPTIMAL,2.8928,2.8,OPTIMAL,227.8266,231.4,EXCESSIVE,21.9124,19.8381,OPTIMAL,82.1034,83.7,OPTIMAL
558,0.742,0.7,OPTIMAL,2.4332,2.6,OPTIMAL,4.8936,5.2,OPTIMAL,228.67,237.0,EXCESSIVE,12.2716,12.5526,OPTIMAL,151.962,161.0,EXCESSIVE
559,1.092,1.1,OPTIMAL,2.4162,2.4,OPTIMAL,5.3723,5.4,OPTIMAL,196.5927,193.5,OPTIMAL,33.5656,35.213,OPTIMAL,75.8338,74.8,OPTIMAL
560,1.2487,1.3,OPTIMAL,2.7216,2.9,OPTIMAL,3.9755,3.7,OPTIMAL,115.8899,106.3,OPTIMAL,10.5152,9.7061,OPTIMAL,74.0862,78.8,OPTIMAL
561,0.9065,0.9,OPTIMAL,2.6122,2.7,OPTIMAL,4.1466,4.3,OPTIMAL,210.5703,222.3,EXCESSIVE,11.2567,10.4303,OPTIMAL,67.7802,67.5,OPTIMAL
562,1.132,1.1,OPTIMAL,2.5966,2.5,OPTIMAL,8.1032,8.4,EXCESSIVE,219.0862,230.4,EXCESSIVE,26.0067,23.3053,OPTIMAL,107.0046,107.6,OPTIMAL
563,0.9184,0.9,OPTIMAL,2.4866,2.5,OPTIMAL,4.6372,4.4,OPTIMAL,163.9781,163.0,OPTIMAL,21.912,19.7498,OPTIMAL,81.9346,79.0,OPTIMAL
564,0.9011,0.9,OPTIMAL,2.4353,2.3,OPTIMAL,5.169,5.0,OPTIMAL,286.8913,292.8,EXCESSIVE,53.2576,62.2844,EXCESSIVE,86.2793,85.5,OPTIMAL
565,0.7943,0.8,OPTIMAL,2.5681,2.6,OPTIMAL,3.814,3.8,OPTIMAL,213.6882,216.3,EXCESSIVE,19.7763,17.0316,OPTIMAL,63.6753,61.2,OPTIMAL
566,1.0795,1.1,OPTIMAL,2.5786,2.7,OPTIMAL,4.8932,5.2,OPTIMAL,225.7068,230.3,EXCESSIVE,25.0727,24.4574,OPTIMAL,105.7672,107.5,OPTIMAL
567,0.8946,0.9,OPTIMAL,2.2621,2.2,OPTIMAL,5.7638,6.0,OPTIMAL,206.059,206.5,EXCESSIVE,28.1373,24.6695,OPTIMAL,59.5341,54.5,OPTIMAL
568,0.6414,0.6,OPTIMAL,2.3147,2.3,OPTIMAL,2.9599,2.6,OPTIMAL,228.356,240.7,EXCESSIVE,29.0401,29.9137,OPTIMAL,72.6816,71.5,OPTIMAL
569,0.7106,0.7,OPTIMAL,2.0782,2.0,OPTIMAL,4.01,4.1,OPTIMAL,231.3042,230.6,EXCESSIVE,28.4938,27.4668,OPTIMAL,81.9756,85.7,OPTIMAL
570,0.5993,0.6,OPTIMAL,2.8906,2.9,OPTIMAL,3.1373,3.0,OPTIMAL,330.8628,355.4,EXCESSIVE,39.2078,42.1711,OPTIMAL,104.3268,101.3,OPTIMAL
571,0.5321,0.5,OPTIMAL,2.3383,2.3,OPTIMAL,2.8821,2.6,OPTIMAL,211.0179,199.4,EXCESSIVE,40.0648,39.5998,OPTIMAL,88.5725,86.2,OPTIMAL
572,0.6248,0.6,OPTIMAL,2.5395,2.5,OPTIMAL,3.5284,3.5,OPTIMAL,232.2203,235.1,EXCESSIVE,32.4876,30.3264,OPTIMAL,106.4153,104.0,OPTIMAL
573,0.5863,0.6,OPTIMAL,2.7382,2.8,OPTIMAL,3.9392,4.6,OPTIMAL,174.0475,158.4,OPTIMAL,33.5282,32.5057,OPTIMAL,100.0095,103.6,OPTIMAL
574,0.7767,0.8,OPTIMAL,3.0927,3.1,OPTIMAL,4.5846,5.0,OPTIMAL,204.288,206.2,EXCESSIVE,47.7746,50.671,OPTIMAL,120.1985,123.5,OPTIMAL
575,0.7213,0.7,OPTIMAL,3.1022,3.0,OPTIMAL,4.0379,3.7,OPTIMAL,193.8553,194.9,OPTIMAL,41.6671,44.5386,OPTIMAL,107.9399,104.6,OPTIMAL
576,0.726,0.7,OPTIMAL,2.2184,2.1,OPTIMAL,5.9176,5.7,OPTIMAL,240.2222,222.1,EXCESSIVE,12.5366,11.7204,OPTIMAL,69.1789,65.6,OPTIMAL
577,1.0972,1.1,OPTIMAL,2.5308,2.5,OPTIMAL,5.1338,4.7,OPTIMAL,165.7055,158.3,OPTIMAL,27.5436,31.5211,OPTIMAL,87.9964,86.3,OPTIMAL
578,1.0592,1.1,OPTIMAL,3.0846,3.2,OPTIMAL,5.958,6.2,OPTIMAL,220.481,221.7,EXCESSIVE,30.0745,27.6965,OPTIMAL,120.6249,123.6,OPTIMAL
579,1.0133,1.0,OPTIMAL,2.5343,2.6,OPTIMAL,3.7527,3.7,OPTIMAL,143.9596,142.6,OPTIMAL,11.3199,10.6353,OPTIMAL,64.9744,64.7,OPTIMAL
580,1.1517,1.1,OPTIMAL,2.4319,2.3,OPTIMAL,6.4602,6.1,OPTIMAL,262.7487,272.9,EXCESSIVE,37.9094,40.8337,OPTIMAL,95.6578,95.5,OPTIMAL
581,0.7604,0.8,OPTIMAL,2.6369,2.8,OPTIMAL,3.4179,3.5,OPTIMAL,189.5423,197.5,OPTIMAL,38.0491,38.5327,OPTIMAL,94.6431,94.5,OPTIMAL
582,0.6258,0.6,OPTIMAL,2.4809,2.6,OPTIMAL,4.437,4.5,OPTIMAL,224.3295,226.1,EXCESSIVE,17.2819,16.7124,OPTIMAL,84.0408,77.6,OPTIMAL
583,0.8679,0.9,OPTIMAL,4.0731,4.2,OPTIMAL,7.2469,7.5,OPTIMAL,209.437,209.6,EXCESSIVE,25.099,19.8794,OPTIMAL,74.7095,70.6,OPTIMAL
584,1.0063,1.0,OPTIMAL,2.3545,2.4,OPTIMAL,3.9465,4.2,OPTIMAL,183.1402,192.1,OPTIMAL,18.3923,14.8091,OPTIMAL,63.1673,59.7,OPTIMAL
585,1.1652,1.2,OPTIMAL,2.7594,2.7,OPTIMAL,4.6181,4.5,OPTIMAL,222.0714,223.2,EXCESSIVE,24.3289,23.2962,OPTIMAL,95.2818,90.7,OPTIMAL
586,0.7048,0.7,OPTIMAL,3.0783,3.3,OPTIMAL,3.4851,3.8,OPTIMAL,199.4654,210.5,OPTIMAL,32.5262,31.5579,OPTIMAL,106.0841,106.7,OPTIMAL
587,0.6897,0.7,OPTIMAL,2.8897,2.8,OPTIMAL,3.4785,2.9,OPTIMAL,206.2593,202.3,EXCESSIVE,54.693,56.2227,EXCESSIVE,89.7409,87.9,OPTIMAL
588,1.0272,1.0,OPTIMAL,2.4277,2.4,OPTIMAL,4.3487,4.3,OPTIMAL,174.3858,173.1,OPTIMAL,21.2299,19.3446,OPTIMAL,77.5304,71.8,OPTIMAL
589,0.7656,0.8,OPTIMAL,2.7498,2.9,OPTIMAL,3.6233,3.8,OPTIMAL,225.7311,233.6,EXCESSIVE,28.3329,24.9221,OPTIMAL,109.9374,105.8,OPTIMAL
590,0.8929,0.8,OPTIMAL,2.2075,2.1,OPTIMAL,3.814,3.4,OPTIMAL,166.7916,170.0,OPTIMAL,23.638,24.9943,OPTIMAL,82.2417,79.9,OPTIMAL
591,1.1754,1.2,OPTIMAL,2.2216,2.2,OPTIMAL,3.6588,3.7,OPTIMAL,155.8044,155.1,OPTIMAL,23.2473,20.9007,OPTIMAL,83.3015,85.4,OPTIMAL
592,1.2633,1.3,OPTIMAL,2.3977,2.4,OPTIMAL,7.0843,7.0,OPTIMAL,163.4162,158.6,OPTIMAL,22.8205,22.412,OPTIMAL,89.5688,91.8,OPTIMAL
593,0.891,0.9,OPTIMAL,2.7641,2.8,OPTIMAL,4.5402,4.6,OPTIMAL,252.5153,256.8,EXCESSIVE,36.8569,39.802,OPTIMAL,86.9422,81.8,OPTIMAL
594,1.1995,1.2,OPTIMAL,2.5312,2.5,OPTIMAL,6.0709,6.0,OPTIMAL,169.0427,156.2,OPTIMAL,25.525,25.9994,OPTIMAL,105.7475,108.6,OPTIMAL
595,0.4743,0.4,DEFICIENT,2.5712,2.7,OPTIMAL,2.9578,2.5,OPTIMAL,205.7296,201.4,EXCESSIVE,30.3862,29.4363,OPTIMAL,110.8311,110.3,OPTIMAL
596,0.8051,0.8,OPTIMAL,2.1376,2.1,OPTIMAL,4.6211,4.4,OPTIMAL,184.1664,170.2,OPTIMAL,10.4343,9.7005,OPTIMAL,88.2645,82.6,OPTIMAL
597,0.8947,0.9,OPTIMAL,2.0934,2.1,OPTIMAL,4.3457,4.4,OPTIMAL,198.6172,191.1,OPTIMAL,9.9993,9.5013,DEFICIENT,107.4791,105.2,OPTIMAL
598,0.7275,0.7,OPTIMAL,3.3719,3.4,OPTIMAL,7.2415,7.4,OPTIMAL,212.7458,211.0,EXCESSIVE,33.4164,36.524,OPTIMAL,91.6754,95.0,OPTIMAL
599,1.0935,1.1,OPTIMAL,2.3443,2.3,OPTIMAL,4.824,4.7,OPTIMAL,142.7881,131.4,OPTIMAL,25.8471,28.8158,OPTIMAL,92.3421,96.7,OPTIMAL
600,1.037,1.0,OPTIMAL,2.4934,2.5,OPTIMAL,8.8196,10.1,EXCESSIVE,172.8802,188.7,OPTIMAL,21.3386,21.3299,OPTIMAL,99.1523,102.0,OPTIMAL
601,1.1652,1.2,OPTIMAL,2.7571,2.8,OPTIMAL,6.3445,6.4,OPTIMAL,219.124,218.7,EXCESSIVE,33.673,33.9947,OPTIMAL,75.5698,76.3,OPTIMAL
602,0.5211,0.5,OPTIMAL,1.918,1.8,OPTIMAL,3.9879,4.2,OPTIMAL,193.0059,189.1,OPTIMAL,29.0721,29.5571,OPTIMAL,74.4291,71.6,OPTIMAL
603,0.7006,0.7,OPTIMAL,2.269,2.1,OPTIMAL,3.6206,3.6,OPTIMAL,228.7481,231.0,EXCESSIVE,45.2977,45.7961,OPTIMAL,133.122,138.0,OPTIMAL
604,0.889,0.9,OPTIMAL,3.5164,3.6,OPTIMAL,4.0012,4.0,OPTIMAL,226.775,225.7,EXCESSIVE,18.3652,16.9561,OPTIMAL,75.9885,75.8,OPTIMAL
605,0.7787,0.8,OPTIMAL,3.5405,3.6,OPTIMAL,7.5081,7.6,OPTIMAL,465.2604,473.1,EXCESSIVE,23.7111,24.4443,OPTIMAL,75.8361,75.0,OPTIMAL
606,1.3302,1.4,OPTIMAL,2.4232,2.3,OPTIMAL,4.0339,3.9,OPTIMAL,125.5659,115.1,OPTIMAL,12.1203,11.2258,OPTIMAL,66.239,65.0,OPTIMAL
607,0.6057,0.6,OPTIMAL,1.8324,1.8,OPTIMAL,2.2701,2.2,OPTIMAL,195.9341,195.5,OPTIMAL,28.6819,29.2249,OPTIMAL,56.5386,53.7,OPTIMAL
608,0.623,0.6,OPTIMAL,2.4557,2.5,OPTIMAL,3.9313,3.9,OPTIMAL,219.4058,224.1,EXCESSIVE,14.3081,15.0883,OPTIMAL,100.7242,101.1,OPTIMAL
609,0.6225,0.6,OPTIMAL,2.8236,2.9,OPTIMAL,4.0486,4.1,OPTIMAL,212.9732,208.2,EXCESSIVE,39.3753,38.374,OPTIMAL,112.1831,113.7,OPTIMAL
610,0.9868,1.0,OPTIMAL,2.1499,2.2,OPTIMAL,4.4289,4.6,OPTIMAL,197.5195,202.8,OPTIMAL,11.6726,13.1236,OPTIMAL,116.01,114.3,OPTIMAL
611,0.7628,0.8,OPTIMAL,3.0563,3.1,OPTIMAL,3.8255,4.0,OPTIMAL,185.3535,183.9,OPTIMAL,26.4064,22.5206,OPTIMAL,105.1393,104.9,OPTIMAL
612,1.1875,1.2,OPTIMAL,2.8354,2.9,OPTIMAL,4.7392,4.6,OPTIMAL,172.4436,170.3,OPTIMAL,22.6004,19.2323,OPTIMAL,109.4579,107.0,OPTIMAL
613,0.7375,0.8,OPTIMAL,1.9332,2.1,OPTIMAL,1.7864,2.1,OPTIMAL,205.5108,208.7,EXCESSIVE,22.9231,21.6074,OPTIMAL,67.3161,66.5,OPTIMAL
614,0.7849,0.8,OPTIMAL,2.6638,2.6,OPTIMAL,3.8097,3.9,OPTIMAL,222.2534,219.0,EXCESSIVE,26.83,21.6962,OPTIMAL,128.1367,129.9,OPTIMAL
615,0.7405,0.7,OPTIMAL,2.6873,2.7,OPTIMAL,3.1668,2.8,OPTIMAL,274.5777,276.8,EXCESSIVE,30.4566,30.1281,OPTIMAL,126.4087,123.8,OPTIMAL
616,1.1243,1.2,OPTIMAL,2.6301,2.7,OPTIMAL,4.3297,4.3,OPTIMAL,197.6776,205.3,OPTIMAL,24.9312,26.5898,OPTIMAL,122.6061,131.6,OPTIMAL
617,0.9058,0.9,OPTIMAL,2.2936,2.2,OPTIMAL,3.7956,3.6,OPTIMAL,153.1147,147.5,OPTIMAL,11.5039,11.5213,OPTIMAL,64.6271,62.7,OPTIMAL
618,0.815,0.8,OPTIMAL,2.3893,2.4,OPTIMAL,6.4604,6.5,OPTIMAL,253.4151,258.3,EXCESSIVE,11.5697,11.2301,OPTIMAL,75.6133,76.7,OPTIMAL
619,0.7278,0.7,OPTIMAL,2.7729,2.8,OPTIMAL,3.1367,3.0,OPTIMAL,200.4735,202.2,EXCESSIVE,53.929,56.5649,EXCESSIVE,91.2261,85.5,OPTIMAL
620,0.8779,0.9,OPTIMAL,2.0327,1.9,OPTIMAL,7.9349,8.5,OPTIMAL,273.1085,281.0,EXCESSIVE,13.9996,12.6815,OPTIMAL,78.2002,80.1,OPTIMAL
621,0.7721,0.8,OPTIMAL,2.5724,2.6,OPTIMAL,3.2161,3.1,OPTIMAL,178.1126,173.8,OPTIMAL,42.3295,43.6323,OPTIMAL,102.3723,103.6,OPTIMAL
622,0.6307,0.6,OPTIMAL,2.3257,2.4,OPTIMAL,3.6443,3.3,OPTIMAL,242.0639,252.7,EXCESSIVE,9.9638,8.7739,DEFICIENT,102.9962,101.2,OPTIMAL
623,0.8085,0.8,OPTIMAL,2.8008,2.8,OPTIMAL,4.1619,3.9,OPTIMAL,368.6394,374.7,EXCESSIVE,31.5351,33.8909,OPTIMAL,86.3391,90.1,OPTIMAL
624,0.8748,0.9,OPTIMAL,2.3446,2.2,OPTIMAL,4.7894,4.7,OPTIMAL,237.1531,235.2,EXCESSIVE,13.7971,13.1073,OPTIMAL,94.8631,92.8,OPTIMAL
625,1.0174,1.0,OPTIMAL,2.7936,2.8,OPTIMAL,6.9977,6.9,OPTIMAL,227.0111,229.9,EXCESSIVE,33.2962,31.9923,OPTIMAL,104.6466,105.2,OPTIMAL
626,0.529,0.5,OPTIMAL,2.2953,2.2,OPTIMAL,3.613,3.6,OPTIMAL,204.5802,198.8,EXCESSIVE,49.805,51.1122,OPTIMAL,103.3343,106.8,OPTIMAL
627,0.5977,0.6,OPTIMAL,2.364,2.3,OPTIMAL,3.0477,2.9,OPTIMAL,244.8725,256.6,EXCESSIVE,48.8489,49.5578,OPTIMAL,81.039,72.5,OPTIMAL
628,1.0717,1.1,OPTIMAL,2.5641,2.6,OPTIMAL,4.064,4.2,OPTIMAL,196.893,205.5,OPTIMAL,12.204,14.0602,OPTIMAL,67.2355,68.4,OPTIMAL
629,0.5545,0.6,OPTIMAL,1.9087,2.0,OPTIMAL,2.901,2.9,OPTIMAL,216.1562,202.1,EXCESSIVE,40.6174,54.134,OPTIMAL,69.6027,63.1,OPTIMAL
630,1.2016,1.2,OPTIMAL,2.4395,2.5,OPTIMAL,5.1501,4.8,OPTIMAL,173.1773,181.3,OPTIMAL,22.3373,23.7108,OPTIMAL,95.9046,95.8,OPTIMAL
631,0.7416,0.7,OPTIMAL,3.1089,3.1,OPTIMAL,4.3423,4.3,OPTIMAL,192.9305,188.6,OPTIMAL,31.7181,30.5934,OPTIMAL,101.9017,102.4,OPTIMAL
632,1.0115,1.0,OPTIMAL,2.7556,2.7,OPTIMAL,5.3332,5.3,OPTIMAL,210.1102,209.6,EXCESSIVE,35.8013,38.8766,OPTIMAL,129.7212,136.3,OPTIMAL
633,0.9928,1.0,OPTIMAL,2.1832,2.1,OPTIMAL,3.1103,3.0,OPTIMAL,213.6045,214.5,EXCESSIVE,26.7948,25.2745,OPTIMAL,83.38,85.4,OPTIMAL
634,0.8793,0.9,OPTIMAL,2.7835,2.8,OPTIMAL,4.7468,4.6,OPTIMAL,257.313,265.7,EXCESSIVE,27.2563,26.6556,OPTIMAL,81.8119,83.7,OPTIMAL
635,1.1257,1.1,OPTIMAL,2.3723,2.3,OPTIMAL,6.3571,6.1,OPTIMAL,164.4101,158.7,OPTIMAL,24.6879,26.1951,OPTIMAL,77.4678,72.3,OPTIMAL
636,0.791,0.8,OPTIMAL,2.569,2.6,OPTIMAL,4.1769,4.3,OPTIMAL,218.3042,224.5,EXCESSIVE,29.568,23.8436,OPTIMAL,125.8333,128.4,OPTIMAL
637,1.1033,1.1,OPTIMAL,2.6361,2.7,OPTIMAL,5.4707,5.6,OPTIMAL,168.7329,173.7,OPTIMAL,23.3148,22.0934,OPTIMAL,89.3876,91.7,OPTIMAL
638,1.1834,1.2,OPTIMAL,2.3749,2.3,OPTIMAL,8.4794,8.7,EXCESSIVE,156.3842,154.2,OPTIMAL,25.4761,25.414,OPTIMAL,85.775,86.5,OPTIMAL
639,0.73,0.7,OPTIMAL,2.027,2.0,OPTIMAL,4.4257,4.2,OPTIMAL,201.0674,205.6,EXCESSIVE,14.7029,15.8543,OPTIMAL,105.3417,104.3,OPTIMAL
640,0.7298,0.7,OPTIMAL,2.3295,2.3,OPTIMAL,6.001,5.9,OPTIMAL,224.3961,219.8,EXCESSIVE,13.6249,12.8913,OPTIMAL,69.6717,65.4,OPTIMAL
641,0.938,0.9,OPTIMAL,2.2758,2.2,OPTIMAL,4.4546,4.2,OPTIMAL,165.3158,159.2,OPTIMAL,29.2976,31.9082,OPTIMAL,94.5478,95.9,OPTIMAL
642,0.9428,0.9,OPTIMAL,2.2052,2.1,OPTIMAL,5.1442,4.9,OPTIMAL,144.0995,137.9,OPTIMAL,22.77,22.2989,OPTIMAL,83.3767,81.9,OPTIMAL
643,0.965,1.0,OPTIMAL,1.9325,1.9,OPTIMAL,4.1242,4.1,OPTIMAL,172.225,166.2,OPTIMAL,10.6794,9.0006,OPTIMAL,88.9826,86.2,OPTIMAL
644,0.8165,0.8,OPTIMAL,2.3896,2.4,OPTIMAL,3.9071,3.7,OPTIMAL,200.1084,200.1,EXCESSIVE,33.726,35.6959,OPTIMAL,84.9627,85.4,OPTIMAL
645,0.7317,0.7,OPTIMAL,2.5581,2.5,OPTIMAL,3.869,3.9,OPTIMAL,252.0985,259.9,EXCESSIVE,34.5519,32.1455,OPTIMAL,108.287,106.2,OPTIMAL
646,1.1286,1.2,OPTIMAL,2.5088,2.6,OPTIMAL,4.6252,4.5,OPTIMAL,148.6253,143.5,OPTIMAL,24.6044,25.9093,OPTIMAL,101.929,107.5,OPTIMAL
647,1.0521,1.0,OPTIMAL,2.1535,2.0,OPTIMAL,4.4418,3.8,OPTIMAL,144.36,136.0,OPTIMAL,22.6857,24.826,OPTIMAL,87.9528,88.7,OPTIMAL
648,0.6491,0.6,OPTIMAL,3.2088,3.2,OPTIMAL,4.1871,4.2,OPTIMAL,219.0077,221.8,EXCESSIVE,33.8308,33.8596,OPTIMAL,108.9402,105.9,OPTIMAL
649,1.179,1.2,OPTIMAL,2.4864,2.4,OPTIMAL,8.3724,8.6,EXCESSIVE,168.7883,163.2,OPTIMAL,25.1729,25.9574,OPTIMAL,84.0854,83.6,OPTIMAL
650,1.0184,1.0,OPTIMAL,2.4109,2.5,OPTIMAL,3.2303,2.6,OPTIMAL,174.5448,176.0,OPTIMAL,21.4301,21.7183,OPTIMAL,80.2024,71.2,OPTIMAL
651,0.6251,0.6,OPTIMAL,2.2758,2.3,OPTIMAL,3.6865,3.4,OPTIMAL,285.5039,295.9,EXCESSIVE,23.1365,20.7248,OPTIMAL,82.0145,80.3,OPTIMAL
652,1.1085,1.1,OPTIMAL,2.4974,2.4,OPTIMAL,4.9623,5.1,OPTIMAL,162.2024,156.6,OPTIMAL,24.9797,27.2563,OPTIMAL,87.47,87.9,OPTIMAL
653,0.7938,0.8,OPTIMAL,2.5715,2.6,OPTIMAL,3.7964,4.1,OPTIMAL,207.7218,204.8,EXCESSIVE,25.4645,22.7322,OPTIMAL,111.5201,111.1,OPTIMAL
654,0.9925,1.0,OPTIMAL,2.1331,2.1,OPTIMAL,4.0216,4.0,OPTIMAL,192.9289,184.0,OPTIMAL,10.1409,9.9679,OPTIMAL,124.7282,127.0,OPTIMAL
655,0.6908,0.7,OPTIMAL,2.1512,2.1,OPTIMAL,2.8522,2.9,OPTIMAL,199.8823,194.3,OPTIMAL,28.3647,29.3088,OPTIMAL,78.01,74.3,OPTIMAL
656,0.7939,0.8,OPTIMAL,3.1324,3.2,OPTIMAL,5.1741,5.6,OPTIMAL,210.6438,215.8,EXCESSIVE,34.8427,35.1005,OPTIMAL,114.6887,116.5,OPTIMAL
657,1.1026,1.1,OPTIMAL,2.6213,2.6,OPTIMAL,5.3744,4.9,OPTIMAL,219.9169,211.4,EXCESSIVE,37.6796,40.7877,OPTIMAL,85.5288,88.3,OPTIMAL
658,0.6363,0.6,OPTIMAL,2.4332,2.4,OPTIMAL,3.2873,3.2,OPTIMAL,242.464,249.8,EXCESSIVE,32.6983,32.4629,OPTIMAL,125.9887,127.8,OPTIMAL
659,0.6975,0.7,OPTIMAL,2.1056,2.1,OPTIMAL,6.2971,6.4,OPTIMAL,253.547,251.4,EXCESSIVE,12.254,10.2517,OPTIMAL,57.7013,56.7,OPTIMAL
660,1.093,1.1,OPTIMAL,2.6231,2.6,OPTIMAL,4.2887,4.5,OPTIMAL,183.6988,184.8,OPTIMAL,12.0134,13.1044,OPTIMAL,66.6571,67.6,OPTIMAL
661,0.6078,0.6,OPTIMAL,2.2495,2.2,OPTIMAL,3.013,2.9,OPTIMAL,183.5964,179.0,OPTIMAL,30.8266,29.5574,OPTIMAL,82.2623,83.7,OPTIMAL
662,0.7618,0.8,OPTIMAL,2.4983,2.4,OPTIMAL,3.2978,3.3,OPTIMAL,218.5988,213.8,EXCESSIVE,31.0175,31.7428,OPTIMAL,104.823,106.4,OPTIMAL
663,1.1867,1.2,OPTIMAL,3.1627,3.2,OPTIMAL,6.1311,6.1,OPTIMAL,212.8369,216.8,EXCESSIVE,36.029,38.9289,OPTIMAL,102.0384,102.0,OPTIMAL
664,1.2329,1.3,OPTIMAL,2.6809,2.8,OPTIMAL,4.3262,4.7,OPTIMAL,173.9761,192.4,OPTIMAL,22.3037,25.5843,OPTIMAL,93.359,100.0,OPTIMAL
665,0.934,0.9,OPTIMAL,2.5716,2.6,OPTIMAL,4.3393,4.6,OPTIMAL,198.5355,206.2,OPTIMAL,13.7875,16.8177,OPTIMAL,65.4203,63.4,OPTIMAL
666,0.9864,1.0,OPTIMAL,2.4331,2.4,OPTIMAL,5.2233,5.4,OPTIMAL,242.2868,236.8,EXCESSIVE,12.4242,10.7055,OPTIMAL,135.667,139.5,OPTIMAL
667,0.7159,0.7,OPTIMAL,2.4699,2.4,OPTIMAL,3.624,3.4,OPTIMAL,205.1537,205.9,EXCESSIVE,24.8139,20.9336,OPTIMAL,112.6263,115.5,OPTIMAL
668,0.4169,0.4,DEFICIENT,2.4189,2.3,OPTIMAL,3.0282,3.0,OPTIMAL,218.5549,219.1,EXCESSIVE,44.4947,41.5579,OPTIMAL,92.9245,92.6,OPTIMAL
669,0.6167,0.6,OPTIMAL,2.2592,2.3,OPTIMAL,2.3809,2.3,OPTIMAL,204.1064,203.6,EXCESSIVE,41.2688,46.2722,OPTIMAL,76.4998,78.5,OPTIMAL
670,0.5929,0.6,OPTIMAL,2.0777,2.1,OPTIMAL,1.954,2.1,OPTIMAL,205.0776,204.8,EXCESSIVE,25.127,23.8939,OPTIMAL,70.9909,70.1,OPTIMAL
671,0.7112,0.7,OPTIMAL,2.5076,2.5,OPTIMAL,1.9715,1.9,OPTIMAL,203.4584,203.5,EXCESSIVE,26.9176,25.6499,OPTIMAL,81.3165,80.9,OPTIMAL
672,1.0002,1.0,OPTIMAL,2.7843,2.8,OPTIMAL,4.4853,4.6,OPTIMAL,221.9345,228.4,EXCESSIVE,36.8577,40.4981,OPTIMAL,136.3247,141.0,OPTIMAL
673,0.7256,0.7,OPTIMAL,2.1434,2.1,OPTIMAL,4.8088,5.0,OPTIMAL,249.1241,257.2,EXCESSIVE,16.3234,18.7692,OPTIMAL,124.5533,124.8,OPTIMAL
674,0.997,1.0,OPTIMAL,3.1093,3.1,OPTIMAL,5.079,5.3,OPTIMAL,208.3109,209.1,EXCESSIVE,17.7685,16.0792,OPTIMAL,96.573,96.2,OPTIMAL
675,1.1831,1.2,OPTIMAL,2.6674,2.7,OPTIMAL,4.7884,4.6,OPTIMAL,169.5807,169.2,OPTIMAL,21.5217,21.469,OPTIMAL,86.9433,83.8,OPTIMAL
676,1.2182,1.2,OPTIMAL,2.4204,2.4,OPTIMAL,4.2998,3.9,OPTIMAL,156.629,149.6,OPTIMAL,25.2044,28.1893,OPTIMAL,89.5442,89.6,OPTIMAL
677,0.6115,0.6,OPTIMAL,2.4967,2.5,OPTIMAL,3.6736,3.7,OPTIMAL,167.0768,162.9,OPTIMAL,33.1342,33.1697,OPTIMAL,97.011,97.6,OPTIMAL
678,0.881,0.9,OPTIMAL,3.5553,3.6,OPTIMAL,6.2602,6.4,OPTIMAL,187.8742,182.3,OPTIMAL,20.4169,17.26,OPTIMAL,78.9916,74.8,OPTIMAL
679,1.0326,1.0,OPTIMAL,2.6096,2.6,OPTIMAL,3.4015,3.3,OPTIMAL,178.8868,186.1,OPTIMAL,22.9798,24.2136,OPTIMAL,92.0611,91.2,OPTIMAL
680,1.0493,1.0,OPTIMAL,3.5858,3.7,OPTIMAL,5.0244,4.7,OPTIMAL,214.3083,213.1,EXCESSIVE,32.314,31.7917,OPTIMAL,80.5015,79.7,OPTIMAL
681,0.5067,0.5,OPTIMAL,2.2496,2.2,OPTIMAL,2.0934,1.9,OPTIMAL,281.1464,289.3,EXCESSIVE,32.5679,34.3365,OPTIMAL,89.4247,87.1,OPTIMAL
682,1.1625,1.2,OPTIMAL,2.1582,2.0,OPTIMAL,3.0396,2.3,OPTIMAL,162.3916,166.3,OPTIMAL,25.7471,27.8786,OPTIMAL,99.7258,101.8,OPTIMAL
683,0.921,0.9,OPTIMAL,2.627,2.7,OPTIMAL,3.9099,4.1,OPTIMAL,193.6505,202.0,OPTIMAL,12.0714,9.1036,OPTIMAL,64.0489,61.1,OPTIMAL
684,1.267,1.3,OPTIMAL,2.2088,2.1,OPTIMAL,5.3236,5.3,OPTIMAL,161.5583,160.5,OPTIMAL,21.1165,20.0197,OPTIMAL,86.1569,80.3,OPTIMAL
685,1.1769,1.2,OPTIMAL,2.7889,2.8,OPTIMAL,5.0541,4.9,OPTIMAL,210.6715,210.4,EXCESSIVE,30.5551,30.2099,OPTIMAL,81.1957,79.7,OPTIMAL
686,0.7755,0.8,OPTIMAL,3.1167,3.2,OPTIMAL,4.8784,5.2,OPTIMAL,214.341,218.9,EXCESSIVE,38.2439,38.1027,OPTIMAL,132.0349,134.1,OPTIMAL
687,1.1639,1.2,OPTIMAL,2.2665,2.3,OPTIMAL,3.5209,3.5,OPTIMAL,157.3045,157.5,OPTIMAL,19.1418,17.0945,OPTIMAL,79.9651,79.4,OPTIMAL
688,0.7778,0.8,OPTIMAL,2.6692,2.6,OPTIMAL,3.4697,3.2,OPTIMAL,227.8348,234.9,EXCESSIVE,49.7762,53.5793,OPTIMAL,106.5759,106.4,OPTIMAL
689,1.0277,1.0,OPTIMAL,2.3157,2.3,OPTIMAL,5.5166,5.6,OPTIMAL,156.4285,158.5,OPTIMAL,26.7577,28.7733,OPTIMAL,80.1607,78.2,OPTIMAL
690,0.7435,0.7,OPTIMAL,2.6413,2.7,OPTIMAL,3.4013,3.4,OPTIMAL,180.7087,187.7,OPTIMAL,39.2236,40.2637,OPTIMAL,100.6697,101.9,OPTIMAL
691,0.7277,0.7,OPTIMAL,2.0836,2.1,OPTIMAL,4.3433,4.3,OPTIMAL,220.8732,227.7,EXCESSIVE,13.9184,14.0938,OPTIMAL,101.2491,103.1,OPTIMAL
692,0.7277,0.7,OPTIMAL,2.5747,2.5,OPTIMAL,3.6286,3.4,OPTIMAL,200.1172,200.0,EXCESSIVE,36.9047,37.5307,OPTIMAL,97.1019,92.1,OPTIMAL
693,0.678,0.7,OPTIMAL,2.5761,2.5,OPTIMAL,3.3664,3.3,OPTIMAL,213.414,214.4,EXCESSIVE,33.8938,31.1118,OPTIMAL,96.9991,99.6,OPTIMAL
694,1.004,1.0,OPTIMAL,3.0308,3.1,OPTIMAL,4.4109,4.1,OPTIMAL,216.4157,216.7,EXCESSIVE,28.9904,27.4979,OPTIMAL,90.2026,90.6,OPTIMAL
695,1.1235,1.1,OPTIMAL,2.2925,2.2,OPTIMAL,4.4935,4.4,OPTIMAL,170.3796,167.7,OPTIMAL,19.4157,17.3277,OPTIMAL,86.9903,84.5,OPTIMAL
696,0.4374,0.4,DEFICIENT,2.6069,2.5,OPTIMAL,8.0958,8.3,EXCESSIVE,425.7518,437.4,EXCESSIVE,16.0603,12.977,OPTIMAL,56.9614,52.3,OPTIMAL
697,0.7661,0.8,OPTIMAL,3.5874,3.6,OPTIMAL,4.9386,5.1,OPTIMAL,212.6787,203.3,EXCESSIVE,28.2006,25.64,OPTIMAL,126.7491,128.2,OPTIMAL
698,0.8187,0.8,OPTIMAL,2.3367,2.3,OPTIMAL,4.3012,4.4,OPTIMAL,174.5397,176.5,OPTIMAL,10.8133,9.255,OPTIMAL,63.6507,60.4,OPTIMAL
699,0.8801,0.9,OPTIMAL,3.2821,3.4,OPTIMAL,9.1856,9.7,EXCESSIVE,212.6516,218.5,EXCESSIVE,31.2358,32.6282,OPTIMAL,67.8238,67.0,OPTIMAL
700,1.2348,1.3,OPTIMAL,2.6572,2.8,OPTIMAL,5.5689,5.6,OPTIMAL,162.1004,171.6,OPTIMAL,20.7263,21.5997,OPTIMAL,98.6322,98.3,OPTIMAL
701,1.0231,1.0,OPTIMAL,2.954,3.0,OPTIMAL,5.7328,5.9,OPTIMAL,201.3083,202.2,EXCESSIVE,29.7098,31.0131,OPTIMAL,118.9769,118.1,OPTIMAL
702,0.5139,0.5,OPTIMAL,2.2528,2.2,OPTIMAL,3.2591,3.1,OPTIMAL,193.19,187.3,OPTIMAL,35.392,38.5534,OPTIMAL,98.7568,94.3,OPTIMAL
703,1.079,1.1,OPTIMAL,2.4087,2.4,OPTIMAL,4.7868,4.7,OPTIMAL,186.4866,175.9,OPTIMAL,23.6705,17.7679,OPTIMAL,105.2144,106.8,OPTIMAL
704,0.859,0.9,OPTIMAL,2.938,3.0,OPTIMAL,3.8944,4.1,OPTIMAL,234.8564,245.9,EXCESSIVE,37.8455,37.2291,OPTIMAL,135.4589,142.5,OPTIMAL
705,0.7931,0.8,OPTIMAL,2.3159,2.3,OPTIMAL,2.2385,2.2,OPTIMAL,213.8392,212.5,EXCESSIVE,19.7956,19.59,OPTIMAL,87.673,88.8,OPTIMAL
706,0.7162,0.7,OPTIMAL,2.5428,2.6,OPTIMAL,3.0975,3.0,OPTIMAL,266.5472,277.6,EXCESSIVE,53.4567,56.7075,EXCESSIVE,130.9404,132.6,OPTIMAL
707,1.0741,1.1,OPTIMAL,2.5013,2.5,OPTIMAL,7.6841,8.0,OPTIMAL,152.0848,147.3,OPTIMAL,24.0393,23.7215,OPTIMAL,90.7289,90.3,OPTIMAL
708,0.7292,0.7,OPTIMAL,2.9006,2.9,OPTIMAL,4.2354,4.3,OPTIMAL,191.5804,198.0,OPTIMAL,38.9929,41.8578,OPTIMAL,107.0245,107.4,OPTIMAL
709,1.1048,1.1,OPTIMAL,2.4496,2.5,OPTIMAL,5.7686,6.0,OPTIMAL,192.3429,208.0,OPTIMAL,19.9664,18.905,OPTIMAL,91.6879,100.6,OPTIMAL
710,0.6037,0.6,OPTIMAL,2.1834,2.2,OPTIMAL,1.8515,1.7,OPTIMAL,184.9501,187.1,OPTIMAL,21.07,20.4705,OPTIMAL,56.7333,54.0,OPTIMAL
711,0.8864,0.9,OPTIMAL,2.7732,2.8,OPTIMAL,3.9035,3.9,OPTIMAL,207.5822,206.1,EXCESSIVE,27.7791,26.718,OPTIMAL,69.5194,67.5,OPTIMAL
712,0.7876,0.8,OPTIMAL,3.2309,3.2,OPTIMAL,4.6048,4.4,OPTIMAL,194.1087,186.6,OPTIMAL,32.1106,31.1887,OPTIMAL,101.9146,97.4,OPTIMAL
713,0.5514,0.5,OPTIMAL,1.9415,1.9,OPTIMAL,3.2404,3.3,OPTIMAL,242.8997,243.6,EXCESSIVE,25.6007,24.6274,OPTIMAL,100.809,102.7,OPTIMAL
714,0.733,0.7,OPTIMAL,2.8659,2.8,OPTIMAL,3.1777,2.9,OPTIMAL,192.1864,187.4,OPTIMAL,31.5076,30.8254,OPTIMAL,113.4047,112.1,OPTIMAL
715,0.6142,0.6,OPTIMAL,2.6794,2.7,OPTIMAL,3.7221,3.3,OPTIMAL,276.7213,278.4,EXCESSIVE,19.4424,19.9571,OPTIMAL,130.2425,135.7,OPTIMAL
716,0.9845,1.0,OPTIMAL,2.6,2.6,OPTIMAL,7.2022,7.5,OPTIMAL,259.6603,262.7,EXCESSIVE,26.6344,26.6788,OPTIMAL,91.8253,86.5,OPTIMAL
717,0.6782,0.7,OPTIMAL,2.7564,2.7,OPTIMAL,4.6147,4.8,OPTIMAL,212.5705,215.2,EXCESSIVE,49.4503,51.3682,OPTIMAL,117.5448,119.0,OPTIMAL
718,0.8789,0.9,OPTIMAL,2.1033,2.1,OPTIMAL,4.4104,4.3,OPTIMAL,182.7134,174.3,OPTIMAL,12.8939,10.405,OPTIMAL,92.4343,91.9,OPTIMAL
719,1.003,1.0,OPTIMAL,2.185,2.2,OPTIMAL,4.9032,4.8,OPTIMAL,216.9557,212.8,EXCESSIVE,29.2826,30.5846,OPTIMAL,81.5726,83.5,OPTIMAL
720,1.0556,1.1,OPTIMAL,2.699,2.7,OPTIMAL,5.4063,5.4,OPTIMAL,189.6699,187.2,OPTIMAL,30.3304,29.6603,OPTIMAL,108.7691,101.4,OPTIMAL
721,0.8817,0.9,OPTIMAL,2.6393,2.7,OPTIMAL,3.3139,3.2,OPTIMAL,191.767,185.6,OPTIMAL,22.8956,19.8778,OPTIMAL,103.4062,101.4,OPTIMAL
722,0.893,0.9,OPTIMAL,2.517,2.5,OPTIMAL,2.6233,2.4,OPTIMAL,192.902,185.0,OPTIMAL,47.0678,51.6625,OPTIMAL,78.5248,79.7,OPTIMAL
723,0.8912,0.9,OPTIMAL,2.5238,2.6,OPTIMAL,5.8956,6.5,OPTIMAL,233.2926,233.8,EXCESSIVE,12.5024,13.0167,OPTIMAL,99.9824,97.8,OPTIMAL
724,1.2804,1.3,OPTIMAL,3.3589,3.5,OPTIMAL,4.5663,4.5,OPTIMAL,317.23,329.0,EXCESSIVE,36.9518,39.0732,OPTIMAL,117.9784,120.1,OPTIMAL
725,0.9905,1.0,OPTIMAL,1.8607,1.7,OPTIMAL,2.6654,2.2,OPTIMAL,146.3334,131.6,OPTIMAL,22.8856,23.2436,OPTIMAL,87.1951,87.7,OPTIMAL
726,0.5998,0.6,OPTIMAL,1.9872,2.1,OPTIMAL,2.1986,2.2,OPTIMAL,191.2832,182.4,OPTIMAL,26.9725,28.4284,OPTIMAL,89.796,92.1,OPTIMAL
727,0.697,0.7,OPTIMAL,2.3956,2.5,OPTIMAL,4.5763,4.4,OPTIMAL,208.3867,203.2,EXCESSIVE,11.0111,10.9283,OPTIMAL,91.864,87.4,OPTIMAL
728,0.6797,0.7,OPTIMAL,2.8935,2.9,OPTIMAL,3.7157,3.8,OPTIMAL,241.4571,244.3,EXCESSIVE,44.0099,50.5413,OPTIMAL,112.744,115.3,OPTIMAL
729,0.8887,0.8,OPTIMAL,2.5985,2.5,OPTIMAL,4.4888,4.5,OPTIMAL,193.5508,187.1,OPTIMAL,34.3253,38.4506,OPTIMAL,90.3426,84.3,OPTIMAL
730,0.776,0.8,OPTIMAL,3.0625,3.1,OPTIMAL,4.2673,4.6,OPTIMAL,195.6841,194.9,OPTIMAL,36.8764,37.1589,OPTIMAL,115.3579,115.2,OPTIMAL
731,0.6879,0.7,OPTIMAL,2.5552,2.5,OPTIMAL,3.4875,3.6,OPTIMAL,209.3933,213.6,EXCESSIVE,37.2815,37.5987,OPTIMAL,97.6,96.2,OPTIMAL
732,0.7156,0.7,OPTIMAL,3.0613,3.1,OPTIMAL,3.9188,3.7,OPTIMAL,209.5883,205.2,EXCESSIVE,35.3497,35.6106,OPTIMAL,115.7441,116.5,OPTIMAL
733,1.1999,1.2,OPTIMAL,3.0642,3.1,OPTIMAL,8.3037,8.6,EXCESSIVE,232.972,235.1,EXCESSIVE,25.2542,25.2717,OPTIMAL,98.8102,99.0,OPTIMAL
734,0.74,0.8,OPTIMAL,2.4751,2.7,OPTIMAL,2.6538,2.7,OPTIMAL,183.1117,185.2,OPTIMAL,25.7042,29.1985,OPTIMAL,65.1929,60.8,OPTIMAL
735,0.6865,0.7,OPTIMAL,2.7817,2.8,OPTIMAL,9.9726,10.2,EXCESSIVE,385.9013,393.6,EXCESSIVE,75.607,78.5015,EXCESSIVE,60.2995,59.4,OPTIMAL
736,0.6261,0.6,OPTIMAL,2.4224,2.4,OPTIMAL,2.454,2.1,OPTIMAL,261.7065,272.8,EXCESSIVE,28.4319,28.2264,OPTIMAL,68.8995,65.9,OPTIMAL
737,1.1116,1.1,OPTIMAL,2.9092,3.0,OPTIMAL,6.0563,5.9,OPTIMAL,309.3631,314.9,EXCESSIVE,37.7821,39.9502,OPTIMAL,92.721,89.1,OPTIMAL
738,0.7916,0.8,OPTIMAL,2.4566,2.4,OPTIMAL,7.3305,7.9,OPTIMAL,192.4846,193.2,OPTIMAL,40.8906,40.7747,OPTIMAL,98.3601,99.3,OPTIMAL
739,0.7069,0.7,OPTIMAL,2.6296,2.7,OPTIMAL,2.733,2.9,OPTIMAL,188.1385,181.1,OPTIMAL,24.8682,23.521,OPTIMAL,76.493,70.2,OPTIMAL
740,1.1475,1.2,OPTIMAL,2.6235,2.7,OPTIMAL,3.9521,4.0,OPTIMAL,164.5235,169.9,OPTIMAL,12.6732,14.5307,OPTIMAL,67.9004,67.4,OPTIMAL
741,0.8081,0.8,OPTIMAL,2.6722,2.7,OPTIMAL,3.9475,4.0,OPTIMAL,228.0481,236.5,EXCESSIVE,26.081,26.7879,OPTIMAL,90.4019,92.0,OPTIMAL
742,1.0025,1.0,OPTIMAL,2.2901,2.2,OPTIMAL,5.4104,5.3,OPTIMAL,190.1391,186.2,OPTIMAL,27.3453,28.1435,OPTIMAL,122.2258,127.8,OPTIMAL
743,0.6335,0.6,OPTIMAL,3.5233,3.8,OPTIMAL,4.0229,4.9,OPTIMAL,224.9953,228.5,EXCESSIVE,25.5371,22.798,OPTIMAL,90.977,87.9,OPTIMAL
744,1.137,1.1,OPTIMAL,2.1226,2.0,OPTIMAL,2.7005,2.2,OPTIMAL,162.8851,166.9,OPTIMAL,18.3874,17.0398,OPTIMAL,75.3178,71.8,OPTIMAL
745,0.6131,0.6,OPTIMAL,2.48,2.5,OPTIMAL,3.6542,3.7,OPTIMAL,217.4346,217.2,EXCESSIVE,25.7158,25.2102,OPTIMAL,83.625,84.0,OPTIMAL
746,0.6095,0.6,OPTIMAL,2.5244,2.5,OPTIMAL,3.1618,3.3,OPTIMAL,227.5442,236.8,EXCESSIVE,41.6234,43.126,OPTIMAL,116.4291,118.3,OPTIMAL
747,0.8361,0.9,OPTIMAL,2.9901,3.0,OPTIMAL,7.1073,7.2,OPTIMAL,304.5239,286.0,EXCESSIVE,15.1318,14.9621,OPTIMAL,69.2815,77.0,OPTIMAL
748,1.1986,1.2,OPTIMAL,3.34,3.4,OPTIMAL,9.1375,9.3,EXCESSIVE,214.0359,210.2,EXCESSIVE,29.2199,27.8587,OPTIMAL,114.5697,114.5,OPTIMAL
749,1.0319,1.0,OPTIMAL,2.2738,2.2,OPTIMAL,6.3108,6.7,OPTIMAL,151.3979,145.2,OPTIMAL,29.6732,31.9296,OPTIMAL,80.5195,74.4,OPTIMAL
750,0.8028,0.8,OPTIMAL,2.7313,2.8,OPTIMAL,3.7517,3.7,OPTIMAL,198.5835,204.7,OPTIMAL,54.2433,60.8488,EXCESSIVE,108.1782,114.8,OPTIMAL
751,0.8906,0.9,OPTIMAL,2.0903,2.1,OPTIMAL,5.8144,6.2,OPTIMAL,231.5477,234.2,EXCESSIVE,20.5732,23.5159,OPTIMAL,126.7793,130.4,OPTIMAL
752,0.9458,1.0,OPTIMAL,2.1208,2.1,OPTIMAL,2.6222,2.7,OPTIMAL,221.5192,228.7,EXCESSIVE,25.7841,25.1268,OPTIMAL,80.1673,81.4,OPTIMAL
753,0.7489,0.7,OPTIMAL,3.1903,3.1,OPTIMAL,4.8573,4.8,OPTIMAL,205.6808,206.5,EXCESSIVE,39.7234,41.0131,OPTIMAL,116.7036,115.9,OPTIMAL
754,0.8601,0.9,OPTIMAL,2.2164,2.3,OPTIMAL,2.452,2.6,OPTIMAL,206.6259,205.9,EXCESSIVE,27.9845,25.3756,OPTIMAL,88.788,94.1,OPTIMAL
755,0.8018,0.8,OPTIMAL,2.4195,2.4,OPTIMAL,2.7484,2.5,OPTIMAL,217.173,222.6,EXCESSIVE,31.8295,31.9985,OPTIMAL,113.4556,118.1,OPTIMAL
756,1.0635,1.1,OPTIMAL,2.6844,2.8,OPTIMAL,4.3135,4.5,OPTIMAL,180.0881,184.5,OPTIMAL,11.7277,13.8851,OPTIMAL,67.2325,66.6,OPTIMAL
757,0.7646,0.7,OPTIMAL,2.6409,2.7,OPTIMAL,4.4505,4.8,OPTIMAL,264.1353,276.5,EXCESSIVE,11.3868,12.1524,OPTIMAL,63.9485,62.4,OPTIMAL
758,0.7812,0.8,OPTIMAL,1.847,1.8,OPTIMAL,2.1709,2.0,OPTIMAL,178.9801,170.7,OPTIMAL,33.3786,33.8624,OPTIMAL,77.2662,74.0,OPTIMAL
759,0.9993,1.0,OPTIMAL,2.2713,2.3,OPTIMAL,6.1386,6.6,OPTIMAL,137.3439,133.5,OPTIMAL,19.805,18.2098,OPTIMAL,86.4386,83.5,OPTIMAL
760,1.125,1.1,OPTIMAL,2.352,2.3,OPTIMAL,6.7865,6.7,OPTIMAL,166.9164,167.5,OPTIMAL,25.6306,24.618,OPTIMAL,84.9481,83.6,OPTIMAL
761,0.5283,0.5,OPTIMAL,2.6342,2.8,OPTIMAL,2.8293,2.9,OPTIMAL,195.4116,193.7,OPTIMAL,28.2894,29.6256,OPTIMAL,100.5613,102.9,OPTIMAL
762,0.9032,0.9,OPTIMAL,2.5979,2.6,OPTIMAL,4.2572,4.4,OPTIMAL,202.2698,212.1,EXCESSIVE,11.427,10.1749,OPTIMAL,65.5602,65.4,OPTIMAL
763,1.1261,1.1,OPTIMAL,2.327,2.4,OPTIMAL,4.1735,4.1,OPTIMAL,160.1404,159.9,OPTIMAL,20.7803,23.3116,OPTIMAL,87.1523,86.3,OPTIMAL
764,0.9833,1.0,OPTIMAL,2.5781,2.4,OPTIMAL,3.0315,2.8,OPTIMAL,149.1243,124.8,OPTIMAL,28.0783,27.6038,OPTIMAL,145.527,151.6,OPTIMAL
765,0.3454,0.3,DEFICIENT,2.2192,2.3,OPTIMAL,1.9914,1.8,OPTIMAL,205.103,208.1,EXCESSIVE,21.5381,19.5649,OPTIMAL,85.3392,80.6,OPTIMAL
766,0.5247,0.5,OPTIMAL,2.8012,2.8,OPTIMAL,6.1271,6.0,OPTIMAL,268.9345,269.4,EXCESSIVE,16.6049,16.4598,OPTIMAL,71.1063,69.6,OPTIMAL
767,0.9917,1.0,OPTIMAL,2.2299,2.2,OPTIMAL,4.2651,3.7,OPTIMAL,146.9227,147.9,OPTIMAL,22.1352,21.1694,OPTIMAL,77.3816,71.6,OPTIMAL
768,0.6746,0.7,OPTIMAL,2.86,2.9,OPTIMAL,8.3049,8.6,EXCESSIVE,402.5005,405.0,EXCESSIVE,17.1952,15.8213,OPTIMAL,74.5793,79.1,OPTIMAL
769,0.7966,0.8,OPTIMAL,2.8796,2.8,OPTIMAL,4.2122,4.2,OPTIMAL,203.7771,204.0,EXCESSIVE,45.9109,46.5339,OPTIMAL,97.7249,100.1,OPTIMAL
770,0.7115,0.7,OPTIMAL,2.5122,2.5,OPTIMAL,3.4969,3.5,OPTIMAL,193.0217,195.0,OPTIMAL,29.6264,29.8483,OPTIMAL,97.3273,98.0,OPTIMAL
771,0.9512,1.0,OPTIMAL,2.5034,2.5,OPTIMAL,4.4632,4.7,OPTIMAL,230.4564,233.1,EXCESSIVE,23.6212,23.0211,OPTIMAL,72.9059,71.0,OPTIMAL
772,0.9866,1.0,OPTIMAL,3.3327,3.3,OPTIMAL,7.5193,7.5,OPTIMAL,204.2742,200.4,EXCESSIVE,21.0973,22.5343,OPTIMAL,81.0814,78.8,OPTIMAL
773,1.0868,1.1,OPTIMAL,2.3002,2.3,OPTIMAL,4.9978,5.1,OPTIMAL,156.3458,157.7,OPTIMAL,25.7359,26.6467,OPTIMAL,85.7778,88.1,OPTIMAL
774,0.9424,0.9,OPTIMAL,3.7346,3.9,OPTIMAL,12.3695,13.3,EXCESSIVE,207.5946,193.6,EXCESSIVE,27.6315,26.0004,OPTIMAL,88.9189,91.4,OPTIMAL
775,0.7988,0.8,OPTIMAL,2.623,2.7,OPTIMAL,3.3738,3.6,OPTIMAL,186.6869,192.3,OPTIMAL,37.3634,38.9864,OPTIMAL,104.4695,108.0,OPTIMAL
776,0.8117,0.8,OPTIMAL,2.8601,3.1,OPTIMAL,6.5317,6.3,OPTIMAL,231.4489,224.5,EXCESSIVE,13.1272,12.4669,OPTIMAL,70.8722,68.3,OPTIMAL
777,0.7273,0.7,OPTIMAL,2.5393,2.4,OPTIMAL,3.1928,2.5,OPTIMAL,199.0428,189.9,OPTIMAL,26.4724,23.1251,OPTIMAL,98.4237,93.7,OPTIMAL
778,1.2629,1.3,OPTIMAL,2.3731,2.3,OPTIMAL,4.9671,4.8,OPTIMAL,157.5182,161.9,OPTIMAL,21.1259,20.9005,OPTIMAL,86.8822,84.0,OPTIMAL
779,1.0321,1.0,OPTIMAL,2.5139,2.5,OPTIMAL,4.5071,4.4,OPTIMAL,178.7587,179.1,OPTIMAL,22.0616,20.9498,OPTIMAL,72.4048,70.6,OPTIMAL
780,0.7238,0.7,OPTIMAL,2.836,2.8,OPTIMAL,3.4202,3.3,OPTIMAL,222.4617,229.3,EXCESSIVE,28.0295,27.0583,OPTIMAL,98.5394,96.0,OPTIMAL
781,0.8342,0.9,OPTIMAL,2.0667,2.0,OPTIMAL,3.7196,3.6,OPTIMAL,216.4132,213.5,EXCESSIVE,25.5589,22.5058,OPTIMAL,110.8803,113.6,OPTIMAL
782,0.7891,0.8,OPTIMAL,4.0821,4.3,OPTIMAL,5.7817,6.1,OPTIMAL,211.2413,208.5,EXCESSIVE,45.6031,49.2853,OPTIMAL,124.999,129.5,OPTIMAL
783,0.7251,0.7,OPTIMAL,3.7813,3.9,OPTIMAL,2.3226,2.3,OPTIMAL,246.974,250.8,EXCESSIVE,30.0364,30.7477,OPTIMAL,74.4162,75.8,OPTIMAL
784,0.6074,0.6,OPTIMAL,2.2829,2.3,OPTIMAL,3.5502,3.5,OPTIMAL,193.0277,186.0,OPTIMAL,31.8176,32.8613,OPTIMAL,109.8704,112.6,OPTIMAL
785,0.5623,0.5,OPTIMAL,2.0827,2.0,OPTIMAL,2.541,2.4,OPTIMAL,201.1448,198.9,EXCESSIVE,40.4096,43.5549,OPTIMAL,86.8215,87.7,OPTIMAL
786,0.9029,0.9,OPTIMAL,2.2551,2.3,OPTIMAL,2.8659,2.7,OPTIMAL,241.1476,249.9,EXCESSIVE,25.7304,24.0127,OPTIMAL,71.6826,72.5,OPTIMAL
787,0.8968,0.9,OPTIMAL,2.0161,2.0,OPTIMAL,3.8981,4.0,OPTIMAL,181.5696,184.1,OPTIMAL,30.3913,30.3086,OPTIMAL,60.5286,58.7,OPTIMAL
788,0.8969,1.0,OPTIMAL,3.0666,3.2,OPTIMAL,3.4478,3.8,OPTIMAL,217.8322,219.0,EXCESSIVE,32.7992,35.0042,OPTIMAL,110.8935,114.4,OPTIMAL
789,0.7502,0.7,OPTIMAL,2.0385,2.0,OPTIMAL,4.2482,4.3,OPTIMAL,170.2666,172.1,OPTIMAL,11.2938,10.8663,OPTIMAL,86.94,84.1,OPTIMAL
790,0.6038,0.6,OPTIMAL,3.2475,3.3,OPTIMAL,3.7284,3.7,OPTIMAL,197.6933,196.3,OPTIMAL,31.6384,32.188,OPTIMAL,76.9323,75.9,OPTIMAL
791,1.0843,1.1,OPTIMAL,2.3279,2.3,OPTIMAL,4.8351,4.8,OPTIMAL,160.6636,167.3,OPTIMAL,22.4378,20.5813,OPTIMAL,83.3744,82.1,OPTIMAL
792,0.7034,0.7,OPTIMAL,3.0424,3.2,OPTIMAL,3.5988,3.8,OPTIMAL,212.4051,218.3,EXCESSIVE,31.4205,30.4678,OPTIMAL,108.4375,107.9,OPTIMAL
793,0.9266,0.9,OPTIMAL,2.7106,2.7,OPTIMAL,5.6041,5.4,OPTIMAL,212.249,209.3,EXCESSIVE,49.5334,50.4512,OPTIMAL,93.5163,93.4,OPTIMAL
794,0.7995,0.8,OPTIMAL,2.3875,2.4,OPTIMAL,6.5688,6.4,OPTIMAL,239.5895,240.4,EXCESSIVE,13.8341,13.3721,OPTIMAL,71.4261,73.9,OPTIMAL
795,0.7913,0.8,OPTIMAL,2.0629,2.1,OPTIMAL,4.8098,5.2,OPTIMAL,185.2604,186.8,OPTIMAL,11.4526,11.0385,OPTIMAL,106.4763,105.7,OPTIMAL
796,1.3052,1.4,OPTIMAL,2.7585,2.8,OPTIMAL,4.5693,4.5,OPTIMAL,197.9857,200.4,OPTIMAL,28.3162,30.7876,OPTIMAL,119.0289,120.2,OPTIMAL
797,0.7076,0.7,OPTIMAL,2.773,2.8,OPTIMAL,6.5511,6.4,OPTIMAL,324.7029,322.9,EXCESSIVE,38.817,41.9095,OPTIMAL,42.0449,36.1,DEFICIENT
798,0.9438,1.0,OPTIMAL,2.3367,2.4,OPTIMAL,5.2557,5.6,OPTIMAL,179.784,173.7,OPTIMAL,10.9692,9.7834,OPTIMAL,91.0044,89.2,OPTIMAL
799,1.0146,1.0,OPTIMAL,2.1652,2.1,OPTIMAL,6.6934,7.1,OPTIMAL,140.1352,135.5,OPTIMAL,21.0999,20.0173,OPTIMAL,86.3262,89.1,OPTIMAL
800,1.1881,1.2,OPTIMAL,2.7834,2.8,OPTIMAL,5.3074,5.5,OPTIMAL,191.2164,191.3,OPTIMAL,29.8286,33.7752,OPTIMAL,89.64,88.6,OPTIMAL
801,0.854,0.9,OPTIMAL,2.5171,2.6,OPTIMAL,6.5689,6.4,OPTIMAL,240.3516,232.8,EXCESSIVE,13.1634,9.7381,OPTIMAL,60.2283,52.7,OPTIMAL
802,0.519,0.5,OPTIMAL,2.223,2.2,OPTIMAL,2.9724,2.6,OPTIMAL,208.996,217.7,EXCESSIVE,24.3791,22.0173,OPTIMAL,113.5529,121.6,OPTIMAL
803,1.3714,1.4,OPTIMAL,2.6852,2.7,OPTIMAL,6.9123,7.3,OPTIMAL,165.0357,165.6,OPTIMAL,27.5793,28.8138,OPTIMAL,108.592,116.4,OPTIMAL
804,0.7725,0.8,OPTIMAL,2.6223,2.5,OPTIMAL,4.7432,5.0,OPTIMAL,186.9014,179.6,OPTIMAL,27.8173,25.6351,OPTIMAL,116.6433,119.3,OPTIMAL
805,1.0962,1.1,OPTIMAL,3.2562,3.3,OPTIMAL,6.5191,6.7,OPTIMAL,250.3859,234.4,EXCESSIVE,26.4744,25.3138,OPTIMAL,68.0657,65.5,OPTIMAL
806,0.775,0.8,OPTIMAL,2.6671,2.7,OPTIMAL,3.3251,3.1,OPTIMAL,191.9208,194.7,OPTIMAL,25.211,19.3927,OPTIMAL,99.6164,97.8,OPTIMAL
807,0.4965,0.5,DEFICIENT,2.3169,2.3,OPTIMAL,3.656,3.8,OPTIMAL,188.3463,195.4,OPTIMAL,33.3897,35.4327,OPTIMAL,118.4482,120.8,OPTIMAL
808,0.6484,0.6,OPTIMAL,2.1543,2.1,OPTIMAL,7.0992,7.1,OPTIMAL,224.8784,212.9,EXCESSIVE,13.7408,12.2925,OPTIMAL,74.0018,73.7,OPTIMAL
809,0.9946,1.0,OPTIMAL,2.4773,2.5,OPTIMAL,4.3795,4.2,OPTIMAL,189.5548,205.6,OPTIMAL,27.7193,30.8218,OPTIMAL,88.985,91.0,OPTIMAL
810,1.2836,1.3,OPTIMAL,3.1019,3.0,OPTIMAL,5.8117,6.0,OPTIMAL,295.7533,289.2,EXCESSIVE,30.0301,29.9833,OPTIMAL,138.2821,140.6,OPTIMAL
811,1.1968,1.2,OPTIMAL,3.3531,3.4,OPTIMAL,7.4865,7.5,OPTIMAL,367.4521,374.4,EXCESSIVE,26.0967,23.5034,OPTIMAL,134.2797,138.3,OPTIMAL
812,1.2518,1.3,OPTIMAL,3.1904,3.3,OPTIMAL,9.9366,10.9,EXCESSIVE,247.8359,262.9,EXCESSIVE,27.299,29.34,OPTIMAL,107.3233,112.4,OPTIMAL
813,0.8781,0.9,OPTIMAL,2.0554,2.0,OPTIMAL,3.4332,3.3,OPTIMAL,215.4067,215.2,EXCESSIVE,42.8061,43.9172,OPTIMAL,74.6206,76.8,OPTIMAL
814,1.1709,1.3,OPTIMAL,2.7041,2.7,OPTIMAL,4.4604,4.5,OPTIMAL,211.9094,198.1,EXCESSIVE,33.5777,33.9534,OPTIMAL,135.1481,138.4,OPTIMAL
815,1.0351,1.0,OPTIMAL,2.0675,2.0,OPTIMAL,5.9351,5.7,OPTIMAL,145.7759,141.9,OPTIMAL,20.8583,22.0044,OPTIMAL,106.4239,109.4,OPTIMAL
816,0.7939,0.8,OPTIMAL,3.0316,3.1,OPTIMAL,6.0397,6.3,OPTIMAL,218.2951,225.9,EXCESSIVE,28.3315,29.1659,OPTIMAL,89.4919,90.8,OPTIMAL
817,1.0321,1.0,OPTIMAL,2.5357,2.5,OPTIMAL,7.115,8.2,OPTIMAL,167.7491,159.9,OPTIMAL,25.2349,26.3742,OPTIMAL,103.7815,101.4,OPTIMAL
818,0.9412,0.9,OPTIMAL,2.1485,2.1,OPTIMAL,5.4337,5.4,OPTIMAL,150.5979,148.4,OPTIMAL,26.2327,26.3435,OPTIMAL,82.9623,81.7,OPTIMAL
819,0.982,1.0,OPTIMAL,2.8903,2.8,OPTIMAL,5.3141,5.0,OPTIMAL,227.8096,225.3,EXCESSIVE,35.8396,35.5019,OPTIMAL,91.3364,90.9,OPTIMAL
820,0.8428,0.8,OPTIMAL,3.4504,3.5,OPTIMAL,10.1285,10.4,EXCESSIVE,170.7478,156.9,OPTIMAL,25.8367,23.9352,OPTIMAL,82.5927,83.0,OPTIMAL
821,1.0847,1.1,OPTIMAL,2.6598,2.8,OPTIMAL,4.184,4.4,OPTIMAL,175.0988,179.2,OPTIMAL,12.2086,14.8024,OPTIMAL,67.8635,67.6,OPTIMAL
822,0.7883,0.8,OPTIMAL,2.2346,2.2,OPTIMAL,2.2746,2.1,OPTIMAL,218.9432,219.1,EXCESSIVE,44.8602,49.0417,OPTIMAL,94.5107,101.3,OPTIMAL
823,0.5768,0.5,OPTIMAL,2.0389,1.9,OPTIMAL,6.606,6.6,OPTIMAL,223.3702,215.4,EXCESSIVE,12.9685,12.488,OPTIMAL,72.2165,73.5,OPTIMAL
824,0.6972,0.7,OPTIMAL,2.556,2.5,OPTIMAL,7.812,7.5,OPTIMAL,281.016,278.3,EXCESSIVE,17.8059,15.1525,OPTIMAL,62.2747,64.6,OPTIMAL
825,0.6256,0.6,OPTIMAL,3.1466,3.2,OPTIMAL,6.9145,6.8,OPTIMAL,396.2658,392.2,EXCESSIVE,33.9183,38.0981,OPTIMAL,71.9615,74.0,OPTIMAL
826,0.9583,1.0,OPTIMAL,2.8833,3.0,OPTIMAL,3.7037,4.2,OPTIMAL,184.3173,190.7,OPTIMAL,22.6818,17.7441,OPTIMAL,139.0399,141.9,OPTIMAL
827,0.6669,0.7,OPTIMAL,2.6967,3.0,OPTIMAL,2.4189,2.7,OPTIMAL,246.8227,235.4,EXCESSIVE,24.83,30.5901,OPTIMAL,79.9011,82.8,OPTIMAL
828,0.8406,0.9,OPTIMAL,2.1479,2.1,OPTIMAL,7.7846,8.1,OPTIMAL,270.2929,282.2,EXCESSIVE,14.7934,14.6999,OPTIMAL,74.8975,78.8,OPTIMAL
829,1.0399,1.1,OPTIMAL,2.1501,2.2,OPTIMAL,3.1169,3.3,OPTIMAL,154.9046,146.2,OPTIMAL,27.8065,23.4887,OPTIMAL,76.6348,76.2,OPTIMAL
830,1.1057,1.1,OPTIMAL,2.2434,2.2,OPTIMAL,4.9162,5.0,OPTIMAL,148.1227,144.9,OPTIMAL,26.7611,30.5326,OPTIMAL,101.5631,107.0,OPTIMAL
831,0.6109,0.6,OPTIMAL,2.5204,2.4,OPTIMAL,7.488,7.6,OPTIMAL,302.0175,297.6,EXCESSIVE,12.1252,9.89,OPTIMAL,59.2221,57.2,OPTIMAL
832,0.707,0.7,OPTIMAL,2.5317,2.5,OPTIMAL,3.0046,2.7,OPTIMAL,174.2976,168.5,OPTIMAL,30.8945,29.6345,OPTIMAL,97.8912,96.2,OPTIMAL
833,0.7073,0.7,OPTIMAL,2.7791,2.7,OPTIMAL,3.6333,3.7,OPTIMAL,180.9039,179.2,OPTIMAL,45.8357,48.5976,OPTIMAL,107.372,101.6,OPTIMAL
834,0.5196,0.5,OPTIMAL,2.2519,2.2,OPTIMAL,3.079,2.8,OPTIMAL,195.5211,191.4,OPTIMAL,21.7681,19.7618,OPTIMAL,88.7621,88.1,OPTIMAL
835,0.7944,1.0,OPTIMAL,2.2054,2.4,OPTIMAL,2.3871,2.6,OPTIMAL,213.4235,231.2,EXCESSIVE,26.2481,19.6123,OPTIMAL,76.5581,84.1,OPTIMAL
836,0.5958,0.6,OPTIMAL,2.5143,2.6,OPTIMAL,2.9574,2.8,OPTIMAL,178.726,181.4,OPTIMAL,46.6169,46.7852,OPTIMAL,76.6274,73.0,OPTIMAL
837,0.6121,0.6,OPTIMAL,2.3073,2.2,OPTIMAL,2.1362,2.0,OPTIMAL,227.4975,222.8,EXCESSIVE,31.076,31.5681,OPTIMAL,63.6036,61.4,OPTIMAL
838,1.1692,1.2,OPTIMAL,2.7057,2.6,OPTIMAL,7.193,7.1,OPTIMAL,205.4469,210.2,EXCESSIVE,27.7823,28.2329,OPTIMAL,97.6992,98.9,OPTIMAL
839,0.8206,0.8,OPTIMAL,3.5652,3.6,OPTIMAL,9.2432,9.7,EXCESSIVE,321.1359,324.6,EXCESSIVE,17.7467,17.3236,OPTIMAL,118.6288,122.2,OPTIMAL
840,1.1923,1.2,OPTIMAL,3.6608,3.7,OPTIMAL,7.7808,7.7,OPTIMAL,384.3151,388.8,EXCESSIVE,30.1695,30.1614,OPTIMAL,99.3206,102.6,OPTIMAL
841,0.6948,0.7,OPTIMAL,2.285,2.3,OPTIMAL,2.5425,2.4,OPTIMAL,188.1658,187.1,OPTIMAL,25.8335,26.6608,OPTIMAL,79.9916,78.9,OPTIMAL
842,1.1655,1.2,OPTIMAL,2.7142,2.8,OPTIMAL,4.8301,4.6,OPTIMAL,177.0724,181.5,OPTIMAL,24.0541,25.7955,OPTIMAL,84.3494,84.7,OPTIMAL
843,0.8079,0.8,OPTIMAL,2.3472,2.3,OPTIMAL,4.538,4.6,OPTIMAL,210.6968,208.1,EXCESSIVE,28.9379,28.9561,OPTIMAL,67.1382,61.5,OPTIMAL
844,0.9094,0.9,OPTIMAL,2.6699,2.7,OPTIMAL,3.1174,2.9,OPTIMAL,188.2934,182.9,OPTIMAL,22.2366,21.1967,OPTIMAL,89.7553,91.9,OPTIMAL
845,0.6334,0.6,OPTIMAL,2.9167,2.9,OPTIMAL,3.2916,3.0,OPTIMAL,178.4829,180.3,OPTIMAL,28.8134,25.6436,OPTIMAL,109.1492,111.3,OPTIMAL
846,0.614,0.6,OPTIMAL,2.6838,2.7,OPTIMAL,3.6507,4.0,OPTIMAL,170.4145,156.4,OPTIMAL,24.7709,20.3502,OPTIMAL,92.2511,92.3,OPTIMAL
847,0.7864,0.8,OPTIMAL,1.8899,1.8,OPTIMAL,2.061,1.9,OPTIMAL,191.9238,193.3,OPTIMAL,19.3307,17.173,OPTIMAL,77.5507,75.7,OPTIMAL
848,0.6138,0.6,OPTIMAL,2.2589,2.3,OPTIMAL,3.6414,3.6,OPTIMAL,206.98,208.5,EXCESSIVE,30.6679,32.137,OPTIMAL,96.3212,97.4,OPTIMAL
849,0.6308,0.6,OPTIMAL,1.8436,1.7,OPTIMAL,2.1522,1.9,OPTIMAL,222.1969,225.2,EXCESSIVE,67.1428,70.2538,EXCESSIVE,51.4673,44.9,OPTIMAL
850,0.7989,0.8,OPTIMAL,2.0072,1.9,OPTIMAL,6.0013,5.7,OPTIMAL,254.1948,261.0,EXCESSIVE,12.1144,11.611,OPTIMAL,76.3032,82.8,OPTIMAL
851,0.7716,0.8,OPTIMAL,2.9759,2.8,OPTIMAL,3.8045,3.4,OPTIMAL,191.339,177.7,OPTIMAL,27.0379,21.5963,OPTIMAL,114.7262,115.9,OPTIMAL
852,0.7463,0.8,OPTIMAL,3.5095,3.7,OPTIMAL,9.9722,10.4,EXCESSIVE,444.9932,457.9,EXCESSIVE,19.0319,17.1926,OPTIMAL,63.1361,62.8,OPTIMAL
853,1.1837,1.2,OPTIMAL,2.5247,2.6,OPTIMAL,5.0572,4.9,OPTIMAL,158.8153,160.8,OPTIMAL,23.6237,25.3352,OPTIMAL,93.6214,95.5,OPTIMAL
854,0.8582,0.9,OPTIMAL,2.972,3.0,OPTIMAL,3.4682,3.1,OPTIMAL,185.4804,184.7,OPTIMAL,35.6044,36.9261,OPTIMAL,124.2867,129.4,OPTIMAL
855,1.2136,1.2,OPTIMAL,2.6517,2.6,OPTIMAL,4.3646,4.1,OPTIMAL,180.6304,179.2,OPTIMAL,21.5128,19.7863,OPTIMAL,107.6175,106.5,OPTIMAL
856,0.6692,0.7,OPTIMAL,2.2285,2.0,OPTIMAL,3.2504,3.0,OPTIMAL,204.303,200.2,EXCESSIVE,45.9186,47.6693,OPTIMAL,75.4487,71.1,OPTIMAL
857,0.929,0.9,OPTIMAL,2.6018,2.6,OPTIMAL,4.0117,4.0,OPTIMAL,195.1338,199.9,OPTIMAL,11.9625,12.6607,OPTIMAL,66.6827,66.2,OPTIMAL
858,0.8118,0.8,OPTIMAL,2.0962,2.0,OPTIMAL,4.6294,4.8,OPTIMAL,186.8645,188.2,OPTIMAL,19.1621,16.5436,OPTIMAL,87.888,96.5,OPTIMAL
859,0.6669,0.7,OPTIMAL,2.6967,2.6,OPTIMAL,2.4189,2.3,OPTIMAL,246.8227,249.4,EXCESSIVE,24.83,16.9654,OPTIMAL,79.9011,80.2,OPTIMAL
860,0.4313,0.4,DEFICIENT,2.6926,2.8,OPTIMAL,2.8503,2.6,OPTIMAL,283.8419,296.9,EXCESSIVE,27.5711,27.5879,OPTIMAL,139.5179,146.2,OPTIMAL
861,1.09,1.1,OPTIMAL,2.7103,2.7,OPTIMAL,6.894,7.0,OPTIMAL,226.2942,215.2,EXCESSIVE,27.5841,25.581,OPTIMAL,93.1727,93.5,OPTIMAL
862,0.8579,0.9,OPTIMAL,2.3289,2.4,OPTIMAL,5.4451,5.7,OPTIMAL,225.1938,235.8,EXCESSIVE,11.8202,11.8421,OPTIMAL,101.5031,95.9,OPTIMAL
863,1.0576,1.1,OPTIMAL,2.6001,2.7,OPTIMAL,4.9796,5.0,OPTIMAL,189.7682,178.5,OPTIMAL,22.2004,19.0876,OPTIMAL,113.1989,121.6,OPTIMAL
864,0.936,1.0,OPTIMAL,3.528,3.7,OPTIMAL,11.6707,12.6,EXCESSIVE,418.209,429.0,EXCESSIVE,19.3742,19.5174,OPTIMAL,64.3204,64.3,OPTIMAL
865,0.718,0.7,OPTIMAL,3.1963,3.3,OPTIMAL,4.9719,5.5,OPTIMAL,179.3838,176.0,OPTIMAL,33.5866,31.1761,OPTIMAL,103.9047,102.5,OPTIMAL
866,0.9733,1.0,OPTIMAL,2.6391,2.6,OPTIMAL,6.667,6.8,OPTIMAL,295.689,300.2,EXCESSIVE,22.5027,20.5048,OPTIMAL,84.247,84.8,OPTIMAL
867,0.7558,0.7,OPTIMAL,2.6042,2.5,OPTIMAL,4.1441,4.1,OPTIMAL,188.6833,178.4,OPTIMAL,40.8825,44.1198,OPTIMAL,112.3703,111.7,OPTIMAL
868,0.889,0.9,OPTIMAL,2.0187,2.0,OPTIMAL,4.0694,4.0,OPTIMAL,192.7027,182.7,OPTIMAL,11.5414,10.3721,OPTIMAL,81.4007,74.9,OPTIMAL
869,0.4488,0.4,DEFICIENT,2.422,2.4,OPTIMAL,2.9735,2.9,OPTIMAL,204.739,204.0,EXCESSIVE,38.5323,38.2205,OPTIMAL,86.2414,88.5,OPTIMAL
870,1.1774,1.2,OPTIMAL,2.4585,2.4,OPTIMAL,6.9544,7.3,OPTIMAL,184.0056,178.9,OPTIMAL,22.0959,21.6316,OPTIMAL,103.2501,102.9,OPTIMAL
871,0.5286,0.5,OPTIMAL,1.9792,1.8,OPTIMAL,2.4598,1.7,OPTIMAL,194.0021,185.2,OPTIMAL,30.7389,32.6385,OPTIMAL,78.2011,79.1,OPTIMAL
872,0.9005,0.9,OPTIMAL,2.6495,2.7,OPTIMAL,6.4476,6.5,OPTIMAL,285.7257,287.3,EXCESSIVE,16.4085,11.08,OPTIMAL,86.461,86.1,OPTIMAL
873,0.945,0.9,OPTIMAL,3.053,3.1,OPTIMAL,5.2863,4.6,OPTIMAL,222.0504,206.5,EXCESSIVE,22.5053,19.286,OPTIMAL,93.4201,90.9,OPTIMAL
874,0.8871,0.9,OPTIMAL,1.8745,1.8,OPTIMAL,3.8959,3.8,OPTIMAL,181.233,180.0,OPTIMAL,37.3462,39.8711,OPTIMAL,63.7997,62.4,OPTIMAL
875,0.8057,0.8,OPTIMAL,2.1793,2.2,OPTIMAL,3.7101,3.7,OPTIMAL,186.5746,181.5,OPTIMAL,33.9247,34.661,OPTIMAL,64.47,64.2,OPTIMAL
876,0.9915,1.0,OPTIMAL,2.3075,2.2,OPTIMAL,5.7004,5.6,OPTIMAL,189.2734,188.4,OPTIMAL,31.149,34.0995,OPTIMAL,104.476,103.1,OPTIMAL
877,1.0779,1.1,OPTIMAL,3.4773,3.5,OPTIMAL,5.9982,6.3,OPTIMAL,202.8623,198.7,EXCESSIVE,26.1302,22.2536,OPTIMAL,108.8124,107.1,OPTIMAL
878,0.9368,1.0,OPTIMAL,3.6305,3.7,OPTIMAL,9.9233,10.6,EXCESSIVE,205.7841,211.3,EXCESSIVE,24.0759,24.4507,OPTIMAL,90.0754,89.9,OPTIMAL
879,0.8652,0.9,OPTIMAL,2.7975,2.7,OPTIMAL,12.7913,13.1,EXCESSIVE,421.7985,424.1,EXCESSIVE,22.2259,22.1308,OPTIMAL,60.0238,57.7,OPTIMAL
880,0.7272,0.7,OPTIMAL,2.9485,3.0,OPTIMAL,4.7563,4.5,OPTIMAL,278.9409,280.0,EXCESSIVE,35.8696,35.5367,OPTIMAL,66.0324,66.2,OPTIMAL
881,1.0029,1.0,OPTIMAL,2.6124,2.6,OPTIMAL,6.0256,6.1,OPTIMAL,217.5856,217.3,EXCESSIVE,26.8233,24.5855,OPTIMAL,95.4617,95.5,OPTIMAL
882,1.086,1.1,OPTIMAL,2.408,2.4,OPTIMAL,4.0185,3.9,OPTIMAL,145.7521,142.9,OPTIMAL,10.9107,11.1637,OPTIMAL,65.08,65.6,OPTIMAL
883,0.7048,0.7,OPTIMAL,2.403,2.3,OPTIMAL,3.6811,3.8,OPTIMAL,230.9912,239.3,EXCESSIVE,59.996,62.2822,EXCESSIVE,142.4711,153.0,OPTIMAL
884,0.6415,0.6,OPTIMAL,2.4753,2.4,OPTIMAL,3.7294,3.5,OPTIMAL,182.8396,181.1,OPTIMAL,29.4293,29.8674,OPTIMAL,72.1487,66.6,OPTIMAL
885,0.6208,0.6,OPTIMAL,2.5951,2.7,OPTIMAL,2.9465,2.8,OPTIMAL,195.4336,195.4,OPTIMAL,48.8264,53.0225,OPTIMAL,71.9091,63.5,OPTIMAL
886,0.9724,1.0,OPTIMAL,2.0704,2.1,OPTIMAL,4.7853,4.9,OPTIMAL,181.6579,178.9,OPTIMAL,10.6063,9.7415,OPTIMAL,99.347,97.9,OPTIMAL
887,0.5205,0.5,OPTIMAL,2.1748,2.1,OPTIMAL,1.8567,1.8,OPTIMAL,202.0877,196.8,EXCESSIVE,28.4396,29.8008,OPTIMAL,72.3822,73.9,OPTIMAL
888,0.6126,0.6,OPTIMAL,2.6395,2.6,OPTIMAL,7.2859,7.1,OPTIMAL,343.7844,344.7,EXCESSIVE,14.4655,12.8637,OPTIMAL,68.4825,69.0,OPTIMAL
889,0.6719,0.7,OPTIMAL,2.4691,2.5,OPTIMAL,2.3856,2.3,OPTIMAL,175.5028,169.8,OPTIMAL,28.3944,28.3796,OPTIMAL,108.8391,112.1,OPTIMAL
890,0.7077,0.7,OPTIMAL,2.5957,2.6,OPTIMAL,3.4508,3.4,OPTIMAL,233.1588,233.4,EXCESSIVE,37.2571,39.75,OPTIMAL,112.0405,110.9,OPTIMAL
891,1.1617,1.2,OPTIMAL,2.8799,2.9,OPTIMAL,6.2127,6.3,OPTIMAL,193.5336,186.3,OPTIMAL,34.3035,37.9283,OPTIMAL,111.1857,113.2,OPTIMAL
892,0.8519,0.8,OPTIMAL,2.8088,2.7,OPTIMAL,5.8175,6.0,OPTIMAL,235.2315,234.1,EXCESSIVE,64.3011,73.6242,EXCESSIVE,94.091,92.6,OPTIMAL
893,0.7223,0.7,OPTIMAL,2.5283,2.5,OPTIMAL,3.2811,3.3,OPTIMAL,175.7291,177.7,OPTIMAL,39.4704,43.061,OPTIMAL,96.9387,94.0,OPTIMAL
894,1.3278,1.4,OPTIMAL,2.5929,2.7,OPTIMAL,4.7862,4.7,OPTIMAL,161.0676,160.1,OPTIMAL,21.1171,19.3781,OPTIMAL,103.638,106.8,OPTIMAL
895,1.2128,1.2,OPTIMAL,2.4213,2.4,OPTIMAL,12.0839,12.7,EXCESSIVE,174.0304,179.7,OPTIMAL,23.2486,25.5159,OPTIMAL,78.9704,75.1,OPTIMAL
896,1.0868,1.1,OPTIMAL,2.6031,2.6,OPTIMAL,4.0062,3.5,OPTIMAL,140.9768,125.6,OPTIMAL,11.8555,11.8748,OPTIMAL,68.9434,69.9,OPTIMAL
897,0.6307,0.6,OPTIMAL,3.1311,3.2,OPTIMAL,6.5722,6.4,OPTIMAL,284.1012,274.3,EXCESSIVE,26.776,31.8597,OPTIMAL,36.1766,31.7,DEFICIENT
898,0.7047,0.7,OPTIMAL,2.7416,2.8,OPTIMAL,4.1542,4.6,OPTIMAL,202.0663,199.4,EXCESSIVE,37.9762,39.4009,OPTIMAL,110.0455,111.0,OPTIMAL
899,1.4107,1.5,OPTIMAL,2.4668,2.4,OPTIMAL,3.7837,3.6,OPTIMAL,185.6392,172.8,OPTIMAL,28.7024,27.646,OPTIMAL,113.852,112.5,OPTIMAL
900,0.8452,0.8,OPTIMAL,2.6286,2.7,OPTIMAL,4.3657,4.7,OPTIMAL,248.2235,259.7,EXCESSIVE,12.7799,14.0745,OPTIMAL,65.8357,66.3,OPTIMAL
901,1.1067,1.1,OPTIMAL,2.4517,2.5,OPTIMAL,4.6391,4.8,OPTIMAL,169.7592,168.8,OPTIMAL,21.243,18.4598,OPTIMAL,90.5524,90.4,OPTIMAL
902,0.6703,0.6,OPTIMAL,2.2714,2.2,OPTIMAL,6.1786,5.6,OPTIMAL,256.3916,260.7,EXCESSIVE,19.207,22.9972,OPTIMAL,68.9622,73.8,OPTIMAL
903,0.9782,1.0,OPTIMAL,2.8989,3.0,OPTIMAL,7.0195,7.5,OPTIMAL,245.2447,243.2,EXCESSIVE,28.4384,24.8913,OPTIMAL,81.331,79.0,OPTIMAL
904,0.9873,1.0,OPTIMAL,2.5673,2.6,OPTIMAL,4.04,3.9,OPTIMAL,159.3134,155.1,OPTIMAL,13.0602,15.9921,OPTIMAL,65.2921,63.0,OPTIMAL
905,1.0965,1.1,OPTIMAL,3.5253,3.6,OPTIMAL,5.6527,5.5,OPTIMAL,202.6996,197.0,EXCESSIVE,28.988,30.4774,OPTIMAL,111.1612,113.3,OPTIMAL
906,1.1208,1.1,OPTIMAL,2.6009,2.5,OPTIMAL,5.8391,5.8,OPTIMAL,204.7588,205.8,EXCESSIVE,27.8726,26.3323,OPTIMAL,88.3618,88.5,OPTIMAL
907,0.3324,0.3,DEFICIENT,1.7982,1.7,OPTIMAL,1.9923,1.9,OPTIMAL,205.1041,207.9,EXCESSIVE,24.852,22.1809,OPTIMAL,91.2422,92.1,OPTIMAL
908,0.9309,0.9,OPTIMAL,2.2668,2.2,OPTIMAL,4.6795,4.8,OPTIMAL,157.5553,150.9,OPTIMAL,25.3476,28.8271,OPTIMAL,92.9016,95.7,OPTIMAL
909,0.6736,0.7,OPTIMAL,2.5696,2.5,OPTIMAL,7.5175,7.9,OPTIMAL,358.6559,367.3,EXCESSIVE,12.3087,12.1856,OPTIMAL,53.1804,54.3,OPTIMAL
910,0.6726,0.7,OPTIMAL,2.8006,2.9,OPTIMAL,6.6886,6.6,OPTIMAL,405.3394,428.7,EXCESSIVE,18.0732,18.9936,OPTIMAL,64.7419,61.3,OPTIMAL
911,1.0163,1.1,OPTIMAL,3.2104,3.3,OPTIMAL,3.8149,4.1,OPTIMAL,263.1252,275.8,EXCESSIVE,29.8065,30.8205,OPTIMAL,106.5026,106.2,OPTIMAL
912,1.4889,1.7,OPTIMAL,3.0017,3.0,OPTIMAL,6.0017,6.2,OPTIMAL,252.8934,280.5,EXCESSIVE,25.091,24.1022,OPTIMAL,105.6605,109.8,OPTIMAL
913,0.7975,0.8,OPTIMAL,2.1319,2.2,OPTIMAL,5.2128,5.8,OPTIMAL,183.6816,181.4,OPTIMAL,11.4742,11.3799,OPTIMAL,94.9534,92.1,OPTIMAL
914,0.9365,1.0,OPTIMAL,2.7675,2.9,OPTIMAL,4.7712,5.1,OPTIMAL,250.7715,271.4,EXCESSIVE,31.5277,31.1376,OPTIMAL,158.0415,167.6,EXCESSIVE
915,0.7932,0.8,OPTIMAL,2.9572,3.0,OPTIMAL,3.8424,3.6,OPTIMAL,217.1368,216.0,EXCESSIVE,31.3838,30.0543,OPTIMAL,106.6153,101.2,OPTIMAL
916,0.4684,0.4,DEFICIENT,2.3116,2.2,OPTIMAL,3.423,3.0,OPTIMAL,238.5585,232.1,EXCESSIVE,30.5614,31.463,OPTIMAL,84.3756,76.2,OPTIMAL
917,0.6251,0.6,OPTIMAL,2.6743,2.7,OPTIMAL,5.0237,4.9,OPTIMAL,221.6047,224.3,EXCESSIVE,53.2035,53.935,EXCESSIVE,91.678,93.7,OPTIMAL
918,0.5997,0.6,OPTIMAL,2.5907,2.6,OPTIMAL,7.2344,7.2,OPTIMAL,273.2389,262.6,EXCESSIVE,10.7469,9.4478,OPTIMAL,54.8529,54.5,OPTIMAL
919,0.6425,0.6,OPTIMAL,2.7252,2.7,OPTIMAL,3.0217,2.7,OPTIMAL,223.5403,225.7,EXCESSIVE,33.7699,34.2197,OPTIMAL,103.5779,101.4,OPTIMAL
920,0.6742,0.7,OPTIMAL,2.7584,2.8,OPTIMAL,8.1678,8.7,EXCESSIVE,221.0073,223.0,EXCESSIVE,64.8919,66.9918,EXCESSIVE,88.6009,88.4,OPTIMAL
921,1.1453,1.1,OPTIMAL,2.3274,2.3,OPTIMAL,5.2234,5.2,OPTIMAL,157.2032,152.6,OPTIMAL,19.6489,16.1795,OPTIMAL,87.8675,84.9,OPTIMAL
922,0.4644,0.4,DEFICIENT,2.2443,2.2,OPTIMAL,2.3042,2.4,OPTIMAL,203.2653,201.3,EXCESSIVE,26.6449,26.5221,OPTIMAL,94.7049,96.4,OPTIMAL
923,0.7238,0.7,OPTIMAL,2.229,2.2,OPTIMAL,2.929,2.4,OPTIMAL,211.282,210.3,EXCESSIVE,47.1998,49.8861,OPTIMAL,80.7247,81.6,OPTIMAL
924,0.8705,0.9,OPTIMAL,2.831,2.9,OPTIMAL,5.4057,5.5,OPTIMAL,320.8734,339.4,EXCESSIVE,26.909,22.8484,OPTIMAL,66.9731,66.3,OPTIMAL
925,0.6948,0.7,OPTIMAL,2.6786,2.6,OPTIMAL,7.6529,7.6,OPTIMAL,282.8551,279.0,EXCESSIVE,14.3136,11.966,OPTIMAL,62.1908,64.7,OPTIMAL
926,1.0729,1.1,OPTIMAL,2.4512,2.5,OPTIMAL,3.8626,3.6,OPTIMAL,135.6975,135.7,OPTIMAL,10.7722,9.9907,OPTIMAL,67.0713,64.7,OPTIMAL
927,0.3754,0.3,DEFICIENT,2.4231,2.3,OPTIMAL,2.7652,2.3,OPTIMAL,206.3067,207.3,EXCESSIVE,45.3562,46.0946,OPTIMAL,83.96,82.1,OPTIMAL
928,0.8979,0.9,OPTIMAL,2.221,2.2,OPTIMAL,2.8986,2.9,OPTIMAL,211.3083,211.5,EXCESSIVE,25.8635,25.4555,OPTIMAL,89.867,92.5,OPTIMAL
929,1.173,1.2,OPTIMAL,2.4461,2.4,OPTIMAL,6.2414,6.3,OPTIMAL,182.6717,182.4,OPTIMAL,23.1182,21.6765,OPTIMAL,96.5174,93.8,OPTIMAL
930,1.1272,1.1,OPTIMAL,2.5717,2.5,OPTIMAL,8.5707,8.9,EXCESSIVE,221.6118,216.6,EXCESSIVE,27.0748,20.5672,OPTIMAL,91.8327,89.3,OPTIMAL
931,0.5208,0.5,OPTIMAL,2.9173,2.9,OPTIMAL,5.2805,5.1,OPTIMAL,283.6523,289.2,EXCESSIVE,16.7023,15.5708,OPTIMAL,46.7963,43.3,DEFICIENT
932,0.9532,1.0,OPTIMAL,3.4612,3.5,OPTIMAL,8.2112,8.5,EXCESSIVE,193.035,189.9,OPTIMAL,18.4372,17.0272,OPTIMAL,83.949,83.7,OPTIMAL
933,1.0714,1.1,OPTIMAL,2.0557,2.0,OPTIMAL,3.7356,3.6,OPTIMAL,139.9063,129.7,OPTIMAL,25.598,26.5298,OPTIMAL,80.9761,81.3,OPTIMAL
934,1.3495,1.4,OPTIMAL,2.2374,2.2,OPTIMAL,3.763,3.5,OPTIMAL,115.0465,110.0,OPTIMAL,10.8124,9.6927,OPTIMAL,63.3935,62.9,OPTIMAL
935,1.1528,1.2,OPTIMAL,3.0981,3.4,OPTIMAL,5.5025,5.8,OPTIMAL,272.9473,302.4,EXCESSIVE,29.0001,35.0986,OPTIMAL,102.5607,106.9,OPTIMAL
936,0.7179,0.7,OPTIMAL,3.558,3.6,OPTIMAL,11.0542,11.5,EXCESSIVE,200.2765,198.6,EXCESSIVE,22.0067,21.0255,OPTIMAL,87.9225,90.4,OPTIMAL
937,1.1663,1.2,OPTIMAL,2.4329,2.5,OPTIMAL,10.1167,10.6,EXCESSIVE,160.1227,161.3,OPTIMAL,20.8226,18.9849,OPTIMAL,92.9781,98.0,OPTIMAL
938,0.4311,0.4,DEFICIENT,1.8496,1.7,OPTIMAL,2.4652,1.9,OPTIMAL,187.7423,178.7,OPTIMAL,26.8596,27.8677,OPTIMAL,79.5237,71.3,OPTIMAL
939,0.6156,0.6,OPTIMAL,2.6547,2.6,OPTIMAL,5.7961,5.0,OPTIMAL,418.2441,440.8,EXCESSIVE,13.5548,12.199,OPTIMAL,56.2126,54.9,OPTIMAL
940,1.0489,1.0,OPTIMAL,2.7322,2.8,OPTIMAL,4.2086,4.3,OPTIMAL,181.7055,188.4,OPTIMAL,11.4673,11.3732,OPTIMAL,68.0458,65.9,OPTIMAL
941,0.8349,0.8,OPTIMAL,3.1061,3.2,OPTIMAL,4.9332,5.0,OPTIMAL,296.9635,314.7,EXCESSIVE,29.4861,31.0284,OPTIMAL,92.433,89.1,OPTIMAL
942,1.111,1.1,OPTIMAL,2.8288,2.9,OPTIMAL,4.7982,4.9,OPTIMAL,172.1019,179.7,OPTIMAL,24.0715,23.4503,OPTIMAL,85.1892,85.0,OPTIMAL
943,0.8619,0.9,OPTIMAL,2.5032,2.4,OPTIMAL,2.8092,2.7,OPTIMAL,202.2941,214.2,EXCESSIVE,29.2412,26.9167,OPTIMAL,91.3499,96.8,OPTIMAL
944,0.8517,0.9,OPTIMAL,2.8588,2.9,OPTIMAL,3.6597,3.9,OPTIMAL,193.3186,191.4,OPTIMAL,39.1847,39.7238,OPTIMAL,110.2831,112.4,OPTIMAL
945,0.6889,0.7,OPTIMAL,2.9094,2.9,OPTIMAL,3.6616,3.4,OPTIMAL,175.4669,169.2,OPTIMAL,28.022,29.0906,OPTIMAL,95.6521,93.7,OPTIMAL
946,0.7499,0.7,OPTIMAL,2.1562,2.0,OPTIMAL,3.9027,3.3,OPTIMAL,164.5703,156.5,OPTIMAL,11.8243,10.4635,OPTIMAL,60.1776,54.9,OPTIMAL
947,1.0752,1.1,OPTIMAL,2.3695,2.4,OPTIMAL,4.265,4.3,OPTIMAL,164.776,165.6,OPTIMAL,27.5393,29.5146,OPTIMAL,92.297,94.4,OPTIMAL
948,0.6512,0.7,OPTIMAL,2.1826,2.1,OPTIMAL,2.4807,2.5,OPTIMAL,239.6619,259.9,EXCESSIVE,53.1685,54.7691,EXCESSIVE,84.0428,85.5,OPTIMAL
949,0.7599,0.8,OPTIMAL,3.6803,3.8,OPTIMAL,8.0926,8.3,EXCESSIVE,301.9276,296.0,EXCESSIVE,16.196,14.3924,OPTIMAL,66.1583,70.2,OPTIMAL
950,1.2981,1.3,OPTIMAL,3.333,3.4,OPTIMAL,7.1479,7.5,OPTIMAL,220.643,217.1,EXCESSIVE,30.2786,29.5381,OPTIMAL,111.9281,118.7,OPTIMAL
951,0.6272,0.6,OPTIMAL,2.4632,2.4,OPTIMAL,2.4739,2.0,OPTIMAL,193.9987,184.8,OPTIMAL,27.7896,25.8117,OPTIMAL,80.6713,77.5,OPTIMAL
952,0.9093,0.9,OPTIMAL,2.3332,2.3,OPTIMAL,3.9543,3.9,OPTIMAL,167.9835,160.3,OPTIMAL,12.4557,15.3941,OPTIMAL,65.0436,64.1,OPTIMAL
953,0.6437,0.6,OPTIMAL,2.922,2.9,OPTIMAL,5.8925,5.8,OPTIMAL,226.1229,228.8,EXCESSIVE,43.3421,42.4784,OPTIMAL,82.8768,80.6,OPTIMAL
954,0.9705,0.9,OPTIMAL,2.2317,2.2,OPTIMAL,5.1794,5.1,OPTIMAL,139.685,131.3,OPTIMAL,25.07,26.4879,OPTIMAL,90.4408,93.7,OPTIMAL
955,0.9731,1.0,OPTIMAL,2.7733,2.8,OPTIMAL,3.7056,3.7,OPTIMAL,241.0027,245.2,EXCESSIVE,33.8109,34.1019,OPTIMAL,78.4511,79.8,OPTIMAL
956,0.7607,0.8,OPTIMAL,2.9393,3.1,OPTIMAL,3.5306,3.7,OPTIMAL,255.4906,267.0,EXCESSIVE,30.2984,30.0137,OPTIMAL,112.6114,113.3,OPTIMAL
957,0.6393,0.6,OPTIMAL,2.9356,3.0,OPTIMAL,3.6882,3.9,OPTIMAL,244.2452,250.8,EXCESSIVE,30.2389,27.907,OPTIMAL,120.0525,126.7,OPTIMAL
958,0.9696,1.0,OPTIMAL,2.5251,2.6,OPTIMAL,4.6639,4.8,OPTIMAL,227.8318,228.5,EXCESSIVE,11.2104,11.0219,OPTIMAL,116.8501,118.1,OPTIMAL
959,1.1752,1.2,OPTIMAL,2.4205,2.5,OPTIMAL,5.4798,5.4,OPTIMAL,159.9771,169.6,OPTIMAL,21.7704,20.0884,OPTIMAL,94.9965,99.2,OPTIMAL
960,0.5537,0.5,OPTIMAL,2.3176,2.2,OPTIMAL,6.4388,6.1,OPTIMAL,317.7914,322.6,EXCESSIVE,13.8784,11.8417,OPTIMAL,45.4487,39.3,DEFICIENT
961,0.8877,0.9,OPTIMAL,2.7757,2.8,OPTIMAL,6.1978,6.5,OPTIMAL,252.9251,247.0,EXCESSIVE,39.0606,42.5123,OPTIMAL,72.7851,71.2,OPTIMAL
962,1.0529,1.0,OPTIMAL,2.1186,1.9,OPTIMAL,4.4643,4.0,OPTIMAL,172.3081,171.8,OPTIMAL,20.6707,20.3459,OPTIMAL,92.1481,88.5,OPTIMAL
963,0.9868,1.0,OPTIMAL,2.5351,2.5,OPTIMAL,3.8543,4.1,OPTIMAL,168.548,170.3,OPTIMAL,10.8641,12.4073,OPTIMAL,63.0312,57.8,OPTIMAL
964,0.7244,0.7,OPTIMAL,2.34,2.4,OPTIMAL,6.4439,6.2,OPTIMAL,274.4104,280.5,EXCESSIVE,12.8677,12.0427,OPTIMAL,77.0643,81.9,OPTIMAL
965,0.6139,0.6,OPTIMAL,2.9314,3.0,OPTIMAL,3.8688,4.1,OPTIMAL,199.5246,198.1,OPTIMAL,32.9612,33.3839,OPTIMAL,118.7373,119.1,OPTIMAL
966,0.7745,0.8,OPTIMAL,1.9855,1.9,OPTIMAL,7.4033,7.8,OPTIMAL,269.2913,269.5,EXCESSIVE,26.1537,33.3806,OPTIMAL,73.937,74.1,OPTIMAL
967,1.09,1.1,OPTIMAL,2.6738,2.7,OPTIMAL,4.318,4.5,OPTIMAL,189.0172,190.3,OPTIMAL,23.6715,23.9697,OPTIMAL,99.0268,99.9,OPTIMAL
968,0.7115,0.7,OPTIMAL,3.0103,3.0,OPTIMAL,6.7703,6.8,OPTIMAL,327.9541,330.7,EXCESSIVE,21.0257,17.4208,OPTIMAL,44.8082,37.9,DEFICIENT
969,0.7454,0.7,OPTIMAL,1.8965,1.9,OPTIMAL,3.8584,3.8,OPTIMAL,169.1172,165.6,OPTIMAL,12.5116,13.5075,OPTIMAL,95.5583,93.3,OPTIMAL
970,1.1297,1.1,OPTIMAL,2.3184,2.2,OPTIMAL,6.6853,6.7,OPTIMAL,179.5342,178.0,OPTIMAL,22.9535,20.9423,OPTIMAL,99.4541,98.8,OPTIMAL
971,0.8893,0.9,OPTIMAL,3.82,3.9,OPTIMAL,6.6768,7.0,OPTIMAL,286.477,296.3,EXCESSIVE,16.4219,17.4466,OPTIMAL,105.6673,104.2,OPTIMAL
972,0.8617,0.9,OPTIMAL,2.0162,2.0,OPTIMAL,4.7503,5.0,OPTIMAL,181.0932,180.8,OPTIMAL,12.0596,12.7918,OPTIMAL,102.01,105.0,OPTIMAL
973,0.6914,0.7,OPTIMAL,3.0697,3.3,OPTIMAL,3.4663,3.7,OPTIMAL,252.1246,269.8,EXCESSIVE,40.6308,43.7805,OPTIMAL,125.5221,132.6,OPTIMAL
974,0.9899,1.0,OPTIMAL,3.4254,3.5,OPTIMAL,5.6929,5.7,OPTIMAL,227.9708,225.5,EXCESSIVE,25.3004,24.1723,OPTIMAL,90.4509,89.3,OPTIMAL
975,1.0856,1.1,OPTIMAL,2.5472,2.6,OPTIMAL,3.7767,3.5,OPTIMAL,135.5952,127.1,OPTIMAL,10.956,9.536,OPTIMAL,68.1251,71.5,OPTIMAL
976,0.7298,0.7,OPTIMAL,2.6773,2.7,OPTIMAL,5.1574,5.0,OPTIMAL,391.4149,399.9,EXCESSIVE,34.6157,34.1594,OPTIMAL,109.6682,117.4,OPTIMAL
977,0.7748,0.8,OPTIMAL,2.7973,2.8,OPTIMAL,3.6428,3.8,OPTIMAL,197.5421,194.1,OPTIMAL,32.354,28.6851,OPTIMAL,102.1471,103.6,OPTIMAL
978,0.4629,0.4,DEFICIENT,2.7896,2.7,OPTIMAL,5.8786,5.6,OPTIMAL,272.2065,260.7,EXCESSIVE,20.9715,22.7491,OPTIMAL,73.1926,72.9,OPTIMAL
979,0.8224,0.8,OPTIMAL,2.6624,2.8,OPTIMAL,6.0505,6.5,OPTIMAL,233.5753,232.6,EXCESSIVE,13.4076,13.1941,OPTIMAL,65.2796,63.2,OPTIMAL
980,0.7943,0.8,OPTIMAL,2.229,2.2,OPTIMAL,6.2754,6.0,OPTIMAL,250.3177,249.2,EXCESSIVE,13.801,15.2649,OPTIMAL,72.5912,72.7,OPTIMAL
981,0.8394,0.9,OPTIMAL,2.0365,2.0,OPTIMAL,7.6448,8.0,OPTIMAL,266.4242,262.4,EXCESSIVE,16.4861,15.8674,OPTIMAL,79.8761,85.9,OPTIMAL
982,0.7148,0.7,OPTIMAL,2.6075,2.6,OPTIMAL,3.3821,3.2,OPTIMAL,173.5228,162.2,OPTIMAL,35.2698,35.269,OPTIMAL,99.5864,96.2,OPTIMAL
983,0.8071,0.8,OPTIMAL,2.8413,2.9,OPTIMAL,5.6729,5.4,OPTIMAL,416.663,416.5,EXCESSIVE,18.6137,18.9102,OPTIMAL,111.1708,115.6,OPTIMAL
984,0.6417,0.6,OPTIMAL,2.154,2.1,OPTIMAL,2.4065,2.3,OPTIMAL,213.8683,212.4,EXCESSIVE,30.5825,30.4778,OPTIMAL,71.0981,69.4,OPTIMAL
985,0.6826,0.6,OPTIMAL,2.1427,2.0,OPTIMAL,3.0067,2.7,OPTIMAL,188.5807,182.0,OPTIMAL,31.266,32.2421,OPTIMAL,76.2912,69.9,OPTIMAL
986,0.5092,0.5,OPTIMAL,2.483,2.6,OPTIMAL,3.519,3.7,OPTIMAL,219.6546,225.1,EXCESSIVE,29.4569,31.3429,OPTIMAL,89.68,85.8,OPTIMAL
987,0.8048,0.8,OPTIMAL,2.0125,2.0,OPTIMAL,4.2747,4.4,OPTIMAL,171.0972,168.5,OPTIMAL,11.9718,12.0531,OPTIMAL,105.6835,107.1,OPTIMAL
988,0.7168,0.7,OPTIMAL,3.1281,3.2,OPTIMAL,3.7274,3.7,OPTIMAL,214.402,212.0,EXCESSIVE,32.6094,32.1781,OPTIMAL,99.1791,97.4,OPTIMAL
989,0.8172,0.8,OPTIMAL,2.3864,2.3,OPTIMAL,6.4909,6.5,OPTIMAL,233.6842,245.4,EXCESSIVE,14.2207,14.8979,OPTIMAL,76.3258,78.6,OPTIMAL
990,0.6239,0.6,OPTIMAL,2.2387,2.2,OPTIMAL,3.2736,2.9,OPTIMAL,226.8972,230.7,EXCESSIVE,42.9243,46.6443,OPTIMAL,125.2568,128.7,OPTIMAL
991,0.7973,0.7,OPTIMAL,2.8541,2.8,OPTIMAL,5.194,5.0,OPTIMAL,273.2907,279.2,EXCESSIVE,18.9941,16.6197,OPTIMAL,78.9136,71.0,OPTIMAL
992,0.793,0.8,OPTIMAL,2.6875,2.6,OPTIMAL,3.9543,4.2,OPTIMAL,183.3445,170.6,OPTIMAL,49.0544,49.325,OPTIMAL,92.4931,87.0,OPTIMAL
993,0.6044,0.6,OPTIMAL,2.2453,2.2,OPTIMAL,7.3753,7.5,OPTIMAL,295.0723,297.1,EXCESSIVE,10.5244,9.8401,OPTIMAL,40.8706,39.0,DEFICIENT
994,1.1088,1.1,OPTIMAL,2.5717,2.6,OPTIMAL,4.2357,4.1,OPTIMAL,163.5362,156.5,OPTIMAL,22.4099,21.8025,OPTIMAL,83.1272,80.9,OPTIMAL
995,0.7921,0.8,OPTIMAL,2.6137,2.6,OPTIMAL,3.1639,2.9,OPTIMAL,187.119,185.5,OPTIMAL,31.1713,30.6204,OPTIMAL,97.3319,96.1,OPTIMAL
996,0.8676,0.9,OPTIMAL,2.6112,2.6,OPTIMAL,4.2729,4.4,OPTIMAL,184.1393,181.1,OPTIMAL,23.9749,25.0791,OPTIMAL,83.7911,85.3,OPTIMAL
997,0.6998,0.7,OPTIMAL,2.0493,2.0,OPTIMAL,7.2147,7.4,OPTIMAL,303.4222,301.3,EXCESSIVE,13.2928,13.2065,OPTIMAL,79.7324,80.9,OPTIMAL
998,0.5218,0.5,OPTIMAL,2.3654,2.3,OPTIMAL,5.3997,5.1,OPTIMAL,266.7798,263.4,EXCESSIVE,21.835,25.8286,OPTIMAL,68.2525,65.9,OPTIMAL
999,1.0943,1.1,OPTIMAL,2.4146,2.3,OPTIMAL,5.151,5.0,OPTIMAL,165.9485,156.8,OPTIMAL,27.1138,28.8726,OPTIMAL,85.0526,82.2,OPTIMAL
1000,0.8018,0.8,OPTIMAL,2.3351,2.4,OPTIMAL,8.3751,8.6,EXCESSIVE,274.653,285.5,EXCESSIVE,14.3377,15.2412,OPTIMAL,79.6235,85.5,OPTIMAL
1001,0.6651,0.7,OPTIMAL,3.456,3.5,OPTIMAL,10.8983,11.0,EXCESSIVE,461.6969,472.4,EXCESSIVE,15.5447,15.8268,OPTIMAL,53.9207,54.3,OPTIMAL
1002,0.9622,1.0,OPTIMAL,2.6012,2.7,OPTIMAL,7.0444,7.4,OPTIMAL,167.4982,162.8,OPTIMAL,23.5687,23.2597,OPTIMAL,99.9888,100.0,OPTIMAL
1003,0.6209,0.6,OPTIMAL,2.3649,2.4,OPTIMAL,7.1193,7.0,OPTIMAL,235.4986,233.4,EXCESSIVE,12.9668,10.3619,OPTIMAL,75.2487,74.5,OPTIMAL
1004,1.0895,1.1,OPTIMAL,2.4824,2.6,OPTIMAL,12.723,13.7,EXCESSIVE,156.1231,162.9,OPTIMAL,24.1033,25.5264,OPTIMAL,81.1517,80.6,OPTIMAL
1005,0.6859,0.7,OPTIMAL,3.2089,3.3,OPTIMAL,4.0603,3.9,OPTIMAL,215.5675,214.2,EXCESSIVE,49.4318,48.5293,OPTIMAL,96.2486,98.4,OPTIMAL
1006,0.9967,1.0,OPTIMAL,2.2933,2.2,OPTIMAL,6.0559,6.2,OPTIMAL,144.8698,144.9,OPTIMAL,24.6585,22.6761,OPTIMAL,87.5169,83.1,OPTIMAL
1007,0.6046,0.6,OPTIMAL,2.5548,2.6,OPTIMAL,2.4507,2.7,OPTIMAL,264.759,282.1,EXCESSIVE,28.3967,28.5345,OPTIMAL,105.4025,110.4,OPTIMAL
1008,0.5238,0.5,OPTIMAL,2.5825,2.6,OPTIMAL,2.2765,2.2,OPTIMAL,198.3656,201.4,OPTIMAL,24.7864,24.1453,OPTIMAL,56.7635,52.4,OPTIMAL
1009,0.6209,0.6,OPTIMAL,2.0486,2.0,OPTIMAL,6.2061,5.9,OPTIMAL,244.8258,242.1,EXCESSIVE,12.9602,12.3971,OPTIMAL,64.1675,64.9,OPTIMAL
1010,0.4627,0.4,DEFICIENT,2.2234,2.2,OPTIMAL,2.9187,2.9,OPTIMAL,256.6518,262.4,EXCESSIVE,25.4428,26.4847,OPTIMAL,67.9719,67.8,OPTIMAL
1011,0.8035,0.8,OPTIMAL,2.4117,2.4,OPTIMAL,6.258,6.0,OPTIMAL,239.7527,240.5,EXCESSIVE,13.1639,11.8429,OPTIMAL,67.3692,65.9,OPTIMAL
1012,1.1916,1.2,OPTIMAL,2.568,2.5,OPTIMAL,5.7789,5.7,OPTIMAL,199.2767,192.5,OPTIMAL,26.6082,24.932,OPTIMAL,80.9551,80.4,OPTIMAL
1013,0.7988,0.8,OPTIMAL,3.0249,3.1,OPTIMAL,5.1645,5.3,OPTIMAL,255.8931,259.8,EXCESSIVE,29.7008,28.8608,OPTIMAL,82.0773,80.0,OPTIMAL
1014,0.7909,0.8,OPTIMAL,3.1504,3.2,OPTIMAL,4.2802,4.2,OPTIMAL,225.7693,224.5,EXCESSIVE,37.291,37.2942,OPTIMAL,99.2705,95.0,OPTIMAL
1015,0.433,0.4,DEFICIENT,2.585,2.7,OPTIMAL,3.293,3.0,OPTIMAL,198.2771,196.0,OPTIMAL,26.5072,21.4248,OPTIMAL,108.7163,106.9,OPTIMAL
1016,0.9183,0.9,OPTIMAL,2.2453,2.1,OPTIMAL,3.816,3.6,OPTIMAL,156.1876,147.5,OPTIMAL,10.3555,9.4009,OPTIMAL,65.6767,64.7,OPTIMAL
1017,0.7946,0.8,OPTIMAL,2.8953,3.0,OPTIMAL,3.7757,3.8,OPTIMAL,210.9142,217.4,EXCESSIVE,34.4346,32.6825,OPTIMAL,108.8208,108.3,OPTIMAL
1018,0.7937,0.8,OPTIMAL,2.0261,2.0,OPTIMAL,4.8612,5.0,OPTIMAL,203.0513,201.4,EXCESSIVE,11.9161,12.1029,OPTIMAL,108.5753,107.1,OPTIMAL
1019,1.085,1.1,OPTIMAL,2.405,2.3,OPTIMAL,4.331,4.0,OPTIMAL,199.562,196.9,OPTIMAL,30.7792,32.65,OPTIMAL,102.8586,102.1,OPTIMAL
1020,0.698,0.7,OPTIMAL,2.366,2.3,OPTIMAL,3.709,3.9,OPTIMAL,178.2083,174.6,OPTIMAL,35.0608,35.3319,OPTIMAL,108.2074,109.1,OPTIMAL
1021,1.1909,1.3,OPTIMAL,2.534,2.5,OPTIMAL,7.4549,7.9,OPTIMAL,175.9723,175.2,OPTIMAL,26.5259,24.7306,OPTIMAL,109.1254,111.1,OPTIMAL
1022,1.1896,1.2,OPTIMAL,2.8175,2.9,OPTIMAL,4.7065,4.6,OPTIMAL,187.9847,186.3,OPTIMAL,23.3027,22.9183,OPTIMAL,124.5691,128.0,OPTIMAL
1023,1.1844,1.2,OPTIMAL,2.3292,2.2,OPTIMAL,4.8795,4.9,OPTIMAL,156.5142,146.1,OPTIMAL,21.8596,20.2988,OPTIMAL,89.2423,89.9,OPTIMAL
1024,1.0278,1.0,OPTIMAL,2.9522,3.0,OPTIMAL,5.6373,5.3,OPTIMAL,203.5303,199.6,EXCESSIVE,24.8671,22.2216,OPTIMAL,93.8265,90.5,OPTIMAL
1025,0.761,0.8,OPTIMAL,2.7015,2.7,OPTIMAL,8.0453,8.3,EXCESSIVE,288.7404,290.0,EXCESSIVE,23.7314,27.1221,OPTIMAL,54.5211,56.3,OPTIMAL
1026,0.9133,0.9,OPTIMAL,2.4415,2.5,OPTIMAL,4.1635,4.1,OPTIMAL,219.4397,227.0,EXCESSIVE,25.5756,23.7431,OPTIMAL,88.6828,92.5,OPTIMAL
1027,0.421,0.4,DEFICIENT,2.0182,2.0,OPTIMAL,2.6484,2.5,OPTIMAL,203.8078,205.4,EXCESSIVE,19.4809,17.3854,OPTIMAL,92.7149,93.0,OPTIMAL
1028,0.7716,0.8,OPTIMAL,1.932,1.9,OPTIMAL,1.8716,1.6,OPTIMAL,188.9003,188.2,OPTIMAL,25.5462,25.1657,OPTIMAL,70.1393,66.9,OPTIMAL
1029,0.9784,1.0,OPTIMAL,2.506,2.5,OPTIMAL,3.992,3.8,OPTIMAL,147.7863,140.8,OPTIMAL,11.5025,10.2697,OPTIMAL,66.5114,64.5,OPTIMAL
1030,0.7483,0.7,OPTIMAL,3.0892,3.1,OPTIMAL,4.0589,4.0,OPTIMAL,236.4311,238.7,EXCESSIVE,26.6858,23.9578,OPTIMAL,111.3406,111.8,OPTIMAL
1031,1.0035,1.0,OPTIMAL,2.2003,2.1,OPTIMAL,6.0009,5.7,OPTIMAL,196.9373,190.3,OPTIMAL,29.4965,29.3151,OPTIMAL,101.6146,101.7,OPTIMAL
1032,1.017,1.0,OPTIMAL,2.6595,2.6,OPTIMAL,4.7293,4.7,OPTIMAL,208.1215,200.0,EXCESSIVE,32.3081,31.4373,OPTIMAL,78.7708,76.6,OPTIMAL
1033,0.7809,0.8,OPTIMAL,2.001,2.0,OPTIMAL,5.1459,5.4,OPTIMAL,180.2572,173.4,OPTIMAL,12.3469,11.9843,OPTIMAL,123.9158,125.5,OPTIMAL
1034,0.76,0.8,OPTIMAL,2.3201,2.4,OPTIMAL,7.6403,8.0,OPTIMAL,255.9992,259.7,EXCESSIVE,10.7388,11.0115,OPTIMAL,76.8544,79.0,OPTIMAL
1035,0.9234,0.9,OPTIMAL,2.7889,2.8,OPTIMAL,5.1083,4.6,OPTIMAL,227.9484,232.4,EXCESSIVE,36.2951,37.6491,OPTIMAL,85.9462,80.4,OPTIMAL
1036,0.6207,0.6,OPTIMAL,2.8065,2.8,OPTIMAL,7.9437,8.2,OPTIMAL,373.2376,371.8,EXCESSIVE,17.5275,17.1899,OPTIMAL,59.6655,59.0,OPTIMAL
1037,0.8074,0.8,OPTIMAL,2.3238,2.3,OPTIMAL,3.0891,3.1,OPTIMAL,194.2893,196.1,OPTIMAL,31.5594,31.8262,OPTIMAL,77.9207,78.4,OPTIMAL
1038,0.9684,0.9,OPTIMAL,2.4664,2.5,OPTIMAL,5.0818,5.1,OPTIMAL,168.915,170.2,OPTIMAL,21.4844,18.3587,OPTIMAL,77.1436,70.0,OPTIMAL
1039,0.7172,0.7,OPTIMAL,2.7395,2.8,OPTIMAL,3.4145,3.2,OPTIMAL,234.2127,237.9,EXCESSIVE,23.3488,18.7095,OPTIMAL,113.2031,113.1,OPTIMAL
1040,0.7226,0.7,OPTIMAL,2.6359,2.6,OPTIMAL,4.3273,4.0,OPTIMAL,245.6793,248.6,EXCESSIVE,29.2689,29.9305,OPTIMAL,91.1872,91.0,OPTIMAL
1041,0.6065,0.6,OPTIMAL,2.7125,2.7,OPTIMAL,3.4186,3.4,OPTIMAL,176.3811,176.1,OPTIMAL,28.0835,25.2233,OPTIMAL,96.9725,96.1,OPTIMAL
1042,0.7968,0.8,OPTIMAL,2.1269,2.1,OPTIMAL,6.5531,5.8,OPTIMAL,267.7796,269.9,EXCESSIVE,17.0651,19.9813,OPTIMAL,71.1765,67.7,OPTIMAL
1043,1.1556,1.2,OPTIMAL,2.3932,2.4,OPTIMAL,10.5174,11.1,EXCESSIVE,177.3675,179.9,OPTIMAL,22.973,24.6411,OPTIMAL,84.6768,81.8,OPTIMAL
1044,1.1006,1.1,OPTIMAL,2.4435,2.4,OPTIMAL,5.4795,5.4,OPTIMAL,220.5625,224.8,EXCESSIVE,27.0847,25.4839,OPTIMAL,74.0093,71.8,OPTIMAL
1045,1.1182,1.1,OPTIMAL,2.4716,2.5,OPTIMAL,5.6806,5.8,OPTIMAL,182.7406,180.6,OPTIMAL,20.3906,19.8587,OPTIMAL,86.8543,83.2,OPTIMAL
1046,0.7106,0.7,OPTIMAL,2.8037,2.8,OPTIMAL,2.9548,2.7,OPTIMAL,169.7587,151.6,OPTIMAL,35.6948,38.7352,OPTIMAL,96.2397,88.7,OPTIMAL
1047,0.7988,0.8,OPTIMAL,2.0605,2.0,OPTIMAL,1.9651,1.7,OPTIMAL,209.7545,209.9,EXCESSIVE,27.0969,26.2142,OPTIMAL,65.8578,62.5,OPTIMAL
1048,0.687,0.7,OPTIMAL,2.5043,2.4,OPTIMAL,3.3136,3.4,OPTIMAL,182.7612,181.6,OPTIMAL,54.4468,62.1724,EXCESSIVE,104.8447,106.7,OPTIMAL
1049,1.1078,1.1,OPTIMAL,2.8129,2.8,OPTIMAL,5.3699,5.2,OPTIMAL,215.817,213.5,EXCESSIVE,26.5091,24.3468,OPTIMAL,74.6292,73.3,OPTIMAL
1050,0.7157,0.7,OPTIMAL,2.698,2.6,OPTIMAL,4.0026,4.1,OPTIMAL,169.6183,167.9,OPTIMAL,33.3665,34.3313,OPTIMAL,107.592,107.1,OPTIMAL
1051,1.1432,1.1,OPTIMAL,2.7189,2.7,OPTIMAL,5.5441,5.3,OPTIMAL,169.0022,168.9,OPTIMAL,23.0105,23.0921,OPTIMAL,92.395,86.9,OPTIMAL
1052,1.1187,1.1,OPTIMAL,2.6771,2.6,OPTIMAL,6.1204,5.7,OPTIMAL,255.0168,265.2,EXCESSIVE,34.7687,38.6054,OPTIMAL,93.5444,91.2,OPTIMAL
1053,0.8282,0.9,OPTIMAL,3.8097,4.0,OPTIMAL,11.5118,12.0,EXCESSIVE,384.9526,396.1,EXCESSIVE,23.4142,23.2042,OPTIMAL,48.6712,48.7,DEFICIENT
1054,0.6136,0.6,OPTIMAL,2.0774,2.1,OPTIMAL,6.9051,7.1,OPTIMAL,224.4944,219.5,EXCESSIVE,13.6809,11.7762,OPTIMAL,74.3662,74.5,OPTIMAL
1055,1.2422,1.2,OPTIMAL,2.9493,2.9,OPTIMAL,9.0583,9.3,EXCESSIVE,238.6642,235.1,EXCESSIVE,30.3121,30.7049,OPTIMAL,110.8174,114.2,OPTIMAL
1056,0.9823,1.0,OPTIMAL,2.6189,2.7,OPTIMAL,4.2784,4.6,OPTIMAL,224.7048,234.3,EXCESSIVE,11.0583,9.0781,OPTIMAL,68.1046,71.4,OPTIMAL
1057,1.0917,1.1,OPTIMAL,2.1873,2.2,OPTIMAL,3.3558,3.3,OPTIMAL,164.5182,180.1,OPTIMAL,22.0294,21.1856,OPTIMAL,77.0258,75.3,OPTIMAL
1058,0.9765,1.0,OPTIMAL,2.5385,2.6,OPTIMAL,4.1036,4.1,OPTIMAL,206.2397,205.3,EXCESSIVE,11.1705,7.6904,OPTIMAL,67.1836,69.6,OPTIMAL
1059,0.7912,0.8,OPTIMAL,2.878,2.8,OPTIMAL,3.5912,3.5,OPTIMAL,193.9774,190.9,OPTIMAL,38.4621,39.3676,OPTIMAL,126.5249,128.3,OPTIMAL
1060,0.8025,0.8,OPTIMAL,3.4135,3.4,OPTIMAL,8.9244,8.8,EXCESSIVE,180.6731,171.9,OPTIMAL,22.2758,20.0562,OPTIMAL,91.4979,92.8,OPTIMAL
1061,0.8981,0.9,OPTIMAL,3.078,3.3,OPTIMAL,5.7353,6.9,OPTIMAL,199.4164,201.7,OPTIMAL,29.1167,58.3068,OPTIMAL,82.9242,85.1,OPTIMAL
1062,0.8558,0.9,OPTIMAL,2.0858,2.0,OPTIMAL,6.2115,6.0,OPTIMAL,242.1784,240.4,EXCESSIVE,13.1591,13.2914,OPTIMAL,56.0912,52.4,OPTIMAL
1063,0.7755,0.8,OPTIMAL,2.4093,2.4,OPTIMAL,2.5427,2.2,OPTIMAL,203.237,202.1,EXCESSIVE,37.4257,40.5055,OPTIMAL,79.1399,79.1,OPTIMAL
1064,0.5471,0.5,OPTIMAL,2.5213,2.4,OPTIMAL,6.5648,6.1,OPTIMAL,287.9019,274.1,EXCESSIVE,68.8732,73.7617,EXCESSIVE,80.1671,84.7,OPTIMAL
1065,0.5863,0.5,OPTIMAL,2.2357,2.2,OPTIMAL,6.82,6.7,OPTIMAL,222.1467,211.1,EXCESSIVE,12.0318,10.211,OPTIMAL,70.5826,69.8,OPTIMAL
1066,0.788,0.8,OPTIMAL,2.5571,2.5,OPTIMAL,4.2007,4.4,OPTIMAL,224.9054,233.5,EXCESSIVE,40.942,44.4551,OPTIMAL,117.1442,116.6,OPTIMAL
1067,1.19,1.2,OPTIMAL,2.4194,2.4,OPTIMAL,4.4471,4.0,OPTIMAL,159.4572,160.3,OPTIMAL,20.9684,18.9427,OPTIMAL,91.3751,93.0,OPTIMAL
1068,0.9426,0.9,OPTIMAL,2.3655,2.4,OPTIMAL,4.445,4.2,OPTIMAL,156.2225,159.8,OPTIMAL,25.1679,24.2552,OPTIMAL,83.0135,84.0,OPTIMAL
1069,0.6337,0.6,OPTIMAL,2.8026,2.8,OPTIMAL,3.408,3.4,OPTIMAL,291.8886,309.3,EXCESSIVE,39.7819,43.6863,OPTIMAL,118.3917,123.6,OPTIMAL
1070,0.8352,0.8,OPTIMAL,2.5309,2.5,OPTIMAL,4.3822,4.7,OPTIMAL,209.2116,225.7,EXCESSIVE,11.7135,10.0028,OPTIMAL,66.1584,64.2,OPTIMAL
1071,0.6003,0.6,OPTIMAL,2.7476,2.8,OPTIMAL,7.2542,7.5,OPTIMAL,274.8731,270.9,EXCESSIVE,14.4029,13.8812,OPTIMAL,76.6094,79.1,OPTIMAL
1072,1.2888,1.3,OPTIMAL,2.6915,2.7,OPTIMAL,7.7735,7.8,OPTIMAL,241.0215,241.9,EXCESSIVE,30.9697,30.529,OPTIMAL,91.5898,92.0,OPTIMAL
1073,0.7919,0.8,OPTIMAL,2.0844,2.0,OPTIMAL,7.6408,8.0,OPTIMAL,267.1234,275.0,EXCESSIVE,11.5023,9.9838,OPTIMAL,74.8518,75.8,OPTIMAL
1074,1.2698,1.3,OPTIMAL,2.4457,2.5,OPTIMAL,6.8716,7.0,OPTIMAL,156.8597,158.2,OPTIMAL,20.0698,18.5524,OPTIMAL,88.9449,89.6,OPTIMAL
1075,0.9534,0.9,OPTIMAL,2.2281,2.2,OPTIMAL,3.3265,2.7,OPTIMAL,144.3437,132.1,OPTIMAL,23.9208,23.4237,OPTIMAL,87.8591,87.9,OPTIMAL
1076,0.7881,0.8,OPTIMAL,3.3591,3.4,OPTIMAL,3.8249,3.9,OPTIMAL,243.6682,246.1,EXCESSIVE,31.7504,32.1376,OPTIMAL,113.5189,114.9,OPTIMAL
1077,0.8428,0.8,OPTIMAL,2.5977,2.6,OPTIMAL,4.1937,4.2,OPTIMAL,227.8254,231.8,EXCESSIVE,10.9014,10.5826,OPTIMAL,63.9526,63.5,OPTIMAL
1078,0.6086,0.6,OPTIMAL,1.9258,1.9,OPTIMAL,1.9421,1.9,OPTIMAL,163.139,160.9,OPTIMAL,28.5847,28.3026,OPTIMAL,60.3564,61.3,OPTIMAL
1079,1.0375,1.0,OPTIMAL,2.7957,2.8,OPTIMAL,3.5753,3.1,OPTIMAL,172.0919,168.3,OPTIMAL,22.2756,20.6115,OPTIMAL,85.4828,81.8,OPTIMAL
1080,0.7052,0.7,OPTIMAL,2.3391,2.3,OPTIMAL,2.5201,2.3,OPTIMAL,210.8996,205.5,EXCESSIVE,35.8206,37.0986,OPTIMAL,59.6476,55.7,OPTIMAL
1081,0.8628,0.9,OPTIMAL,3.3507,3.4,OPTIMAL,6.331,6.6,OPTIMAL,191.7957,189.7,OPTIMAL,20.2468,18.8555,OPTIMAL,80.9905,79.5,OPTIMAL
1082,0.9116,0.9,OPTIMAL,3.1163,3.1,OPTIMAL,5.3552,4.9,OPTIMAL,197.1403,187.1,OPTIMAL,22.7208,21.7062,OPTIMAL,104.0743,106.6,OPTIMAL
1083,0.8998,0.9,OPTIMAL,1.8938,1.8,OPTIMAL,4.1353,3.9,OPTIMAL,184.5928,181.1,OPTIMAL,12.644,13.0767,OPTIMAL,89.158,87.7,OPTIMAL
1084,0.9885,1.0,OPTIMAL,2.5189,2.6,OPTIMAL,5.1367,5.2,OPTIMAL,155.782,161.3,OPTIMAL,21.6667,19.9383,OPTIMAL,93.8525,92.9,OPTIMAL
1085,0.7212,0.7,OPTIMAL,2.5061,2.5,OPTIMAL,5.2097,5.7,OPTIMAL,205.0446,202.3,EXCESSIVE,50.1363,51.8631,EXCESSIVE,100.1802,100.7,OPTIMAL
1086,0.8457,0.9,OPTIMAL,2.714,2.8,OPTIMAL,6.4642,6.5,OPTIMAL,241.5233,236.8,EXCESSIVE,10.8976,9.7091,OPTIMAL,68.6588,65.3,OPTIMAL
1087,0.5386,0.5,OPTIMAL,2.1238,2.0,OPTIMAL,3.1048,2.5,OPTIMAL,194.0714,191.8,OPTIMAL,26.8996,26.8252,OPTIMAL,77.0069,74.1,OPTIMAL
1088,0.7586,0.8,OPTIMAL,3.0071,3.1,OPTIMAL,3.4509,3.5,OPTIMAL,177.3016,178.0,OPTIMAL,33.981,33.034,OPTIMAL,102.2755,100.6,OPTIMAL
1089,0.9461,0.9,OPTIMAL,2.2148,2.2,OPTIMAL,6.9389,7.4,OPTIMAL,153.3046,153.5,OPTIMAL,20.1706,18.3399,OPTIMAL,82.6535,83.7,OPTIMAL
1090,0.6124,0.6,OPTIMAL,2.7151,2.8,OPTIMAL,2.6469,2.5,OPTIMAL,218.175,221.4,EXCESSIVE,31.2041,25.9703,OPTIMAL,89.2587,86.8,OPTIMAL
1091,1.068,1.1,OPTIMAL,4.0818,4.3,OPTIMAL,5.6499,5.5,OPTIMAL,195.5393,197.7,OPTIMAL,35.4654,39.3827,OPTIMAL,138.1432,145.2,OPTIMAL
1092,0.775,0.8,OPTIMAL,3.0746,3.1,OPTIMAL,4.8853,5.2,OPTIMAL,204.9059,205.9,EXCESSIVE,30.2032,25.9659,OPTIMAL,114.0379,113.7,OPTIMAL
1093,0.788,0.8,OPTIMAL,2.9193,2.9,OPTIMAL,4.0954,4.4,OPTIMAL,198.9089,199.6,OPTIMAL,40.8965,37.9334,OPTIMAL,112.1817,111.1,OPTIMAL
1094,0.6804,0.7,OPTIMAL,2.7425,2.8,OPTIMAL,2.7346,2.5,OPTIMAL,212.6906,218.5,EXCESSIVE,28.7489,25.3819,OPTIMAL,96.4595,96.6,OPTIMAL
1095,0.8649,0.9,OPTIMAL,2.6925,2.7,OPTIMAL,4.4061,4.7,OPTIMAL,214.7809,207.9,EXCESSIVE,33.9812,31.2533,OPTIMAL,130.4924,132.7,OPTIMAL
1096,0.8052,0.8,OPTIMAL,2.1176,2.1,OPTIMAL,2.2455,2.2,OPTIMAL,199.0057,197.8,OPTIMAL,25.3792,24.7566,OPTIMAL,67.9111,66.7,OPTIMAL
1097,0.7678,0.8,OPTIMAL,2.4836,2.4,OPTIMAL,4.1491,4.3,OPTIMAL,168.0497,161.6,OPTIMAL,44.4384,47.4787,OPTIMAL,91.9211,88.6,OPTIMAL
1098,1.2557,1.3,OPTIMAL,2.4749,2.6,OPTIMAL,6.1873,6.0,OPTIMAL,161.0962,171.9,OPTIMAL,21.7684,19.4548,OPTIMAL,95.8678,98.1,OPTIMAL
1099,1.2646,1.3,OPTIMAL,2.9733,3.0,OPTIMAL,5.8026,5.7,OPTIMAL,218.5726,217.4,EXCESSIVE,41.5252,43.482,OPTIMAL,91.6599,94.7,OPTIMAL
1100,0.7661,0.8,OPTIMAL,2.8891,3.0,OPTIMAL,3.8689,3.7,OPTIMAL,217.1481,214.3,EXCESSIVE,29.7493,28.9454,OPTIMAL,116.826,120.2,OPTIMAL
1101,0.8593,0.9,OPTIMAL,3.1349,3.1,OPTIMAL,4.8446,4.8,OPTIMAL,207.5938,205.2,EXCESSIVE,35.036,36.2142,OPTIMAL,130.2181,130.7,OPTIMAL
1102,0.5223,0.5,OPTIMAL,2.313,2.3,OPTIMAL,6.1302,5.7,OPTIMAL,290.321,283.9,EXCESSIVE,26.4247,30.4876,OPTIMAL,42.1159,38.7,DEFICIENT
1103,0.5944,0.6,OPTIMAL,2.863,2.9,OPTIMAL,7.7047,7.9,OPTIMAL,268.4261,267.2,EXCESSIVE,20.4877,22.8873,OPTIMAL,78.6119,80.1,OPTIMAL
1104,0.7331,0.7,OPTIMAL,2.3154,2.3,OPTIMAL,6.1826,6.0,OPTIMAL,238.5365,232.4,EXCESSIVE,11.7188,10.0963,OPTIMAL,67.1872,66.6,OPTIMAL
1105,0.8545,0.9,OPTIMAL,2.3753,2.4,OPTIMAL,7.0113,7.4,OPTIMAL,244.6054,243.7,EXCESSIVE,21.982,25.7948,OPTIMAL,59.9169,56.6,OPTIMAL
1106,1.1236,1.1,OPTIMAL,2.8518,2.9,OPTIMAL,4.3905,4.3,OPTIMAL,181.2097,181.8,OPTIMAL,24.2876,21.8241,OPTIMAL,79.2639,76.6,OPTIMAL
1107,1.0233,1.0,OPTIMAL,2.5613,2.5,OPTIMAL,4.3907,4.6,OPTIMAL,197.9256,198.2,OPTIMAL,12.8436,15.5505,OPTIMAL,66.902,68.6,OPTIMAL
1108,0.7878,0.8,OPTIMAL,2.4762,2.5,OPTIMAL,8.2222,8.8,EXCESSIVE,280.2146,281.4,EXCESSIVE,14.0944,12.5358,OPTIMAL,81.8361,86.5,OPTIMAL
1109,0.6096,0.6,OPTIMAL,1.9882,1.9,OPTIMAL,6.7151,6.6,OPTIMAL,241.2143,237.7,EXCESSIVE,10.5093,11.6852,OPTIMAL,74.833,74.5,OPTIMAL
1110,0.741,0.7,OPTIMAL,2.1327,2.0,OPTIMAL,2.186,1.7,OPTIMAL,206.0969,199.8,EXCESSIVE,41.3988,42.9419,OPTIMAL,70.1444,65.9,OPTIMAL
1111,1.192,1.2,OPTIMAL,3.3121,3.3,OPTIMAL,8.5061,8.9,EXCESSIVE,324.6461,318.8,EXCESSIVE,30.4697,33.7655,OPTIMAL,125.9413,128.4,OPTIMAL
1112,0.9174,1.0,OPTIMAL,2.0401,2.0,OPTIMAL,2.2785,2.1,OPTIMAL,198.9632,192.8,OPTIMAL,31.0581,32.2244,OPTIMAL,79.1681,82.1,OPTIMAL
1113,1.0793,1.1,OPTIMAL,2.4952,2.5,OPTIMAL,3.8297,3.6,OPTIMAL,132.5967,122.4,OPTIMAL,11.3467,9.3945,OPTIMAL,64.7656,62.1,OPTIMAL
1114,1.1866,1.2,OPTIMAL,2.343,2.3,OPTIMAL,6.6207,6.9,OPTIMAL,154.0446,152.1,OPTIMAL,23.227,22.8624,OPTIMAL,81.9578,78.5,OPTIMAL
1115,1.0145,1.0,OPTIMAL,2.549,2.5,OPTIMAL,3.7499,3.7,OPTIMAL,177.3648,182.9,OPTIMAL,11.7481,11.9913,OPTIMAL,65.4298,63.3,OPTIMAL
1116,0.6896,0.7,OPTIMAL,2.9115,3.0,OPTIMAL,7.5518,7.6,OPTIMAL,286.0032,280.6,EXCESSIVE,13.2159,12.146,OPTIMAL,44.72,36.2,DEFICIENT
1117,0.7742,0.8,OPTIMAL,3.11,3.1,OPTIMAL,7.5697,7.4,OPTIMAL,288.0225,283.7,EXCESSIVE,28.8808,30.7187,OPTIMAL,76.0723,79.8,OPTIMAL
1118,0.5176,0.5,OPTIMAL,2.5792,2.5,OPTIMAL,7.06,7.3,OPTIMAL,266.399,263.8,EXCESSIVE,20.383,18.4816,OPTIMAL,74.5497,77.5,OPTIMAL
1119,0.829,0.8,OPTIMAL,3.437,3.4,OPTIMAL,7.448,7.2,OPTIMAL,216.4992,220.7,EXCESSIVE,14.3412,11.1302,OPTIMAL,82.407,84.6,OPTIMAL
1120,0.6015,0.6,OPTIMAL,2.4488,2.5,OPTIMAL,6.4302,6.5,OPTIMAL,390.0788,396.9,EXCESSIVE,19.4017,20.8797,OPTIMAL,36.7812,32.7,DEFICIENT
1121,0.7962,0.8,OPTIMAL,3.5313,3.6,OPTIMAL,4.7351,5.1,OPTIMAL,226.8666,241.6,EXCESSIVE,36.6794,38.6414,OPTIMAL,130.2808,129.9,OPTIMAL
1122,0.5212,0.5,OPTIMAL,2.0519,2.0,OPTIMAL,1.963,1.9,OPTIMAL,166.0668,158.5,OPTIMAL,30.0818,31.7189,OPTIMAL,67.3478,64.9,OPTIMAL
1123,0.848,0.9,OPTIMAL,2.4869,2.5,OPTIMAL,4.4348,5.0,OPTIMAL,269.974,295.3,EXCESSIVE,38.3336,38.485,OPTIMAL,107.6777,113.5,OPTIMAL
1124,1.198,1.2,OPTIMAL,3.4643,3.5,OPTIMAL,8.514,8.9,EXCESSIVE,332.4999,329.5,EXCESSIVE,22.4584,20.4273,OPTIMAL,124.1787,126.8,OPTIMAL
1125,0.7421,0.7,OPTIMAL,2.8772,2.8,OPTIMAL,3.8252,3.7,OPTIMAL,218.3924,216.5,EXCESSIVE,37.7399,34.5542,OPTIMAL,113.107,110.4,OPTIMAL
1126,0.8256,0.9,OPTIMAL,3.0085,3.0,OPTIMAL,3.7601,3.7,OPTIMAL,174.7181,163.4,OPTIMAL,44.2288,47.6888,OPTIMAL,132.8866,139.6,OPTIMAL
1127,0.8027,0.8,OPTIMAL,3.1739,3.2,OPTIMAL,4.706,4.7,OPTIMAL,225.5123,229.0,EXCESSIVE,40.9637,43.6598,OPTIMAL,120.5397,121.2,OPTIMAL
1128,0.7318,0.7,OPTIMAL,3.0015,3.0,OPTIMAL,3.3334,3.4,OPTIMAL,212.178,212.0,EXCESSIVE,23.3103,19.1635,OPTIMAL,104.4213,101.4,OPTIMAL
1129,0.8825,0.9,OPTIMAL,2.9367,3.0,OPTIMAL,5.0671,5.4,OPTIMAL,231.6412,237.6,EXCESSIVE,26.1445,23.9778,OPTIMAL,87.1374,85.7,OPTIMAL
1130,0.8019,0.8,OPTIMAL,3.014,3.0,OPTIMAL,3.8876,4.0,OPTIMAL,186.4438,188.6,OPTIMAL,43.4953,44.2426,OPTIMAL,118.8217,113.4,OPTIMAL
1131,0.4469,0.4,DEFICIENT,2.5178,2.6,OPTIMAL,2.4184,2.4,OPTIMAL,219.2015,230.8,EXCESSIVE,26.9533,28.1261,OPTIMAL,99.1273,105.6,OPTIMAL
1132,0.8925,0.9,OPTIMAL,2.1386,2.1,OPTIMAL,4.3049,4.5,OPTIMAL,209.7888,211.3,EXCESSIVE,13.5943,11.6277,OPTIMAL,74.1485,68.4,OPTIMAL
1133,0.822,0.8,OPTIMAL,2.6169,2.6,OPTIMAL,5.0388,5.1,OPTIMAL,225.6063,232.1,EXCESSIVE,27.0741,28.0974,OPTIMAL,100.6803,103.7,OPTIMAL
1134,1.1735,1.2,OPTIMAL,2.5626,2.6,OPTIMAL,5.8089,6.2,OPTIMAL,187.7742,190.1,OPTIMAL,20.9596,18.7698,OPTIMAL,95.1802,97.8,OPTIMAL
1135,0.7951,0.8,OPTIMAL,2.9493,3.0,OPTIMAL,4.0885,4.1,OPTIMAL,240.424,243.0,EXCESSIVE,24.1266,23.6483,OPTIMAL,75.0068,73.4,OPTIMAL
1136,0.6819,0.7,OPTIMAL,2.5681,2.6,OPTIMAL,2.9243,2.7,OPTIMAL,210.8389,208.9,EXCESSIVE,28.9185,29.1732,OPTIMAL,110.676,112.2,OPTIMAL
1137,0.6885,0.7,OPTIMAL,2.7701,2.7,OPTIMAL,3.8493,4.1,OPTIMAL,204.587,190.1,EXCESSIVE,42.1722,41.5222,OPTIMAL,114.7643,119.4,OPTIMAL
1138,0.9964,1.0,OPTIMAL,2.594,2.5,OPTIMAL,5.4171,5.1,OPTIMAL,208.3197,202.6,EXCESSIVE,24.3215,21.7465,OPTIMAL,127.3976,137.0,OPTIMAL
1139,1.2034,1.2,OPTIMAL,2.4554,2.4,OPTIMAL,8.6418,8.5,EXCESSIVE,172.319,177.1,OPTIMAL,22.0713,21.795,OPTIMAL,88.9395,87.8,OPTIMAL
1140,0.5064,0.5,OPTIMAL,2.7284,2.8,OPTIMAL,6.6357,6.7,OPTIMAL,269.2379,263.8,EXCESSIVE,17.8494,16.0802,OPTIMAL,72.8949,75.5,OPTIMAL
1141,0.8679,0.9,OPTIMAL,2.9712,2.9,OPTIMAL,4.5438,4.4,OPTIMAL,256.6143,264.0,EXCESSIVE,26.6144,28.3491,OPTIMAL,82.4659,90.9,OPTIMAL
1142,0.8434,0.9,OPTIMAL,2.6431,2.7,OPTIMAL,7.3501,7.6,OPTIMAL,270.4495,280.5,EXCESSIVE,16.9977,20.1851,OPTIMAL,82.8321,85.4,OPTIMAL
1143,1.2076,1.2,OPTIMAL,2.2727,2.1,OPTIMAL,4.804,4.4,OPTIMAL,157.3706,141.1,OPTIMAL,21.6884,22.8899,OPTIMAL,85.2776,82.1,OPTIMAL
1144,0.7109,0.7,OPTIMAL,2.7606,2.8,OPTIMAL,5.1983,5.3,OPTIMAL,281.3758,288.8,EXCESSIVE,74.6681,78.4169,EXCESSIVE,81.6773,82.4,OPTIMAL
1145,0.5776,0.5,OPTIMAL,2.233,2.1,OPTIMAL,6.1988,5.7,OPTIMAL,407.5107,422.3,EXCESSIVE,15.1622,14.2972,OPTIMAL,33.8744,27.3,DEFICIENT
1146,0.7028,0.7,OPTIMAL,2.5187,2.6,OPTIMAL,3.5563,3.3,OPTIMAL,236.4814,244.5,EXCESSIVE,25.5716,28.6876,OPTIMAL,112.896,102.7,OPTIMAL
1147,0.8628,0.9,OPTIMAL,1.9481,1.9,OPTIMAL,4.6814,4.6,OPTIMAL,183.4784,185.8,OPTIMAL,10.3168,8.8408,OPTIMAL,93.3152,92.4,OPTIMAL
1148,1.299,1.3,OPTIMAL,3.0525,3.1,OPTIMAL,6.166,6.5,OPTIMAL,309.0608,308.4,EXCESSIVE,29.7757,32.914,OPTIMAL,140.5172,144.3,OPTIMAL
1149,0.7194,0.7,OPTIMAL,2.4903,2.6,OPTIMAL,4.8748,5.1,OPTIMAL,227.0091,236.1,EXCESSIVE,11.0123,11.3498,OPTIMAL,120.6123,123.6,OPTIMAL
1150,1.0579,1.0,OPTIMAL,2.4887,2.4,OPTIMAL,4.5095,3.9,OPTIMAL,168.7758,166.7,OPTIMAL,23.3812,22.59,OPTIMAL,83.8912,77.0,OPTIMAL
1151,0.8418,0.8,OPTIMAL,1.9483,1.9,OPTIMAL,2.0795,1.8,OPTIMAL,156.6088,162.7,OPTIMAL,23.8964,23.9386,OPTIMAL,78.2665,75.6,OPTIMAL
1152,0.7952,0.7,OPTIMAL,2.9622,3.0,OPTIMAL,5.0544,4.9,OPTIMAL,311.3617,334.6,EXCESSIVE,56.0146,64.4605,EXCESSIVE,72.1614,68.3,OPTIMAL
1153,0.9016,0.9,OPTIMAL,1.9056,1.9,OPTIMAL,4.1086,4.0,OPTIMAL,169.5116,168.8,OPTIMAL,11.6427,11.5579,OPTIMAL,92.7534,92.1,OPTIMAL
1154,0.8332,0.8,OPTIMAL,2.9851,3.0,OPTIMAL,5.4061,5.4,OPTIMAL,265.5649,271.0,EXCESSIVE,34.4837,36.317,OPTIMAL,88.9691,87.4,OPTIMAL
1155,1.2085,1.2,OPTIMAL,2.6195,2.6,OPTIMAL,6.4987,6.7,OPTIMAL,186.4809,185.6,OPTIMAL,20.1069,20.2656,OPTIMAL,114.0784,116.8,OPTIMAL
1156,1.126,1.2,OPTIMAL,2.8275,2.9,OPTIMAL,5.9363,6.1,OPTIMAL,228.5292,222.1,EXCESSIVE,35.1677,39.2588,OPTIMAL,94.5575,93.2,OPTIMAL
1157,0.7073,0.7,OPTIMAL,2.2436,2.3,OPTIMAL,4.0858,4.0,OPTIMAL,227.0826,232.6,EXCESSIVE,14.2492,15.0808,OPTIMAL,109.5181,108.3,OPTIMAL
1158,0.8842,0.9,OPTIMAL,3.9462,4.1,OPTIMAL,6.8519,7.1,OPTIMAL,205.2343,203.8,EXCESSIVE,19.9032,17.0793,OPTIMAL,82.0765,81.0,OPTIMAL
1159,0.8276,0.8,OPTIMAL,3.2476,3.3,OPTIMAL,4.924,5.0,OPTIMAL,218.8828,219.4,EXCESSIVE,39.9902,40.5848,OPTIMAL,128.2715,127.5,OPTIMAL
1160,1.0408,1.0,OPTIMAL,2.3067,2.3,OPTIMAL,4.5687,4.5,OPTIMAL,139.7518,134.6,OPTIMAL,26.9927,27.3053,OPTIMAL,82.7039,81.3,OPTIMAL
1161,0.7214,0.7,OPTIMAL,2.728,2.7,OPTIMAL,4.0459,4.1,OPTIMAL,201.3955,196.7,EXCESSIVE,53.233,56.6266,EXCESSIVE,106.6413,98.5,OPTIMAL
1162,0.9837,1.0,OPTIMAL,2.2244,2.2,OPTIMAL,4.8016,5.0,OPTIMAL,180.4097,179.6,OPTIMAL,31.3861,32.2427,OPTIMAL,61.5229,60.7,OPTIMAL
1163,0.9463,1.0,OPTIMAL,2.4948,2.6,OPTIMAL,4.3962,4.8,OPTIMAL,223.7108,230.6,EXCESSIVE,28.4463,27.8257,OPTIMAL,138.9295,151.6,OPTIMAL
1164,0.6694,0.7,OPTIMAL,2.9765,3.0,OPTIMAL,4.9521,5.2,OPTIMAL,184.2092,178.9,OPTIMAL,24.2747,23.5233,OPTIMAL,120.9538,124.2,OPTIMAL
1165,0.6364,0.6,OPTIMAL,2.3994,2.3,OPTIMAL,3.6759,3.8,OPTIMAL,196.067,178.9,OPTIMAL,44.8307,48.7612,OPTIMAL,105.1196,106.6,OPTIMAL
1166,0.7174,0.7,OPTIMAL,2.606,2.6,OPTIMAL,3.2758,3.1,OPTIMAL,254.9477,258.2,EXCESSIVE,39.1378,40.0189,OPTIMAL,133.0824,134.8,OPTIMAL
1167,0.7873,0.8,OPTIMAL,3.4852,3.6,OPTIMAL,7.2929,7.7,OPTIMAL,244.766,253.2,EXCESSIVE,37.1612,38.267,OPTIMAL,68.6198,67.4,OPTIMAL
1168,0.7984,0.8,OPTIMAL,2.2738,2.3,OPTIMAL,5.1191,5.2,OPTIMAL,210.8496,216.4,EXCESSIVE,14.2142,11.3827,OPTIMAL,72.0343,75.0,OPTIMAL
1169,0.8128,0.8,OPTIMAL,2.2555,2.2,OPTIMAL,7.6978,7.7,OPTIMAL,334.4607,331.3,EXCESSIVE,13.628,12.5822,OPTIMAL,80.67,83.4,OPTIMAL
1170,0.8055,0.8,OPTIMAL,2.3411,2.3,OPTIMAL,2.0593,2.0,OPTIMAL,231.031,231.0,EXCESSIVE,33.9116,34.9671,OPTIMAL,83.3304,82.9,OPTIMAL
1171,0.8219,0.8,OPTIMAL,2.677,2.8,OPTIMAL,4.1828,4.6,OPTIMAL,234.2434,250.5,EXCESSIVE,12.1476,11.3173,OPTIMAL,66.234,68.1,OPTIMAL
1172,0.8579,0.8,OPTIMAL,2.2237,2.2,OPTIMAL,4.6077,5.0,OPTIMAL,167.1832,167.9,OPTIMAL,10.6928,9.0734,OPTIMAL,59.9201,57.5,OPTIMAL
1173,0.897,1.0,OPTIMAL,2.8249,3.0,OPTIMAL,7.2428,7.6,OPTIMAL,291.01,291.9,EXCESSIVE,19.5548,19.7262,OPTIMAL,90.6666,93.5,OPTIMAL
1174,0.8073,0.8,OPTIMAL,2.4028,2.4,OPTIMAL,6.8499,6.9,OPTIMAL,251.3729,252.6,EXCESSIVE,12.7615,11.6619,OPTIMAL,76.1062,76.7,OPTIMAL
1175,0.8479,0.8,OPTIMAL,2.2953,2.2,OPTIMAL,3.7372,3.4,OPTIMAL,150.2403,143.4,OPTIMAL,11.2761,10.2652,OPTIMAL,62.1666,58.3,OPTIMAL
1176,0.6206,0.6,OPTIMAL,2.2466,2.2,OPTIMAL,2.7422,2.5,OPTIMAL,244.611,254.1,EXCESSIVE,52.2401,53.7568,EXCESSIVE,82.6272,80.6,OPTIMAL
1177,0.6224,0.6,OPTIMAL,2.637,2.6,OPTIMAL,6.6338,6.4,OPTIMAL,334.3855,330.3,EXCESSIVE,12.5172,10.9199,OPTIMAL,65.7502,68.0,OPTIMAL
1178,1.1633,1.2,OPTIMAL,2.2793,2.3,OPTIMAL,3.9174,3.8,OPTIMAL,164.5887,170.3,OPTIMAL,22.4739,23.9617,OPTIMAL,84.5827,88.2,OPTIMAL
1179,0.8607,0.9,OPTIMAL,2.7101,2.8,OPTIMAL,3.6069,4.1,OPTIMAL,210.7215,214.3,EXCESSIVE,31.2079,32.4717,OPTIMAL,126.0677,131.2,OPTIMAL
1180,1.0692,1.1,OPTIMAL,2.4483,2.5,OPTIMAL,4.2785,4.1,OPTIMAL,176.3724,187.7,OPTIMAL,22.9586,21.4211,OPTIMAL,88.3592,90.2,OPTIMAL
1181,1.0301,1.0,OPTIMAL,2.4546,2.4,OPTIMAL,4.9873,4.8,OPTIMAL,173.4495,170.2,OPTIMAL,21.8248,21.4063,OPTIMAL,78.9408,75.4,OPTIMAL
1182,0.8782,0.9,OPTIMAL,2.3763,2.4,OPTIMAL,2.4271,2.4,OPTIMAL,192.1469,193.2,OPTIMAL,24.24,24.5989,OPTIMAL,77.3084,78.5,OPTIMAL
1183,0.5594,0.5,OPTIMAL,2.5164,2.6,OPTIMAL,2.4892,2.5,OPTIMAL,211.7852,214.8,EXCESSIVE,27.3897,26.4958,OPTIMAL,64.2275,63.4,OPTIMAL
1184,0.6812,0.7,OPTIMAL,2.5286,2.5,OPTIMAL,2.8609,2.6,OPTIMAL,218.1049,223.9,EXCESSIVE,34.1974,33.1048,OPTIMAL,101.8735,97.4,OPTIMAL
1185,0.7324,0.7,OPTIMAL,2.8378,2.7,OPTIMAL,4.0404,3.3,OPTIMAL,205.22,203.6,EXCESSIVE,33.2428,32.1706,OPTIMAL,108.1221,102.4,OPTIMAL
1186,0.5842,0.6,OPTIMAL,2.4677,2.4,OPTIMAL,6.1425,6.2,OPTIMAL,358.5596,357.6,EXCESSIVE,23.1843,24.6555,OPTIMAL,84.771,92.2,OPTIMAL
1187,1.149,1.2,OPTIMAL,2.374,2.4,OPTIMAL,10.1603,10.9,EXCESSIVE,171.1538,166.1,OPTIMAL,24.8362,28.1021,OPTIMAL,106.1529,108.3,OPTIMAL
1188,1.1897,1.2,OPTIMAL,2.5498,2.7,OPTIMAL,5.4653,5.3,OPTIMAL,172.4883,179.7,OPTIMAL,23.16,23.8943,OPTIMAL,91.262,93.1,OPTIMAL
1189,1.2158,1.3,OPTIMAL,2.4169,2.5,OPTIMAL,8.6406,9.5,EXCESSIVE,169.559,179.8,OPTIMAL,21.0569,19.8331,OPTIMAL,95.7517,102.9,OPTIMAL
1190,0.7106,0.7,OPTIMAL,2.0318,1.9,OPTIMAL,4.3979,4.3,OPTIMAL,216.0446,203.5,EXCESSIVE,16.5095,12.8083,OPTIMAL,125.5352,127.6,OPTIMAL
1191,0.7959,0.8,OPTIMAL,2.0711,2.1,OPTIMAL,4.3712,4.6,OPTIMAL,175.5705,167.1,OPTIMAL,11.3858,12.3803,OPTIMAL,100.2049,99.4,OPTIMAL
1192,0.4948,0.5,DEFICIENT,2.479,2.5,OPTIMAL,2.0603,2.0,OPTIMAL,250.8234,254.0,EXCESSIVE,29.9434,33.5644,OPTIMAL,106.8688,111.5,OPTIMAL
1193,1.2931,1.3,OPTIMAL,2.7549,2.7,OPTIMAL,4.9173,5.3,OPTIMAL,171.843,166.9,OPTIMAL,19.2133,19.0982,OPTIMAL,107.9985,111.1,OPTIMAL
1194,0.9944,1.0,OPTIMAL,2.1389,2.0,OPTIMAL,3.7346,3.5,OPTIMAL,142.2841,137.9,OPTIMAL,10.9024,11.2686,OPTIMAL,64.5326,63.8,OPTIMAL
1195,0.7859,0.8,OPTIMAL,2.7143,2.6,OPTIMAL,3.977,4.2,OPTIMAL,206.6119,215.2,EXCESSIVE,43.5693,46.5654,OPTIMAL,111.1897,112.0,OPTIMAL
1196,0.6764,0.7,OPTIMAL,2.6472,2.7,OPTIMAL,2.6024,2.7,OPTIMAL,195.5089,193.8,OPTIMAL,20.463,17.9124,OPTIMAL,65.9335,62.2,OPTIMAL
1197,1.0835,1.1,OPTIMAL,2.6052,2.6,OPTIMAL,5.3055,5.2,OPTIMAL,190.3375,193.2,OPTIMAL,35.9693,38.6604,OPTIMAL,146.3473,153.8,OPTIMAL
1198,0.7387,0.7,OPTIMAL,2.5054,2.4,OPTIMAL,3.0977,2.7,OPTIMAL,222.0742,220.8,EXCESSIVE,29.6744,29.4375,OPTIMAL,86.3024,85.4,OPTIMAL
1199,1.1472,1.2,OPTIMAL,2.2772,2.3,OPTIMAL,5.0384,5.5,OPTIMAL,160.1176,150.3,OPTIMAL,20.8489,18.6391,OPTIMAL,98.2304,103.5,OPTIMAL
1200,1.0575,1.1,OPTIMAL,2.8683,2.9,OPTIMAL,7.3687,7.8,OPTIMAL,246.0847,252.0,EXCESSIVE,29.5408,30.0302,OPTIMAL,83.0089,80.5,OPTIMAL
1201,0.8037,0.8,OPTIMAL,2.4297,2.4,OPTIMAL,3.402,3.4,OPTIMAL,216.086,223.5,EXCESSIVE,30.869,30.5768,OPTIMAL,102.3313,101.5,OPTIMAL
1202,0.7903,0.8,OPTIMAL,2.5517,2.6,OPTIMAL,5.4373,5.2,OPTIMAL,379.3705,408.0,EXCESSIVE,26.5701,31.2409,OPTIMAL,105.018,111.5,OPTIMAL
1203,0.5075,0.5,OPTIMAL,2.5017,2.4,OPTIMAL,6.1463,6.1,OPTIMAL,274.6666,274.1,EXCESSIVE,68.4991,73.7617,EXCESSIVE,80.619,84.7,OPTIMAL
1204,1.1057,1.1,OPTIMAL,2.6652,2.6,OPTIMAL,5.7727,5.8,OPTIMAL,188.4682,186.4,OPTIMAL,31.1344,32.4699,OPTIMAL,100.401,92.6,OPTIMAL
1205,0.7768,0.8,OPTIMAL,2.5844,2.6,OPTIMAL,4.109,3.9,OPTIMAL,255.1496,266.0,EXCESSIVE,55.1751,60.9673,EXCESSIVE,146.0811,156.6,OPTIMAL
1206,0.4904,0.4,DEFICIENT,2.5286,2.5,OPTIMAL,2.4493,2.1,OPTIMAL,247.7432,239.7,EXCESSIVE,28.0524,27.7532,OPTIMAL,93.5763,86.3,OPTIMAL
1207,0.7208,0.7,OPTIMAL,2.3278,2.3,OPTIMAL,2.1594,2.3,OPTIMAL,256.7206,273.1,EXCESSIVE,29.4034,26.3382,OPTIMAL,83.4887,84.5,OPTIMAL
1208,1.0077,1.0,OPTIMAL,3.1734,3.2,OPTIMAL,4.6553,4.5,OPTIMAL,344.12,353.7,EXCESSIVE,38.6335,38.7217,OPTIMAL,112.2898,116.1,OPTIMAL
1209,0.5027,0.5,OPTIMAL,2.26,2.1,OPTIMAL,1.9725,1.6,OPTIMAL,194.9914,181.6,OPTIMAL,21.1536,15.7657,OPTIMAL,85.0693,78.7,OPTIMAL
1210,0.8623,0.9,OPTIMAL,2.7078,2.9,OPTIMAL,6.3002,6.5,OPTIMAL,258.4858,267.6,EXCESSIVE,13.4476,14.3411,OPTIMAL,71.485,72.3,OPTIMAL
1211,0.7941,0.8,OPTIMAL,2.2477,2.2,OPTIMAL,7.5256,7.7,OPTIMAL,245.9618,232.1,EXCESSIVE,15.8931,13.3648,OPTIMAL,65.3446,60.8,OPTIMAL
1212,0.8097,0.8,OPTIMAL,1.9992,1.9,OPTIMAL,2.386,2.2,OPTIMAL,224.7656,222.3,EXCESSIVE,27.8707,27.0066,OPTIMAL,77.5392,76.6,OPTIMAL
1213,0.4482,0.4,DEFICIENT,2.0638,2.0,OPTIMAL,3.2674,3.1,OPTIMAL,193.8757,193.2,OPTIMAL,25.7971,24.8142,OPTIMAL,109.8106,110.7,OPTIMAL
1214,0.7788,0.8,OPTIMAL,2.5984,2.6,OPTIMAL,3.0275,3.1,OPTIMAL,200.5404,203.3,EXCESSIVE,30.9398,31.5122,OPTIMAL,86.1552,86.4,OPTIMAL
1215,0.9183,0.9,OPTIMAL,4.1896,4.3,OPTIMAL,4.7795,4.3,OPTIMAL,464.9458,479.9,EXCESSIVE,34.0157,33.7723,OPTIMAL,49.6736,41.8,DEFICIENT
1216,1.1015,1.1,OPTIMAL,2.4954,2.5,OPTIMAL,6.6529,7.0,OPTIMAL,170.265,171.6,OPTIMAL,24.417,23.7559,OPTIMAL,85.3045,81.5,OPTIMAL
1217,0.7717,0.8,OPTIMAL,3.7666,3.9,OPTIMAL,8.3735,8.7,EXCESSIVE,371.9975,376.2,EXCESSIVE,18.7974,19.7721,OPTIMAL,63.4538,64.6,OPTIMAL
1218,0.8488,0.9,OPTIMAL,3.1489,3.2,OPTIMAL,6.1774,6.4,OPTIMAL,196.4163,194.7,OPTIMAL,15.2168,13.6783,OPTIMAL,61.9697,59.6,OPTIMAL
1219,0.5761,0.6,OPTIMAL,2.5664,2.4,OPTIMAL,6.1132,6.2,OPTIMAL,306.987,313.4,EXCESSIVE,18.2871,14.0427,OPTIMAL,76.0315,77.7,OPTIMAL
1220,0.8927,0.9,OPTIMAL,2.2243,2.2,OPTIMAL,4.0737,4.1,OPTIMAL,183.3811,178.4,OPTIMAL,26.4931,26.5311,OPTIMAL,61.4905,58.0,OPTIMAL
1221,0.9704,1.0,OPTIMAL,2.6882,2.7,OPTIMAL,4.9223,5.5,OPTIMAL,227.0706,230.4,EXCESSIVE,37.4482,42.1016,OPTIMAL,108.1273,111.8,OPTIMAL
1222,0.7057,0.7,OPTIMAL,2.5553,2.5,OPTIMAL,3.0572,3.0,OPTIMAL,202.6245,204.1,EXCESSIVE,27.1962,24.8911,OPTIMAL,115.4625,117.0,OPTIMAL
1223,1.0053,0.9,OPTIMAL,2.2258,2.1,OPTIMAL,5.805,5.8,OPTIMAL,193.709,204.7,OPTIMAL,18.7708,13.8168,OPTIMAL,97.4904,101.6,OPTIMAL
1224,0.7987,0.8,OPTIMAL,2.2227,2.2,OPTIMAL,2.0738,1.9,OPTIMAL,222.6676,227.2,EXCESSIVE,30.724,30.8012,OPTIMAL,72.7603,72.7,OPTIMAL
1225,1.0806,1.1,OPTIMAL,2.6463,2.7,OPTIMAL,4.2461,4.3,OPTIMAL,182.398,180.7,OPTIMAL,12.6962,15.4663,OPTIMAL,65.5216,67.1,OPTIMAL
1226,0.7796,0.8,OPTIMAL,2.8886,3.0,OPTIMAL,3.9065,3.9,OPTIMAL,283.0324,301.5,EXCESSIVE,22.0711,18.4143,OPTIMAL,100.5989,102.8,OPTIMAL
1227,1.0992,1.1,OPTIMAL,2.3385,2.3,OPTIMAL,5.6342,5.4,OPTIMAL,194.626,176.7,OPTIMAL,30.5284,28.689,OPTIMAL,64.8042,62.1,OPTIMAL
1228,0.5203,0.5,OPTIMAL,2.294,2.3,OPTIMAL,2.0583,2.1,OPTIMAL,235.265,244.6,EXCESSIVE,23.9072,24.4789,OPTIMAL,61.0101,61.2,OPTIMAL
1229,1.3524,1.4,OPTIMAL,3.2563,3.3,OPTIMAL,9.2058,9.6,EXCESSIVE,238.9969,245.3,EXCESSIVE,29.1066,29.0393,OPTIMAL,101.3108,100.8,OPTIMAL
1230,1.4273,1.5,OPTIMAL,2.823,2.9,OPTIMAL,5.4516,5.3,OPTIMAL,280.2547,292.2,EXCESSIVE,32.9078,34.9688,OPTIMAL,143.8192,145.8,OPTIMAL
1231,0.8094,0.8,OPTIMAL,2.0819,2.0,OPTIMAL,1.9391,1.8,OPTIMAL,222.7818,229.6,EXCESSIVE,40.8107,44.5625,OPTIMAL,68.5749,66.7,OPTIMAL
1232,0.7055,0.7,OPTIMAL,1.9929,1.9,OPTIMAL,2.0568,2.0,OPTIMAL,165.1062,161.0,OPTIMAL,39.2107,38.1021,OPTIMAL,82.1109,83.7,OPTIMAL
1233,0.8701,0.9,OPTIMAL,2.468,2.5,OPTIMAL,3.3188,3.3,OPTIMAL,218.6067,214.5,EXCESSIVE,27.6454,26.646,OPTIMAL,109.9769,114.8,OPTIMAL
1234,0.9852,0.9,OPTIMAL,2.4208,2.4,OPTIMAL,5.6667,5.6,OPTIMAL,176.111,168.4,OPTIMAL,23.4884,25.2779,OPTIMAL,96.7805,88.0,OPTIMAL
1235,0.7346,0.7,OPTIMAL,2.0618,2.0,OPTIMAL,4.2857,4.2,OPTIMAL,194.4157,190.4,OPTIMAL,11.1686,9.7369,OPTIMAL,119.9468,117.9,OPTIMAL
1236,1.0612,1.0,OPTIMAL,2.4521,2.4,OPTIMAL,5.9418,6.2,OPTIMAL,156.8255,151.5,OPTIMAL,22.8318,21.7213,OPTIMAL,89.2508,95.7,OPTIMAL
1237,0.7088,0.7,OPTIMAL,2.6886,2.7,OPTIMAL,3.924,4.0,OPTIMAL,228.3391,233.1,EXCESSIVE,28.8739,26.8213,OPTIMAL,128.6657,130.3,OPTIMAL
1238,1.0883,1.1,OPTIMAL,3.1304,3.1,OPTIMAL,5.8223,5.5,OPTIMAL,195.7491,199.8,OPTIMAL,32.9955,34.5126,OPTIMAL,146.7677,151.8,OPTIMAL
1239,0.9665,0.9,OPTIMAL,2.6666,2.6,OPTIMAL,5.082,4.1,OPTIMAL,204.4535,188.8,EXCESSIVE,24.8791,22.5851,OPTIMAL,92.0018,84.9,OPTIMAL
1240,0.4848,0.4,DEFICIENT,2.1733,2.2,OPTIMAL,3.2241,2.8,OPTIMAL,203.411,204.5,EXCESSIVE,38.5105,42.8603,OPTIMAL,107.523,106.5,OPTIMAL
1241,0.7729,0.8,OPTIMAL,2.4496,2.5,OPTIMAL,6.2117,6.2,OPTIMAL,263.9171,264.9,EXCESSIVE,14.0121,14.3811,OPTIMAL,68.0467,66.2,OPTIMAL
1242,0.6917,0.7,OPTIMAL,2.6817,2.6,OPTIMAL,3.6223,3.6,OPTIMAL,167.1556,163.4,OPTIMAL,24.0931,22.2733,OPTIMAL,95.6732,94.0,OPTIMAL
1243,0.7795,0.8,OPTIMAL,2.4777,2.5,OPTIMAL,6.8235,6.9,OPTIMAL,274.9156,273.5,EXCESSIVE,22.1329,23.7034,OPTIMAL,68.7504,64.0,OPTIMAL
1244,1.2561,1.3,OPTIMAL,2.3756,2.4,OPTIMAL,3.813,3.5,OPTIMAL,122.6844,111.6,OPTIMAL,10.8954,10.9763,OPTIMAL,67.5155,71.0,OPTIMAL
1245,0.688,0.7,OPTIMAL,2.486,2.4,OPTIMAL,3.593,3.6,OPTIMAL,212.732,216.8,EXCESSIVE,36.3884,33.3769,OPTIMAL,105.885,105.9,OPTIMAL
1246,0.6264,0.6,OPTIMAL,1.9195,1.9,OPTIMAL,4.2265,4.3,OPTIMAL,202.8966,195.7,EXCESSIVE,16.4722,18.6552,OPTIMAL,102.4222,96.9,OPTIMAL
1247,0.8103,0.8,OPTIMAL,2.6038,2.6,OPTIMAL,5.2359,5.1,OPTIMAL,218.4248,221.3,EXCESSIVE,18.2943,14.62,OPTIMAL,66.6484,64.1,OPTIMAL
1248,0.7006,0.7,OPTIMAL,1.9901,2.0,OPTIMAL,4.5131,4.5,OPTIMAL,181.4709,174.2,OPTIMAL,12.3785,15.275,OPTIMAL,107.2532,104.8,OPTIMAL
1249,0.7257,0.7,OPTIMAL,1.9376,1.9,OPTIMAL,3.9849,3.6,OPTIMAL,179.7077,182.1,OPTIMAL,10.3644,9.3664,OPTIMAL,97.4382,97.2,OPTIMAL
1250,1.0251,1.0,OPTIMAL,2.6207,2.6,OPTIMAL,5.1679,5.1,OPTIMAL,217.0027,209.1,EXCESSIVE,39.9414,41.429,OPTIMAL,76.4665,75.9,OPTIMAL
1251,0.6174,0.6,OPTIMAL,2.3393,2.4,OPTIMAL,6.2597,6.3,OPTIMAL,252.6516,247.7,EXCESSIVE,10.9279,8.8455,OPTIMAL,70.6844,69.0,OPTIMAL
1252,0.9748,1.0,OPTIMAL,2.8992,2.9,OPTIMAL,6.2415,6.2,OPTIMAL,261.1307,269.6,EXCESSIVE,18.3177,16.9581,OPTIMAL,81.5658,83.3,OPTIMAL
1253,0.6359,0.6,OPTIMAL,2.6837,2.6,OPTIMAL,2.8328,2.6,OPTIMAL,195.5381,199.7,OPTIMAL,27.059,23.2936,OPTIMAL,98.4517,95.3,OPTIMAL
1254,0.5464,0.5,OPTIMAL,2.3212,2.3,OPTIMAL,2.976,2.7,OPTIMAL,224.8537,225.1,EXCESSIVE,25.2623,24.6283,OPTIMAL,64.3191,63.4,OPTIMAL
1255,0.9941,1.0,OPTIMAL,2.3116,2.3,OPTIMAL,4.4745,4.5,OPTIMAL,198.761,192.3,OPTIMAL,22.8974,21.7173,OPTIMAL,94.5863,95.7,OPTIMAL
1256,0.7031,0.7,OPTIMAL,3.2699,3.4,OPTIMAL,3.3285,3.2,OPTIMAL,170.8677,168.3,OPTIMAL,33.4154,32.7305,OPTIMAL,142.7999,147.8,OPTIMAL
1257,0.8402,0.9,OPTIMAL,3.4086,3.6,OPTIMAL,8.047,8.6,EXCESSIVE,386.1785,387.8,EXCESSIVE,25.4718,30.755,OPTIMAL,63.4463,67.5,OPTIMAL
1258,0.7857,0.9,OPTIMAL,3.7245,4.0,OPTIMAL,8.7301,9.7,EXCESSIVE,420.3602,442.8,EXCESSIVE,19.281,18.9645,OPTIMAL,65.7892,61.7,OPTIMAL
1259,0.927,1.0,OPTIMAL,3.1037,3.2,OPTIMAL,4.9899,5.0,OPTIMAL,209.7833,205.3,EXCESSIVE,30.0807,31.7877,OPTIMAL,74.433,73.5,OPTIMAL
1260,0.5112,0.5,OPTIMAL,2.1598,2.1,OPTIMAL,6.4739,6.4,OPTIMAL,308.436,309.9,EXCESSIVE,12.6346,8.8312,OPTIMAL,41.9238,39.5,DEFICIENT
1261,0.6244,0.6,OPTIMAL,2.3894,2.4,OPTIMAL,6.336,6.2,OPTIMAL,263.9995,260.4,EXCESSIVE,11.705,11.7948,OPTIMAL,77.6992,77.8,OPTIMAL
1262,0.7564,0.7,OPTIMAL,2.1841,2.2,OPTIMAL,5.2471,5.8,OPTIMAL,244.4985,262.1,EXCESSIVE,18.9314,21.1541,OPTIMAL,135.4816,141.4,OPTIMAL
1263,0.4103,0.4,DEFICIENT,2.0255,1.9,OPTIMAL,3.1237,2.9,OPTIMAL,185.3015,177.9,OPTIMAL,25.9662,26.2608,OPTIMAL,93.3863,90.0,OPTIMAL
1264,0.9967,1.0,OPTIMAL,2.5854,2.6,OPTIMAL,6.0319,6.2,OPTIMAL,215.9041,213.9,EXCESSIVE,21.9472,21.8807,OPTIMAL,104.8053,100.1,OPTIMAL
1265,0.6323,0.6,OPTIMAL,3.002,3.1,OPTIMAL,4.0916,4.2,OPTIMAL,174.7609,176.8,OPTIMAL,30.8477,28.2575,OPTIMAL,103.4819,105.6,OPTIMAL
1266,0.7767,0.8,OPTIMAL,2.3137,2.3,OPTIMAL,6.6233,6.6,OPTIMAL,247.3225,246.0,EXCESSIVE,15.5542,16.017,OPTIMAL,78.7618,79.0,OPTIMAL
1267,0.6945,0.7,OPTIMAL,3.4565,3.6,OPTIMAL,3.7651,3.8,OPTIMAL,262.1615,269.2,EXCESSIVE,29.6931,31.637,OPTIMAL,113.5704,117.4,OPTIMAL
1268,1.0767,1.1,OPTIMAL,2.3926,2.3,OPTIMAL,4.0734,3.9,OPTIMAL,173.3584,173.2,OPTIMAL,11.9752,12.0709,OPTIMAL,64.9872,62.3,OPTIMAL
1269,0.9082,0.9,OPTIMAL,2.7213,2.7,OPTIMAL,5.8181,5.7,OPTIMAL,372.0968,378.4,EXCESSIVE,20.7413,15.5661,OPTIMAL,82.8246,79.6,OPTIMAL
1270,0.4033,0.4,DEFICIENT,2.1097,2.1,OPTIMAL,2.4208,2.5,OPTIMAL,195.424,194.8,OPTIMAL,23.5835,22.2903,OPTIMAL,90.3956,91.2,OPTIMAL
1271,0.6487,0.6,OPTIMAL,2.4515,2.4,OPTIMAL,2.9079,2.9,OPTIMAL,211.0379,216.0,EXCESSIVE,30.2669,28.9712,OPTIMAL,101.0752,100.9,OPTIMAL
1272,0.7042,0.7,OPTIMAL,3.2635,3.3,OPTIMAL,8.1934,8.1,EXCESSIVE,348.292,351.2,EXCESSIVE,19.5586,20.3018,OPTIMAL,59.3389,57.9,OPTIMAL
1273,1.0952,1.1,OPTIMAL,2.2881,2.3,OPTIMAL,4.1062,3.7,OPTIMAL,169.9615,175.8,OPTIMAL,19.4944,16.5068,OPTIMAL,87.3517,86.6,OPTIMAL
1274,0.7283,0.7,OPTIMAL,2.2939,2.3,OPTIMAL,2.304,2.1,OPTIMAL,194.6394,192.2,OPTIMAL,21.87,19.7893,OPTIMAL,71.877,69.8,OPTIMAL
1275,0.8565,0.9,OPTIMAL,2.7219,2.7,OPTIMAL,3.214,3.1,OPTIMAL,176.7833,159.7,OPTIMAL,38.2311,39.7117,OPTIMAL,102.9555,100.6,OPTIMAL
1276,1.1725,1.2,OPTIMAL,2.9712,3.1,OPTIMAL,4.8436,4.9,OPTIMAL,179.6091,177.5,OPTIMAL,21.9317,19.7261,OPTIMAL,89.466,86.4,OPTIMAL
1277,0.8801,0.9,OPTIMAL,2.7442,2.7,OPTIMAL,5.2393,5.5,OPTIMAL,235.9993,233.9,EXCESSIVE,22.971,19.9534,OPTIMAL,96.1093,95.8,OPTIMAL
1278,1.197,1.2,OPTIMAL,2.8377,2.9,OPTIMAL,6.4506,6.7,OPTIMAL,166.5895,164.2,OPTIMAL,21.6967,18.5732,OPTIMAL,103.0485,105.4,OPTIMAL
1279,0.6011,0.6,OPTIMAL,2.5442,2.5,OPTIMAL,7.1787,7.2,OPTIMAL,294.8693,276.9,EXCESSIVE,15.1264,12.8277,OPTIMAL,65.7195,67.5,OPTIMAL
1280,0.6411,0.6,OPTIMAL,2.6267,2.6,OPTIMAL,3.4923,3.5,OPTIMAL,194.2438,198.4,OPTIMAL,33.1457,33.2395,OPTIMAL,91.1807,91.1,OPTIMAL
1281,0.6429,0.6,OPTIMAL,2.1685,2.0,OPTIMAL,2.5755,1.9,OPTIMAL,403.3566,418.2,EXCESSIVE,67.156,69.4419,EXCESSIVE,72.9197,67.5,OPTIMAL
1282,0.8,0.8,OPTIMAL,2.77,2.8,OPTIMAL,5.2969,5.4,OPTIMAL,185.672,185.0,OPTIMAL,20.6796,17.8616,OPTIMAL,81.8812,81.4,OPTIMAL
1283,0.7263,0.7,OPTIMAL,2.9357,2.9,OPTIMAL,3.4486,3.2,OPTIMAL,198.0034,195.3,OPTIMAL,32.5699,29.5832,OPTIMAL,108.0716,106.6,OPTIMAL
1284,1.1044,1.1,OPTIMAL,3.7267,3.8,OPTIMAL,8.5171,9.0,EXCESSIVE,217.9988,222.4,EXCESSIVE,31.437,31.9197,OPTIMAL,101.2634,96.3,OPTIMAL
1285,0.6212,0.6,OPTIMAL,2.9451,3.0,OPTIMAL,5.7452,5.7,OPTIMAL,426.3991,431.7,EXCESSIVE,17.7408,17.0411,OPTIMAL,59.2987,57.8,OPTIMAL
1286,1.0252,1.0,OPTIMAL,2.6397,2.6,OPTIMAL,5.8774,5.8,OPTIMAL,202.8508,197.4,EXCESSIVE,21.8492,17.8677,OPTIMAL,111.479,113.9,OPTIMAL
1287,1.2917,1.3,OPTIMAL,3.5109,3.6,OPTIMAL,4.9531,4.8,OPTIMAL,350.9779,362.1,EXCESSIVE,24.2988,21.6199,OPTIMAL,118.7379,116.6,OPTIMAL
1288,1.2878,1.3,OPTIMAL,2.7697,2.9,OPTIMAL,4.5303,4.9,OPTIMAL,161.0772,163.0,OPTIMAL,11.8806,13.5953,OPTIMAL,72.4865,71.7,OPTIMAL
1289,0.4421,0.4,DEFICIENT,1.9296,1.8,OPTIMAL,3.2168,2.9,OPTIMAL,192.0641,176.8,OPTIMAL,24.8813,23.1083,OPTIMAL,105.0347,104.0,OPTIMAL
1290,0.6409,0.6,OPTIMAL,1.9009,1.8,OPTIMAL,4.195,4.5,OPTIMAL,197.2783,193.8,OPTIMAL,13.7464,12.5538,OPTIMAL,89.3794,87.7,OPTIMAL
1291,0.7986,0.8,OPTIMAL,3.0074,3.0,OPTIMAL,4.7155,4.7,OPTIMAL,225.8543,216.8,EXCESSIVE,89.7335,93.5774,EXCESSIVE,118.0893,118.7,OPTIMAL
1292,0.7039,0.7,OPTIMAL,2.2731,2.2,OPTIMAL,2.9064,2.6,OPTIMAL,237.8833,243.3,EXCESSIVE,23.8612,22.5328,OPTIMAL,80.3744,81.9,OPTIMAL
1293,1.0879,1.1,OPTIMAL,2.4321,2.4,OPTIMAL,3.7794,3.7,OPTIMAL,140.0725,135.4,OPTIMAL,10.6247,10.676,OPTIMAL,66.0303,66.0,OPTIMAL
1294,0.7923,0.8,OPTIMAL,2.5704,2.6,OPTIMAL,3.5797,3.6,OPTIMAL,189.1492,172.3,OPTIMAL,25.3847,24.775,OPTIMAL,81.9175,80.1,OPTIMAL
1295,1.1944,1.2,OPTIMAL,2.6962,2.8,OPTIMAL,8.467,8.5,EXCESSIVE,173.5878,173.5,OPTIMAL,24.4376,25.6983,OPTIMAL,80.2686,77.8,OPTIMAL
1296,0.8822,0.9,OPTIMAL,2.5641,2.5,OPTIMAL,3.4248,3.2,OPTIMAL,188.5169,191.3,OPTIMAL,36.2994,36.9489,OPTIMAL,107.754,107.5,OPTIMAL
1297,1.0465,1.0,OPTIMAL,2.8119,2.7,OPTIMAL,6.0132,6.3,OPTIMAL,187.4295,177.1,OPTIMAL,27.5499,25.998,OPTIMAL,115.3005,109.2,OPTIMAL
1298,0.8326,0.8,OPTIMAL,2.1917,2.1,OPTIMAL,2.6981,2.6,OPTIMAL,193.497,189.9,OPTIMAL,91.5732,96.8093,EXCESSIVE,62.6342,57.9,OPTIMAL
1299,1.1578,1.2,OPTIMAL,2.8693,2.9,OPTIMAL,8.7875,9.1,EXCESSIVE,231.6884,235.8,EXCESSIVE,39.2507,39.3404,OPTIMAL,102.4265,102.0,OPTIMAL
1300,0.9469,0.9,OPTIMAL,2.7071,2.7,OPTIMAL,4.835,4.8,OPTIMAL,202.2836,195.2,EXCESSIVE,20.9133,17.6549,OPTIMAL,87.1811,84.7,OPTIMAL
1301,0.9849,1.0,OPTIMAL,2.1977,2.2,OPTIMAL,7.368,7.6,OPTIMAL,139.7869,133.3,OPTIMAL,22.0169,22.7582,OPTIMAL,87.6453,85.9,OPTIMAL
1302,1.1188,1.1,OPTIMAL,2.3334,2.3,OPTIMAL,4.2191,3.8,OPTIMAL,174.9246,175.4,OPTIMAL,19.0719,17.5966,OPTIMAL,88.0602,87.7,OPTIMAL
1303,0.7067,0.7,OPTIMAL,1.8717,1.8,OPTIMAL,4.877,5.0,OPTIMAL,166.4339,159.8,OPTIMAL,11.989,12.5788,OPTIMAL,115.0045,115.4,OPTIMAL
1304,0.4534,0.4,DEFICIENT,1.8907,1.6,OPTIMAL,2.9821,2.6,OPTIMAL,194.1371,184.7,OPTIMAL,32.8113,34.3341,OPTIMAL,111.4617,114.8,OPTIMAL
1305,1.0995,1.1,OPTIMAL,2.6848,2.7,OPTIMAL,4.2537,4.2,OPTIMAL,172.1284,165.7,OPTIMAL,24.4236,25.8919,OPTIMAL,93.2387,89.9,OPTIMAL
1306,0.4514,0.4,DEFICIENT,1.9569,1.9,OPTIMAL,2.871,2.7,OPTIMAL,186.5551,182.5,OPTIMAL,26.0617,25.5277,OPTIMAL,86.1534,83.0,OPTIMAL
1307,0.9425,0.9,OPTIMAL,2.6119,2.7,OPTIMAL,3.8071,3.7,OPTIMAL,150.7581,153.8,OPTIMAL,11.321,11.21,OPTIMAL,65.0345,59.8,OPTIMAL
1308,0.6115,0.6,OPTIMAL,1.8176,1.8,OPTIMAL,3.1447,2.8,OPTIMAL,190.0866,188.6,OPTIMAL,13.7338,13.2883,OPTIMAL,89.6789,87.8,OPTIMAL
1309,0.3474,0.3,DEFICIENT,2.657,2.7,OPTIMAL,3.1567,3.0,OPTIMAL,213.3959,219.6,EXCESSIVE,45.7916,44.1678,OPTIMAL,80.3904,75.9,OPTIMAL
1310,0.7724,0.8,OPTIMAL,2.0195,2.0,OPTIMAL,5.4775,5.8,OPTIMAL,181.4769,176.6,OPTIMAL,12.7467,13.6957,OPTIMAL,117.371,121.9,OPTIMAL
1311,0.9678,1.0,OPTIMAL,2.8282,2.8,OPTIMAL,7.2345,7.4,OPTIMAL,238.7877,236.8,EXCESSIVE,30.8332,29.699,OPTIMAL,73.2312,73.7,OPTIMAL
1312,0.5091,0.5,OPTIMAL,2.3914,2.4,OPTIMAL,3.0432,3.0,OPTIMAL,204.5202,203.8,EXCESSIVE,26.9081,25.8687,OPTIMAL,89.9821,87.0,OPTIMAL
1313,0.4274,0.4,DEFICIENT,2.673,2.9,OPTIMAL,4.2757,5.0,OPTIMAL,210.4145,215.4,EXCESSIVE,61.8512,64.2445,EXCESSIVE,77.6787,75.8,OPTIMAL
1314,0.9299,1.0,OPTIMAL,2.4395,2.4,OPTIMAL,3.5905,3.9,OPTIMAL,207.5933,214.7,EXCESSIVE,40.2659,43.0316,OPTIMAL,98.1008,99.9,OPTIMAL
1315,0.6955,0.7,OPTIMAL,2.541,2.5,OPTIMAL,3.1021,3.0,OPTIMAL,225.935,227.3,EXCESSIVE,17.3587,16.563,OPTIMAL,84.2221,84.6,OPTIMAL
1316,0.799,0.8,OPTIMAL,2.1114,2.1,OPTIMAL,3.9038,4.0,OPTIMAL,188.5753,179.7,OPTIMAL,63.7817,67.6092,EXCESSIVE,65.1273,65.3,OPTIMAL
1317,1.2322,1.2,OPTIMAL,2.8643,2.9,OPTIMAL,6.2002,6.3,OPTIMAL,178.0025,180.4,OPTIMAL,22.2499,19.6402,OPTIMAL,101.6109,103.1,OPTIMAL
1318,1.1507,1.2,OPTIMAL,2.1778,2.1,OPTIMAL,3.8194,3.3,OPTIMAL,171.0874,181.4,OPTIMAL,22.193,22.5309,OPTIMAL,89.4971,91.7,OPTIMAL
1319,0.6002,0.6,OPTIMAL,2.2323,2.2,OPTIMAL,3.1292,3.1,OPTIMAL,221.672,206.7,EXCESSIVE,31.6484,31.7138,OPTIMAL,111.1316,111.3,OPTIMAL
1320,1.0279,1.0,OPTIMAL,3.6629,3.8,OPTIMAL,8.1332,8.4,EXCESSIVE,218.1037,217.3,EXCESSIVE,21.1862,18.8672,OPTIMAL,103.4852,104.0,OPTIMAL
1321,0.7866,0.8,OPTIMAL,2.1311,2.1,OPTIMAL,7.7683,8.2,OPTIMAL,245.6586,238.1,EXCESSIVE,12.2808,9.3895,OPTIMAL,66.5041,61.9,OPTIMAL
1322,1.501,1.6,OPTIMAL,3.1189,3.2,OPTIMAL,5.7859,5.9,OPTIMAL,342.7805,352.4,EXCESSIVE,30.153,33.4832,OPTIMAL,138.177,141.1,OPTIMAL
1323,0.6342,0.6,OPTIMAL,2.026,2.0,OPTIMAL,2.4191,2.2,OPTIMAL,250.591,257.3,EXCESSIVE,20.4054,18.6583,OPTIMAL,80.0252,83.3,OPTIMAL
1324,0.948,0.9,OPTIMAL,2.0011,1.9,OPTIMAL,4.414,4.8,OPTIMAL,151.9877,144.2,OPTIMAL,22.2134,20.5128,OPTIMAL,101.6144,103.6,OPTIMAL
1325,0.8162,0.8,OPTIMAL,2.7952,2.9,OPTIMAL,5.3892,5.3,OPTIMAL,232.4752,238.8,EXCESSIVE,49.354,54.9117,OPTIMAL,87.9415,87.0,OPTIMAL
1326,0.8182,0.8,OPTIMAL,2.7509,2.8,OPTIMAL,4.3441,4.7,OPTIMAL,207.2189,209.3,EXCESSIVE,33.5727,33.5908,OPTIMAL,114.8538,116.1,OPTIMAL
1327,1.1069,1.1,OPTIMAL,2.6503,2.7,OPTIMAL,4.1171,4.2,OPTIMAL,181.9809,183.4,OPTIMAL,21.0158,21.2682,OPTIMAL,96.7361,96.1,OPTIMAL
1328,0.8262,0.8,OPTIMAL,2.5196,2.5,OPTIMAL,4.4106,4.0,OPTIMAL,224.8023,222.7,EXCESSIVE,24.5199,22.762,OPTIMAL,84.9633,83.6,OPTIMAL
1329,0.7242,0.7,OPTIMAL,2.4837,2.4,OPTIMAL,3.5402,3.5,OPTIMAL,241.0265,244.8,EXCESSIVE,21.2508,19.8967,OPTIMAL,86.1067,87.7,OPTIMAL
1330,0.644,0.6,OPTIMAL,2.4563,2.4,OPTIMAL,2.5257,1.9,OPTIMAL,198.3687,189.2,OPTIMAL,40.8591,39.9982,OPTIMAL,85.4987,81.3,OPTIMAL
1331,1.276,1.3,OPTIMAL,2.5513,2.5,OPTIMAL,5.1708,5.4,OPTIMAL,240.3135,248.3,EXCESSIVE,27.709,29.7194,OPTIMAL,127.244,133.3,OPTIMAL
1332,1.0563,1.1,OPTIMAL,2.6342,2.7,OPTIMAL,5.426,5.5,OPTIMAL,211.7605,221.7,EXCESSIVE,33.5235,35.3885,OPTIMAL,94.1295,94.4,OPTIMAL
1333,0.7354,0.8,OPTIMAL,2.8803,2.9,OPTIMAL,3.708,3.5,OPTIMAL,214.8597,226.8,EXCESSIVE,35.1561,34.6317,OPTIMAL,111.893,113.6,OPTIMAL
1334,1.1979,1.2,OPTIMAL,2.4584,2.5,OPTIMAL,6.6043,7.1,OPTIMAL,162.486,166.1,OPTIMAL,20.5285,17.8879,OPTIMAL,90.146,89.6,OPTIMAL
1335,0.6511,0.6,OPTIMAL,1.9312,1.9,OPTIMAL,4.5482,4.5,OPTIMAL,178.879,171.9,OPTIMAL,12.9178,12.3829,OPTIMAL,103.0776,99.2,OPTIMAL
1336,0.684,0.7,OPTIMAL,2.9441,3.0,OPTIMAL,3.6604,3.5,OPTIMAL,207.6934,216.4,EXCESSIVE,42.1892,38.4574,OPTIMAL,95.3937,93.4,OPTIMAL
1337,0.6933,0.7,OPTIMAL,2.2788,2.2,OPTIMAL,3.5018,3.4,OPTIMAL,196.0171,190.9,OPTIMAL,33.2801,32.5539,OPTIMAL,97.8568,94.8,OPTIMAL
1338,0.7433,0.8,OPTIMAL,2.7865,2.8,OPTIMAL,3.4315,3.5,OPTIMAL,243.0873,258.1,EXCESSIVE,29.9654,26.5255,OPTIMAL,115.1977,115.2,OPTIMAL
1339,0.8133,0.8,OPTIMAL,3.3588,3.4,OPTIMAL,4.137,4.0,OPTIMAL,235.3612,243.9,EXCESSIVE,36.3835,36.7366,OPTIMAL,126.7503,129.4,OPTIMAL
1340,0.7972,0.8,OPTIMAL,3.0923,3.1,OPTIMAL,4.9604,5.1,OPTIMAL,180.8165,175.9,OPTIMAL,32.9082,34.7529,OPTIMAL,106.8339,105.8,OPTIMAL
1341,0.4395,0.4,DEFICIENT,2.334,2.2,OPTIMAL,2.7704,2.6,OPTIMAL,204.453,212.4,EXCESSIVE,34.0334,33.4006,OPTIMAL,109.4604,109.8,OPTIMAL
1342,1.0417,1.0,OPTIMAL,2.3566,2.3,OPTIMAL,4.0879,3.8,OPTIMAL,176.7645,181.7,OPTIMAL,23.662,23.9772,OPTIMAL,74.6671,69.4,OPTIMAL
1343,0.8044,0.8,OPTIMAL,2.4837,2.5,OPTIMAL,6.6763,6.8,OPTIMAL,260.3526,268.0,EXCESSIVE,12.9529,11.6301,OPTIMAL,80.1362,83.5,OPTIMAL
1344,0.8815,0.9,OPTIMAL,2.4846,2.5,OPTIMAL,5.3842,5.6,OPTIMAL,200.7447,198.7,EXCESSIVE,57.3279,60.2062,EXCESSIVE,90.9904,91.9,OPTIMAL
1345,1.0941,1.1,OPTIMAL,2.3302,2.4,OPTIMAL,7.3989,8.0,OPTIMAL,181.8581,193.7,OPTIMAL,20.53,20.926,OPTIMAL,110.6206,121.0,OPTIMAL
1346,0.4922,0.4,DEFICIENT,2.0644,1.8,OPTIMAL,2.6884,1.9,OPTIMAL,173.9701,168.0,OPTIMAL,31.4699,29.9553,OPTIMAL,86.1919,86.0,OPTIMAL
1347,0.6019,0.5,OPTIMAL,1.9654,1.9,OPTIMAL,3.5437,3.6,OPTIMAL,211.8287,211.7,EXCESSIVE,20.6273,21.3287,OPTIMAL,91.3661,92.2,OPTIMAL
1348,0.7992,0.8,OPTIMAL,2.2056,2.2,OPTIMAL,5.1698,4.5,OPTIMAL,257.0832,258.7,EXCESSIVE,15.4775,15.9092,OPTIMAL,59.5468,56.4,OPTIMAL
1349,0.635,0.6,OPTIMAL,2.3704,2.4,OPTIMAL,5.3451,4.7,OPTIMAL,269.6423,267.9,EXCESSIVE,12.8042,12.5022,OPTIMAL,61.728,56.9,OPTIMAL
1350,1.1022,1.1,OPTIMAL,2.9008,2.9,OPTIMAL,4.9529,4.9,OPTIMAL,225.2616,226.7,EXCESSIVE,26.4515,25.3089,OPTIMAL,81.4606,78.9,OPTIMAL
1351,0.7988,0.8,OPTIMAL,2.3738,2.4,OPTIMAL,1.8743,1.9,OPTIMAL,223.5802,225.7,EXCESSIVE,28.9624,29.7496,OPTIMAL,67.648,63.8,OPTIMAL
1352,0.7702,0.8,OPTIMAL,2.6957,2.7,OPTIMAL,3.2272,3.3,OPTIMAL,183.297,176.2,OPTIMAL,35.6692,38.0922,OPTIMAL,106.6514,105.4,OPTIMAL
1353,0.7646,0.8,OPTIMAL,2.6885,2.7,OPTIMAL,4.3721,4.6,OPTIMAL,211.5375,204.7,EXCESSIVE,15.1788,13.5713,OPTIMAL,84.9349,81.1,OPTIMAL
1354,0.7064,0.7,OPTIMAL,3.6058,3.6,OPTIMAL,7.5751,7.6,OPTIMAL,228.4267,230.1,EXCESSIVE,27.3811,27.3804,OPTIMAL,63.246,62.8,OPTIMAL
1355,0.5305,0.5,OPTIMAL,1.8896,1.8,OPTIMAL,1.9637,1.9,OPTIMAL,192.69,192.5,OPTIMAL,24.6005,25.6466,OPTIMAL,72.9655,75.3,OPTIMAL
1356,1.2261,1.2,OPTIMAL,2.8773,2.9,OPTIMAL,4.414,4.1,OPTIMAL,205.1994,206.5,EXCESSIVE,23.0651,23.0291,OPTIMAL,101.7802,97.4,OPTIMAL
1357,1.0913,1.1,OPTIMAL,3.0666,3.0,OPTIMAL,7.5411,7.4,OPTIMAL,341.8228,334.5,EXCESSIVE,25.0961,23.8858,OPTIMAL,84.6144,81.7,OPTIMAL
1358,0.7202,0.7,OPTIMAL,2.215,2.1,OPTIMAL,4.0839,4.0,OPTIMAL,196.0489,189.8,OPTIMAL,42.3787,45.2451,OPTIMAL,81.0701,80.1,OPTIMAL
1359,0.7153,0.7,OPTIMAL,2.3945,2.3,OPTIMAL,3.854,4.0,OPTIMAL,215.6396,213.9,EXCESSIVE,28.8566,29.0911,OPTIMAL,114.25,119.3,OPTIMAL
1360,0.703,0.7,OPTIMAL,2.8171,2.8,OPTIMAL,3.3379,3.5,OPTIMAL,204.2698,193.7,EXCESSIVE,35.0238,34.6261,OPTIMAL,99.1342,99.5,OPTIMAL
1361,0.8846,0.9,OPTIMAL,4.0224,4.1,OPTIMAL,8.0739,8.1,EXCESSIVE,205.2284,204.3,EXCESSIVE,25.3361,23.202,OPTIMAL,86.6972,85.7,OPTIMAL
1362,1.1409,1.1,OPTIMAL,2.5064,2.5,OPTIMAL,7.6491,7.7,OPTIMAL,158.0246,159.9,OPTIMAL,20.6441,19.9079,OPTIMAL,89.5027,90.6,OPTIMAL
1363,0.9654,1.0,OPTIMAL,2.1001,2.1,OPTIMAL,4.0788,3.8,OPTIMAL,194.6746,195.3,OPTIMAL,11.8015,10.4652,OPTIMAL,123.984,127.9,OPTIMAL
1364,0.5772,0.5,OPTIMAL,2.2168,2.1,OPTIMAL,6.5149,6.1,OPTIMAL,257.7682,253.0,EXCESSIVE,15.0959,16.6085,OPTIMAL,60.4047,62.3,OPTIMAL
1365,0.6797,0.7,OPTIMAL,1.9894,2.0,OPTIMAL,4.3498,4.6,OPTIMAL,219.5597,229.0,EXCESSIVE,14.1471,10.8116,OPTIMAL,110.1236,115.0,OPTIMAL
1366,1.0168,1.0,OPTIMAL,3.1612,3.2,OPTIMAL,5.8007,5.9,OPTIMAL,255.8696,255.5,EXCESSIVE,52.623,57.8428,EXCESSIVE,68.3132,67.2,OPTIMAL
1367,1.2115,1.2,OPTIMAL,3.1357,3.1,OPTIMAL,7.4828,7.3,OPTIMAL,223.1167,217.3,EXCESSIVE,37.8836,40.9954,OPTIMAL,92.31,93.7,OPTIMAL
1368,0.5075,0.5,OPTIMAL,2.6188,2.6,OPTIMAL,5.4508,5.3,OPTIMAL,274.4314,276.0,EXCESSIVE,16.0591,10.734,OPTIMAL,52.3944,51.5,OPTIMAL
1369,0.9037,0.9,OPTIMAL,3.2829,3.4,OPTIMAL,5.2517,5.1,OPTIMAL,193.6576,189.3,OPTIMAL,23.2218,20.4501,OPTIMAL,107.2918,107.0,OPTIMAL
1370,1.2565,1.3,OPTIMAL,2.8076,3.0,OPTIMAL,8.8814,9.5,EXCESSIVE,171.3738,175.8,OPTIMAL,21.1427,21.2102,OPTIMAL,110.2567,117.1,OPTIMAL
1371,1.1528,1.2,OPTIMAL,2.4281,2.5,OPTIMAL,5.0363,5.1,OPTIMAL,147.4783,148.0,OPTIMAL,25.0164,27.4096,OPTIMAL,90.4695,94.1,OPTIMAL
1372,1.124,1.1,OPTIMAL,2.5998,2.6,OPTIMAL,5.9516,5.8,OPTIMAL,204.708,201.9,EXCESSIVE,31.9697,31.8153,OPTIMAL,90.7058,92.3,OPTIMAL
1373,1.1703,1.2,OPTIMAL,3.5648,3.7,OPTIMAL,6.5155,6.8,OPTIMAL,209.8012,207.9,EXCESSIVE,33.1974,34.1222,OPTIMAL,91.9218,94.8,OPTIMAL
1374,0.7148,0.7,OPTIMAL,2.1199,2.1,OPTIMAL,2.2669,2.3,OPTIMAL,182.9561,177.4,OPTIMAL,31.6949,32.7519,OPTIMAL,73.1143,71.9,OPTIMAL
1375,0.7971,0.8,OPTIMAL,2.2409,2.2,OPTIMAL,4.9469,5.0,OPTIMAL,196.5941,201.4,OPTIMAL,12.7373,13.0956,OPTIMAL,94.2256,94.7,OPTIMAL
1376,1.0281,1.0,OPTIMAL,2.5278,2.5,OPTIMAL,4.0159,4.0,OPTIMAL,172.9179,178.0,OPTIMAL,11.21,10.092,OPTIMAL,66.7534,65.0,OPTIMAL
1377,0.5024,0.5,OPTIMAL,2.9422,3.0,OPTIMAL,6.35,5.9,OPTIMAL,284.3868,275.2,EXCESSIVE,23.3814,27.0163,OPTIMAL,68.6101,69.3,OPTIMAL
1378,0.5399,0.5,OPTIMAL,2.7264,2.7,OPTIMAL,5.6536,5.0,OPTIMAL,284.6699,273.9,EXCESSIVE,15.2618,12.1644,OPTIMAL,52.4989,43.5,OPTIMAL
1379,0.9376,1.0,OPTIMAL,2.0479,2.0,OPTIMAL,4.6745,4.9,OPTIMAL,200.4796,195.9,EXCESSIVE,12.4675,10.8362,OPTIMAL,119.7911,121.8,OPTIMAL
1380,1.152,1.2,OPTIMAL,2.4966,2.5,OPTIMAL,3.7359,3.5,OPTIMAL,120.3405,104.5,OPTIMAL,10.5793,9.1757,OPTIMAL,70.8445,73.9,OPTIMAL
1381,1.1175,1.1,OPTIMAL,2.5793,2.6,OPTIMAL,4.3084,4.6,OPTIMAL,182.0577,187.0,OPTIMAL,12.2282,16.4065,OPTIMAL,67.0504,64.6,OPTIMAL
1382,0.697,0.7,OPTIMAL,2.5624,2.5,OPTIMAL,2.9891,2.4,OPTIMAL,186.2491,171.4,OPTIMAL,29.476,25.958,OPTIMAL,105.5688,103.5,OPTIMAL
1383,0.7222,0.7,OPTIMAL,2.3757,2.1,OPTIMAL,3.2129,2.8,OPTIMAL,190.5404,184.9,OPTIMAL,30.1522,30.0217,OPTIMAL,97.4601,95.7,OPTIMAL
1384,0.8034,0.8,OPTIMAL,2.2958,2.3,OPTIMAL,6.5399,6.4,OPTIMAL,251.13,251.7,EXCESSIVE,16.1988,17.7819,OPTIMAL,76.835,78.6,OPTIMAL
1385,0.7171,0.7,OPTIMAL,2.2751,2.2,OPTIMAL,2.5548,2.5,OPTIMAL,182.1852,180.0,OPTIMAL,29.914,31.2282,OPTIMAL,77.7506,78.3,OPTIMAL
1386,1.0792,1.1,OPTIMAL,2.3108,2.2,OPTIMAL,6.5532,7.0,OPTIMAL,162.6822,162.8,OPTIMAL,21.1111,21.1948,OPTIMAL,83.8624,77.9,OPTIMAL
1387,0.6382,0.6,OPTIMAL,2.5801,2.6,OPTIMAL,4.1028,4.0,OPTIMAL,192.534,185.8,OPTIMAL,50.7312,54.6002,EXCESSIVE,106.0029,106.7,OPTIMAL
1388,0.4127,0.4,DEFICIENT,1.9873,1.9,OPTIMAL,1.9466,1.8,OPTIMAL,198.2339,192.6,OPTIMAL,23.3601,20.4346,OPTIMAL,81.1202,80.7,OPTIMAL
1389,1.1838,1.2,OPTIMAL,2.7243,2.8,OPTIMAL,10.1646,10.7,EXCESSIVE,237.2417,251.6,EXCESSIVE,27.2977,31.089,OPTIMAL,84.7292,79.2,OPTIMAL
1390,0.5286,0.5,OPTIMAL,2.5268,2.5,OPTIMAL,4.0079,4.1,OPTIMAL,198.1564,191.5,OPTIMAL,37.6093,38.3864,OPTIMAL,97.0277,97.5,OPTIMAL
1391,0.6021,0.6,OPTIMAL,2.776,2.8,OPTIMAL,6.7793,6.6,OPTIMAL,269.0114,268.7,EXCESSIVE,12.5207,11.0329,OPTIMAL,81.5762,84.9,OPTIMAL
1392,1.1335,1.1,OPTIMAL,2.7867,2.8,OPTIMAL,4.4268,4.2,OPTIMAL,176.5905,179.3,OPTIMAL,25.085,24.2484,OPTIMAL,91.2191,89.6,OPTIMAL
1393,0.7313,0.7,OPTIMAL,2.2475,2.2,OPTIMAL,6.1647,6.0,OPTIMAL,268.29,272.3,EXCESSIVE,24.739,31.1864,OPTIMAL,64.5961,61.4,OPTIMAL
1394,0.6962,0.7,OPTIMAL,2.6693,2.7,OPTIMAL,3.7679,3.9,OPTIMAL,225.2655,230.5,EXCESSIVE,26.4759,24.7248,OPTIMAL,106.5833,108.1,OPTIMAL
1395,1.1712,1.2,OPTIMAL,3.0889,3.2,OPTIMAL,7.4383,7.9,OPTIMAL,220.6812,225.1,EXCESSIVE,28.0253,27.4763,OPTIMAL,115.7906,119.3,OPTIMAL
1396,0.6289,0.6,OPTIMAL,2.5022,2.5,OPTIMAL,3.1735,2.8,OPTIMAL,201.1491,194.6,EXCESSIVE,25.7792,25.5264,OPTIMAL,88.9238,85.7,OPTIMAL
1397,0.8101,0.8,OPTIMAL,2.6438,2.6,OPTIMAL,4.1688,4.2,OPTIMAL,230.8585,236.5,EXCESSIVE,25.2158,21.9062,OPTIMAL,125.4757,127.5,OPTIMAL
1398,0.7574,0.8,OPTIMAL,2.9582,3.0,OPTIMAL,7.8262,8.0,OPTIMAL,287.1149,281.4,EXCESSIVE,17.977,15.9492,OPTIMAL,63.5371,66.2,OPTIMAL
1399,0.8562,0.8,OPTIMAL,2.3503,2.3,OPTIMAL,6.1582,6.0,OPTIMAL,370.0617,393.6,EXCESSIVE,29.5131,30.3422,OPTIMAL,68.4046,62.5,OPTIMAL
1400,0.934,0.9,OPTIMAL,2.4522,2.4,OPTIMAL,3.8425,3.8,OPTIMAL,142.1177,142.8,OPTIMAL,11.5625,9.9807,OPTIMAL,65.5113,59.2,OPTIMAL
1401,0.7824,0.8,OPTIMAL,2.1624,2.1,OPTIMAL,4.9812,5.1,OPTIMAL,221.2721,218.2,EXCESSIVE,62.4566,65.1427,EXCESSIVE,111.0359,114.1,OPTIMAL
1402,0.5371,0.5,OPTIMAL,2.9033,2.9,OPTIMAL,6.0179,5.9,OPTIMAL,261.928,254.7,EXCESSIVE,20.4318,21.0818,OPTIMAL,73.3789,75.1,OPTIMAL
1403,1.3241,1.4,OPTIMAL,2.656,2.7,OPTIMAL,4.1298,4.1,OPTIMAL,181.9166,177.7,OPTIMAL,12.0943,11.8392,OPTIMAL,65.6651,64.7,OPTIMAL
1404,0.7898,0.8,OPTIMAL,2.1468,2.1,OPTIMAL,6.2013,5.9,OPTIMAL,293.5022,292.6,EXCESSIVE,12.2984,11.8586,OPTIMAL,72.0729,72.1,OPTIMAL
1405,0.9926,1.0,OPTIMAL,2.8836,2.9,OPTIMAL,5.4721,5.3,OPTIMAL,235.1859,243.0,EXCESSIVE,29.1895,30.1679,OPTIMAL,83.7643,81.7,OPTIMAL
1406,0.6734,0.7,OPTIMAL,2.7179,2.8,OPTIMAL,3.3685,3.7,OPTIMAL,252.1592,262.9,EXCESSIVE,42.1421,41.7308,OPTIMAL,130.1615,133.4,OPTIMAL
1407,0.8025,0.8,OPTIMAL,2.4919,2.5,OPTIMAL,3.0737,3.0,OPTIMAL,222.4632,225.9,EXCESSIVE,33.3927,34.0513,OPTIMAL,82.0179,84.1,OPTIMAL
1408,1.2612,1.4,OPTIMAL,2.6438,2.7,OPTIMAL,6.1687,6.7,OPTIMAL,185.2229,189.3,OPTIMAL,30.7248,27.0183,OPTIMAL,98.9185,107.6,OPTIMAL
1409,0.5415,0.5,OPTIMAL,2.2591,2.2,OPTIMAL,2.7196,2.3,OPTIMAL,230.5665,228.8,EXCESSIVE,32.273,30.4813,OPTIMAL,91.0259,85.8,OPTIMAL
1410,0.8666,0.8,OPTIMAL,2.5674,2.6,OPTIMAL,3.8023,3.6,OPTIMAL,164.3254,165.2,OPTIMAL,10.7307,10.2429,OPTIMAL,62.0363,57.0,OPTIMAL
1411,0.4103,0.4,DEFICIENT,2.3412,2.3,OPTIMAL,2.995,3.2,OPTIMAL,281.0459,316.4,EXCESSIVE,25.3805,34.576,OPTIMAL,98.6738,106.6,OPTIMAL
1412,0.9822,1.0,OPTIMAL,2.1312,2.1,OPTIMAL,4.5245,4.4,OPTIMAL,196.7703,193.6,OPTIMAL,10.4484,9.1477,OPTIMAL,131.8525,135.7,OPTIMAL
1413,1.1109,1.2,OPTIMAL,2.862,3.0,OPTIMAL,3.8989,3.7,OPTIMAL,225.4668,226.3,EXCESSIVE,36.5891,39.3885,OPTIMAL,117.9363,120.2,OPTIMAL
1414,0.8798,0.9,OPTIMAL,2.7424,2.8,OPTIMAL,4.0548,4.2,OPTIMAL,219.3807,213.2,EXCESSIVE,45.8245,49.8241,OPTIMAL,125.5929,125.5,OPTIMAL
1415,0.6788,0.7,OPTIMAL,2.5283,2.5,OPTIMAL,5.394,5.2,OPTIMAL,399.0186,410.4,EXCESSIVE,18.8035,17.9681,OPTIMAL,57.027,56.2,OPTIMAL
1416,0.7993,0.8,OPTIMAL,2.2795,2.3,OPTIMAL,5.8606,5.7,OPTIMAL,234.701,230.3,EXCESSIVE,12.0427,10.7014,OPTIMAL,77.8674,79.7,OPTIMAL
1417,0.6392,0.6,OPTIMAL,2.4549,2.5,OPTIMAL,4.9044,5.2,OPTIMAL,232.4196,236.3,EXCESSIVE,12.6872,13.7312,OPTIMAL,123.7864,126.4,OPTIMAL
1418,0.6142,0.6,OPTIMAL,2.276,2.3,OPTIMAL,2.9488,2.8,OPTIMAL,213.2171,217.5,EXCESSIVE,32.9963,33.5754,OPTIMAL,84.4283,85.2,OPTIMAL
1419,0.7679,0.8,OPTIMAL,2.4613,2.4,OPTIMAL,2.9993,2.6,OPTIMAL,165.6982,160.3,OPTIMAL,40.145,41.2386,OPTIMAL,100.7631,100.1,OPTIMAL
1420,0.9306,0.9,OPTIMAL,3.2307,3.2,OPTIMAL,7.1014,7.0,OPTIMAL,188.7558,185.0,OPTIMAL,13.5186,12.2181,OPTIMAL,81.0674,77.5,OPTIMAL
1421,0.8297,0.8,OPTIMAL,2.6179,2.7,OPTIMAL,4.416,4.7,OPTIMAL,238.5712,246.1,EXCESSIVE,11.2724,9.6315,OPTIMAL,65.2281,65.8,OPTIMAL
1422,0.5845,0.6,OPTIMAL,2.9848,3.1,OPTIMAL,6.2742,6.5,OPTIMAL,258.6258,254.8,EXCESSIVE,22.1632,22.9465,OPTIMAL,73.4271,75.3,OPTIMAL
1423,0.8055,0.8,OPTIMAL,1.9801,2.0,OPTIMAL,5.3263,5.7,OPTIMAL,185.4323,180.5,OPTIMAL,15.3096,12.4659,OPTIMAL,118.1435,118.1,OPTIMAL
1424,0.7966,0.8,OPTIMAL,2.3478,2.4,OPTIMAL,6.6295,6.7,OPTIMAL,237.7399,234.7,EXCESSIVE,12.594,13.0299,OPTIMAL,69.4001,67.3,OPTIMAL
1425,0.5063,0.5,OPTIMAL,2.0242,1.9,OPTIMAL,2.1666,1.9,OPTIMAL,207.4314,197.9,EXCESSIVE,17.9686,16.11,OPTIMAL,76.8528,74.8,OPTIMAL
1426,0.7381,0.7,OPTIMAL,2.6027,2.5,OPTIMAL,3.2277,2.9,OPTIMAL,182.6982,177.8,OPTIMAL,28.9436,24.6404,OPTIMAL,110.1438,112.4,OPTIMAL
1427,1.4154,1.5,OPTIMAL,2.6506,2.7,OPTIMAL,3.8626,3.7,OPTIMAL,116.6458,97.3,OPTIMAL,10.8691,11.0491,OPTIMAL,72.7629,83.1,OPTIMAL
1428,0.7729,0.8,OPTIMAL,4.1011,4.2,OPTIMAL,7.8185,8.1,OPTIMAL,366.0626,370.7,EXCESSIVE,36.841,41.6584,OPTIMAL,60.9831,61.4,OPTIMAL
1429,1.3326,1.4,OPTIMAL,2.5817,2.6,OPTIMAL,4.4458,5.0,OPTIMAL,145.0423,148.8,OPTIMAL,11.7476,15.7718,OPTIMAL,71.3128,77.7,OPTIMAL
1430,0.5386,0.5,OPTIMAL,2.4764,2.5,OPTIMAL,2.5623,2.5,OPTIMAL,234.3069,242.3,EXCESSIVE,32.2034,33.5458,OPTIMAL,86.2661,89.9,OPTIMAL
1431,0.4219,0.4,DEFICIENT,2.0656,2.0,OPTIMAL,2.5523,2.2,OPTIMAL,236.3658,237.4,EXCESSIVE,28.3739,31.1612,OPTIMAL,80.0659,77.6,OPTIMAL
1432,0.8158,0.8,OPTIMAL,3.4659,3.5,OPTIMAL,13.4752,13.8,EXCESSIVE,237.936,220.4,EXCESSIVE,27.3292,26.7739,OPTIMAL,80.8703,79.8,OPTIMAL
1433,0.9382,0.9,OPTIMAL,2.1726,2.1,OPTIMAL,4.648,4.3,OPTIMAL,223.3212,228.4,EXCESSIVE,29.4368,28.166,OPTIMAL,75.0705,73.8,OPTIMAL
1434,0.6943,0.7,OPTIMAL,2.6659,2.5,OPTIMAL,4.25,4.6,OPTIMAL,198.3972,197.9,OPTIMAL,30.3075,28.425,OPTIMAL,107.7894,109.8,OPTIMAL
1435,0.9532,1.0,OPTIMAL,2.699,2.7,OPTIMAL,3.8114,3.9,OPTIMAL,226.5983,237.3,EXCESSIVE,26.1252,22.0399,OPTIMAL,122.132,125.2,OPTIMAL
1436,1.0131,1.0,OPTIMAL,2.4773,2.5,OPTIMAL,4.1083,4.2,OPTIMAL,141.7688,140.7,OPTIMAL,11.8924,13.6033,OPTIMAL,67.3737,70.5,OPTIMAL
1437,0.8636,0.9,OPTIMAL,3.9235,4.0,OPTIMAL,11.189,11.5,EXCESSIVE,218.523,220.4,EXCESSIVE,31.9366,34.9677,OPTIMAL,88.0545,91.4,OPTIMAL
1438,1.0594,1.0,OPTIMAL,2.3751,2.4,OPTIMAL,4.8615,4.8,OPTIMAL,213.7105,214.0,EXCESSIVE,30.5539,31.8955,OPTIMAL,97.292,97.2,OPTIMAL
1439,1.1083,1.1,OPTIMAL,2.5589,2.6,OPTIMAL,4.6245,4.2,OPTIMAL,171.7761,174.3,OPTIMAL,24.1088,23.1987,OPTIMAL,89.4184,91.0,OPTIMAL
1440,1.091,1.1,OPTIMAL,2.5587,2.5,OPTIMAL,6.4665,6.7,OPTIMAL,230.103,219.1,EXCESSIVE,35.8312,35.855,OPTIMAL,62.0846,61.3,OPTIMAL
1441,0.7638,0.8,OPTIMAL,2.2799,2.3,OPTIMAL,7.7769,8.3,OPTIMAL,234.4695,229.5,EXCESSIVE,12.5219,8.3116,OPTIMAL,64.1526,59.3,OPTIMAL
1442,1.0666,1.1,OPTIMAL,2.4152,2.4,OPTIMAL,3.8812,3.8,OPTIMAL,139.7811,132.8,OPTIMAL,11.5747,10.22,OPTIMAL,67.3334,69.2,OPTIMAL
1443,1.1739,1.2,OPTIMAL,2.4421,2.4,OPTIMAL,3.7911,3.5,OPTIMAL,122.8952,120.1,OPTIMAL,11.3666,13.7113,OPTIMAL,68.638,72.1,OPTIMAL
1444,1.0328,1.0,OPTIMAL,2.1364,2.0,OPTIMAL,3.8144,3.4,OPTIMAL,147.7662,135.5,OPTIMAL,21.2825,18.4939,OPTIMAL,83.6291,85.7,OPTIMAL
1445,0.7298,0.7,OPTIMAL,2.0935,2.0,OPTIMAL,4.6725,4.5,OPTIMAL,199.534,198.5,OPTIMAL,11.2827,9.896,OPTIMAL,95.5257,91.9,OPTIMAL
1446,1.1516,1.2,OPTIMAL,2.5232,2.5,OPTIMAL,5.7369,6.0,OPTIMAL,248.6604,250.7,EXCESSIVE,28.1174,29.3897,OPTIMAL,47.3538,42.3,DEFICIENT
1447,0.8007,0.8,OPTIMAL,2.1596,2.2,OPTIMAL,4.8239,4.9,OPTIMAL,170.2224,160.9,OPTIMAL,11.227,10.8864,OPTIMAL,84.0539,80.6,OPTIMAL
1448,0.8678,0.9,OPTIMAL,3.0038,3.1,OPTIMAL,3.9728,4.2,OPTIMAL,210.4105,209.9,EXCESSIVE,34.3463,34.0583,OPTIMAL,136.8014,141.8,OPTIMAL
1449,1.065,1.1,OPTIMAL,2.7984,2.8,OPTIMAL,5.2209,5.0,OPTIMAL,216.9549,210.3,EXCESSIVE,36.7176,37.984,OPTIMAL,81.8654,79.5,OPTIMAL
1450,1.2055,1.2,OPTIMAL,2.7103,2.8,OPTIMAL,4.4512,4.5,OPTIMAL,189.5846,189.1,OPTIMAL,20.3109,19.837,OPTIMAL,113.2159,115.3,OPTIMAL
1451,1.1403,1.1,OPTIMAL,2.2518,2.2,OPTIMAL,3.901,3.9,OPTIMAL,160.1951,157.4,OPTIMAL,18.5613,15.67,OPTIMAL,87.5537,84.9,OPTIMAL
1452,1.0555,1.1,OPTIMAL,2.4328,2.3,OPTIMAL,3.7776,3.4,OPTIMAL,124.2894,114.2,OPTIMAL,11.3819,12.7908,OPTIMAL,68.5822,70.1,OPTIMAL
1453,0.7157,0.7,OPTIMAL,2.7154,2.7,OPTIMAL,3.5698,3.8,OPTIMAL,190.9464,190.5,OPTIMAL,57.1174,61.8255,EXCESSIVE,91.8452,87.7,OPTIMAL
1454,1.1333,1.1,OPTIMAL,2.5294,2.5,OPTIMAL,6.408,6.5,OPTIMAL,167.9509,167.2,OPTIMAL,25.0116,27.0477,OPTIMAL,89.522,90.0,OPTIMAL
1455,0.6719,0.7,OPTIMAL,2.9999,3.0,OPTIMAL,8.0767,8.8,EXCESSIVE,198.7623,199.0,OPTIMAL,82.1305,88.3311,EXCESSIVE,97.19,102.5,OPTIMAL
1456,0.8467,0.9,OPTIMAL,3.4043,3.6,OPTIMAL,6.4779,7.2,OPTIMAL,222.2086,229.5,EXCESSIVE,28.8968,29.1106,OPTIMAL,59.6024,55.5,OPTIMAL
1457,0.8238,0.8,OPTIMAL,2.661,2.6,OPTIMAL,4.3011,4.3,OPTIMAL,214.4705,208.3,EXCESSIVE,22.7357,20.4293,OPTIMAL,74.5319,68.6,OPTIMAL
1458,0.8665,0.9,OPTIMAL,3.1394,3.3,OPTIMAL,5.6717,5.9,OPTIMAL,323.5143,326.6,EXCESSIVE,42.6557,46.3173,OPTIMAL,70.4551,68.5,OPTIMAL
1459,1.0849,1.1,OPTIMAL,2.2176,2.1,OPTIMAL,4.8528,4.6,OPTIMAL,147.6597,145.8,OPTIMAL,28.1421,28.8901,OPTIMAL,80.7839,75.3,OPTIMAL
1460,0.619,0.6,OPTIMAL,3.1516,3.2,OPTIMAL,7.3765,7.5,OPTIMAL,333.5641,337.5,EXCESSIVE,16.6934,15.4135,OPTIMAL,67.2573,66.7,OPTIMAL
1461,1.1125,1.1,OPTIMAL,3.5302,3.6,OPTIMAL,5.7221,5.5,OPTIMAL,369.544,379.3,EXCESSIVE,41.8045,44.9549,OPTIMAL,70.3611,67.5,OPTIMAL
1462,1.176,1.2,OPTIMAL,2.5849,2.6,OPTIMAL,10.1482,10.6,EXCESSIVE,169.6293,172.6,OPTIMAL,16.7323,12.8143,OPTIMAL,82.6546,84.2,OPTIMAL
1463,0.7923,0.8,OPTIMAL,2.5669,2.5,OPTIMAL,4.6668,4.7,OPTIMAL,238.0956,234.4,EXCESSIVE,30.175,31.7116,OPTIMAL,82.9469,77.8,OPTIMAL
1464,0.8061,0.8,OPTIMAL,3.0362,3.1,OPTIMAL,4.3344,4.6,OPTIMAL,215.6799,228.5,EXCESSIVE,37.1846,40.9511,OPTIMAL,112.0762,116.1,OPTIMAL
1465,0.4297,0.4,DEFICIENT,2.2094,2.2,OPTIMAL,2.4242,2.3,OPTIMAL,218.1802,219.6,EXCESSIVE,26.6519,25.1694,OPTIMAL,51.6904,51.4,OPTIMAL
1466,0.6896,0.7,OPTIMAL,2.8703,2.9,OPTIMAL,5.5826,5.6,OPTIMAL,217.1186,221.2,EXCESSIVE,82.386,84.7408,EXCESSIVE,79.5736,73.5,OPTIMAL
1467,0.6133,0.6,OPTIMAL,2.4865,2.5,OPTIMAL,3.214,3.1,OPTIMAL,194.8754,184.9,OPTIMAL,61.0474,61.9698,EXCESSIVE,90.177,89.3,OPTIMAL
1468,0.7266,0.7,OPTIMAL,2.255,2.2,OPTIMAL,2.5338,2.2,OPTIMAL,193.718,194.0,OPTIMAL,27.0887,27.6533,OPTIMAL,71.9455,70.8,OPTIMAL
1469,1.1963,1.2,OPTIMAL,2.5467,2.5,OPTIMAL,4.503,4.1,OPTIMAL,187.5504,189.5,OPTIMAL,22.9655,23.4214,OPTIMAL,84.73,83.7,OPTIMAL
1470,0.7377,0.8,OPTIMAL,3.1166,3.2,OPTIMAL,13.2648,14.1,EXCESSIVE,389.0952,397.9,EXCESSIVE,15.6602,12.2949,OPTIMAL,67.2207,67.1,OPTIMAL
1471,0.8659,0.9,OPTIMAL,2.5885,2.5,OPTIMAL,5.122,5.3,OPTIMAL,258.7606,264.1,EXCESSIVE,24.2364,23.7815,OPTIMAL,106.8085,109.7,OPTIMAL
1472,0.8265,0.8,OPTIMAL,3.3207,3.4,OPTIMAL,10.8841,11.0,EXCESSIVE,187.7082,177.8,OPTIMAL,25.5869,25.6539,OPTIMAL,88.6775,91.4,OPTIMAL
1473,0.6085,0.6,OPTIMAL,2.0912,2.0,OPTIMAL,2.8867,2.7,OPTIMAL,193.4702,185.3,OPTIMAL,53.1582,55.0847,EXCESSIVE,78.4545,78.9,OPTIMAL
1474,1.0951,1.1,OPTIMAL,2.3762,2.4,OPTIMAL,5.2728,5.4,OPTIMAL,139.4802,127.1,OPTIMAL,26.0944,23.8104,OPTIMAL,84.4939,78.6,OPTIMAL
1475,0.7655,0.8,OPTIMAL,2.8533,2.9,OPTIMAL,4.2375,4.3,OPTIMAL,198.7951,192.4,OPTIMAL,39.6491,39.156,OPTIMAL,109.0525,110.9,OPTIMAL
1476,1.0179,1.0,OPTIMAL,2.359,2.4,OPTIMAL,5.0188,4.8,OPTIMAL,142.9509,136.3,OPTIMAL,23.2288,24.0732,OPTIMAL,77.8133,76.4,OPTIMAL
1477,0.9104,0.9,OPTIMAL,2.3523,2.2,OPTIMAL,8.1995,8.4,EXCESSIVE,277.3394,259.2,EXCESSIVE,17.4463,15.672,OPTIMAL,92.1485,86.5,OPTIMAL
1478,0.8087,0.8,OPTIMAL,2.7219,2.7,OPTIMAL,3.5466,3.5,OPTIMAL,198.9787,196.4,OPTIMAL,28.739,28.957,OPTIMAL,118.2671,119.9,OPTIMAL
1479,0.8673,0.9,OPTIMAL,2.1708,2.2,OPTIMAL,3.8985,4.3,OPTIMAL,177.1137,176.1,OPTIMAL,25.4478,25.5505,OPTIMAL,67.5155,66.4,OPTIMAL
1480,0.8626,0.9,OPTIMAL,2.882,2.8,OPTIMAL,3.9744,3.9,OPTIMAL,212.9843,193.9,EXCESSIVE,21.8228,15.4358,OPTIMAL,82.4092,71.6,OPTIMAL
1481,0.5736,0.6,OPTIMAL,3.0739,3.1,OPTIMAL,5.4671,5.2,OPTIMAL,286.2005,273.2,EXCESSIVE,22.7441,19.3721,OPTIMAL,50.3429,46.8,OPTIMAL
1482,0.7941,0.8,OPTIMAL,2.7549,2.8,OPTIMAL,3.6467,3.3,OPTIMAL,226.5188,227.4,EXCESSIVE,43.7625,45.1856,OPTIMAL,116.876,117.1,OPTIMAL
1483,1.0557,1.0,OPTIMAL,3.0077,3.1,OPTIMAL,4.7178,4.8,OPTIMAL,183.9518,183.0,OPTIMAL,28.5685,28.5845,OPTIMAL,89.6469,85.4,OPTIMAL
1484,1.129,1.1,OPTIMAL,3.1961,3.5,OPTIMAL,6.0243,6.5,OPTIMAL,175.1098,178.1,OPTIMAL,22.0512,19.5449,OPTIMAL,88.405,90.6,OPTIMAL
1485,0.9479,1.0,OPTIMAL,2.1456,2.1,OPTIMAL,2.4356,2.4,OPTIMAL,166.5986,160.9,OPTIMAL,53.9629,61.3146,EXCESSIVE,87.7109,88.5,OPTIMAL
1486,0.7723,0.8,OPTIMAL,2.2465,2.2,OPTIMAL,7.2917,7.7,OPTIMAL,295.5489,302.4,EXCESSIVE,12.3209,11.4956,OPTIMAL,79.3095,81.2,OPTIMAL
1487,0.8108,0.8,OPTIMAL,2.4227,2.4,OPTIMAL,6.0499,5.9,OPTIMAL,436.6628,445.6,EXCESSIVE,15.6112,14.4884,OPTIMAL,83.4854,82.8,OPTIMAL
1488,0.3248,0.3,DEFICIENT,2.2599,2.2,OPTIMAL,2.0379,2.0,OPTIMAL,245.6897,254.1,EXCESSIVE,64.1185,71.4481,EXCESSIVE,92.0614,91.2,OPTIMAL
1489,0.743,0.7,OPTIMAL,2.2456,2.2,OPTIMAL,5.7918,5.4,OPTIMAL,248.6876,245.5,EXCESSIVE,12.3106,10.8807,OPTIMAL,70.3835,68.4,OPTIMAL
1490,0.5933,0.6,OPTIMAL,2.1813,2.2,OPTIMAL,2.9466,3.1,OPTIMAL,185.5885,175.2,OPTIMAL,31.9979,35.9357,OPTIMAL,80.014,78.4,OPTIMAL
1491,0.8512,0.9,OPTIMAL,2.8399,2.9,OPTIMAL,3.842,3.9,OPTIMAL,201.5544,202.2,EXCESSIVE,36.1441,37.3938,OPTIMAL,107.0358,104.8,OPTIMAL
1492,0.8945,0.9,OPTIMAL,2.5933,2.6,OPTIMAL,5.1642,5.2,OPTIMAL,222.0727,222.9,EXCESSIVE,25.0278,23.4547,OPTIMAL,97.7731,97.6,OPTIMAL
1493,0.8997,0.9,OPTIMAL,3.291,3.3,OPTIMAL,11.1763,11.3,EXCESSIVE,207.4654,205.4,EXCESSIVE,46.3237,47.2909,OPTIMAL,78.9013,78.4,OPTIMAL
1494,1.4462,1.5,OPTIMAL,2.2865,2.2,OPTIMAL,3.7526,3.6,OPTIMAL,105.3566,103.4,OPTIMAL,10.8587,9.8637,OPTIMAL,66.2911,67.7,OPTIMAL
1495,1.0902,1.1,OPTIMAL,2.5627,2.7,OPTIMAL,5.9583,5.9,OPTIMAL,150.5029,147.4,OPTIMAL,26.6933,30.0966,OPTIMAL,79.3799,75.1,OPTIMAL
1496,0.8213,0.9,OPTIMAL,2.8534,2.9,OPTIMAL,3.1808,3.3,OPTIMAL,212.2153,207.2,EXCESSIVE,32.175,32.2313,OPTIMAL,142.1472,147.4,OPTIMAL
1497,0.8108,0.8,OPTIMAL,2.5913,2.6,OPTIMAL,3.8905,4.0,OPTIMAL,201.1922,193.5,EXCESSIVE,34.1719,34.0767,OPTIMAL,111.9485,110.7,OPTIMAL
1498,0.6234,0.6,OPTIMAL,1.7384,1.7,OPTIMAL,1.6934,1.6,OPTIMAL,165.9325,165.2,OPTIMAL,16.3406,14.8089,OPTIMAL,68.0384,68.6,OPTIMAL
1499,1.1178,1.2,OPTIMAL,3.2404,3.4,OPTIMAL,9.1648,9.8,EXCESSIVE,246.5099,257.5,EXCESSIVE,43.6275,45.2584,OPTIMAL,86.5722,87.3,OPTIMAL
1500,0.7907,0.8,OPTIMAL,2.2893,2.3,OPTIMAL,2.8137,2.7,OPTIMAL,245.3067,244.9,EXCESSIVE,27.234,28.266,OPTIMAL,80.086,80.1,OPTIMAL
1501,0.5922,0.6,OPTIMAL,2.4112,2.5,OPTIMAL,3.9937,4.7,OPTIMAL,218.8796,219.9,EXCESSIVE,31.7464,32.6286,OPTIMAL,102.9654,104.4,OPTIMAL
1502,0.787,0.8,OPTIMAL,3.7219,3.8,OPTIMAL,13.8873,14.4,EXCESSIVE,240.8125,249.3,EXCESSIVE,23.3843,21.7032,OPTIMAL,97.5445,98.8,OPTIMAL
1503,1.1252,1.1,OPTIMAL,2.6432,2.7,OPTIMAL,3.7076,3.6,OPTIMAL,128.2948,124.9,OPTIMAL,10.5585,9.2747,OPTIMAL,69.5929,72.2,OPTIMAL
1504,0.7976,0.8,OPTIMAL,3.2048,3.2,OPTIMAL,7.1606,7.2,OPTIMAL,169.3595,158.0,OPTIMAL,19.197,19.2363,OPTIMAL,87.5498,88.3,OPTIMAL
1505,1.1427,1.1,OPTIMAL,2.8934,3.0,OPTIMAL,5.9631,6.1,OPTIMAL,167.4056,165.4,OPTIMAL,24.7833,24.2948,OPTIMAL,97.6032,100.5,OPTIMAL
1506,0.9335,1.0,OPTIMAL,2.7266,2.8,OPTIMAL,4.7196,4.9,OPTIMAL,243.3278,255.3,EXCESSIVE,27.6213,27.5323,OPTIMAL,135.737,143.6,OPTIMAL
1507,0.9181,0.9,OPTIMAL,2.8751,2.9,OPTIMAL,6.7773,7.0,OPTIMAL,287.1614,296.8,EXCESSIVE,24.3168,21.5368,OPTIMAL,93.8605,95.2,OPTIMAL
1508,0.8547,0.9,OPTIMAL,3.3128,3.4,OPTIMAL,5.4518,6.0,OPTIMAL,174.7141,175.9,OPTIMAL,26.5443,24.2144,OPTIMAL,110.1979,113.8,OPTIMAL
1509,0.7306,0.7,OPTIMAL,2.1266,2.0,OPTIMAL,4.0675,4.0,OPTIMAL,201.9482,200.4,EXCESSIVE,14.795,14.3438,OPTIMAL,57.5806,53.9,OPTIMAL
1510,0.6566,0.6,OPTIMAL,2.3562,2.2,OPTIMAL,2.7643,2.2,OPTIMAL,200.8188,186.5,EXCESSIVE,42.319,44.2118,OPTIMAL,96.0092,91.6,OPTIMAL
1511,1.1809,1.2,OPTIMAL,2.6547,2.7,OPTIMAL,6.494,6.7,OPTIMAL,159.1597,153.0,OPTIMAL,25.8763,28.5127,OPTIMAL,92.3279,91.8,OPTIMAL
1512,0.7215,0.7,OPTIMAL,2.0697,2.0,OPTIMAL,4.4094,4.0,OPTIMAL,189.9868,186.3,OPTIMAL,11.1539,11.5277,OPTIMAL,125.4416,125.4,OPTIMAL
1513,0.8711,0.9,OPTIMAL,2.7512,2.8,OPTIMAL,3.5064,3.7,OPTIMAL,199.7521,201.9,OPTIMAL,30.4262,29.5006,OPTIMAL,111.6083,111.3,OPTIMAL
1514,1.1866,1.2,OPTIMAL,2.5617,2.6,OPTIMAL,4.7444,4.5,OPTIMAL,177.7942,180.5,OPTIMAL,20.3676,18.2831,OPTIMAL,100.9232,100.5,OPTIMAL
1515,0.5054,0.5,OPTIMAL,2.3797,2.4,OPTIMAL,2.3096,2.6,OPTIMAL,219.8059,222.7,EXCESSIVE,23.2722,21.9651,OPTIMAL,98.7184,99.9,OPTIMAL
1516,1.0785,1.1,OPTIMAL,2.5264,2.5,OPTIMAL,3.8699,3.7,OPTIMAL,127.2785,121.7,OPTIMAL,11.5195,10.498,OPTIMAL,70.9331,75.1,OPTIMAL
1517,0.6897,0.6,OPTIMAL,2.712,2.7,OPTIMAL,3.6038,3.5,OPTIMAL,207.1941,196.9,EXCESSIVE,44.7631,51.5267,OPTIMAL,73.222,69.7,OPTIMAL
1518,1.1348,1.1,OPTIMAL,2.5958,2.6,OPTIMAL,4.6748,4.4,OPTIMAL,182.9346,190.6,OPTIMAL,19.4659,15.9528,OPTIMAL,107.1076,109.1,OPTIMAL
1519,1.0582,1.0,OPTIMAL,2.4084,2.4,OPTIMAL,3.8884,3.4,OPTIMAL,150.5158,141.0,OPTIMAL,23.7413,25.2381,OPTIMAL,81.2201,80.2,OPTIMAL
1520,0.7165,0.7,OPTIMAL,2.726,2.6,OPTIMAL,3.1969,2.7,OPTIMAL,192.6104,190.5,OPTIMAL,39.1953,40.9835,OPTIMAL,98.9532,96.7,OPTIMAL
1521,0.714,0.7,OPTIMAL,1.7794,1.7,OPTIMAL,3.7375,3.3,OPTIMAL,171.5153,170.3,OPTIMAL,12.3963,11.5887,OPTIMAL,108.359,110.7,OPTIMAL
1522,0.929,0.9,OPTIMAL,3.1283,3.1,OPTIMAL,5.0765,5.0,OPTIMAL,191.6878,189.1,OPTIMAL,27.3687,28.9452,OPTIMAL,116.8783,121.2,OPTIMAL
1523,1.0415,1.0,OPTIMAL,2.4469,2.4,OPTIMAL,6.8917,7.1,OPTIMAL,168.7583,170.9,OPTIMAL,26.5404,27.5154,OPTIMAL,81.7283,79.2,OPTIMAL
1524,0.9952,1.0,OPTIMAL,2.6161,2.7,OPTIMAL,7.2511,7.3,OPTIMAL,449.8345,452.7,EXCESSIVE,19.4188,22.9741,OPTIMAL,141.5792,148.7,OPTIMAL
1525,0.7106,0.7,OPTIMAL,2.1266,2.1,OPTIMAL,2.0365,1.9,OPTIMAL,202.3222,202.7,EXCESSIVE,35.7771,39.7909,OPTIMAL,69.7318,68.7,OPTIMAL
1526,0.7985,0.8,OPTIMAL,2.8981,2.9,OPTIMAL,3.3158,3.3,OPTIMAL,190.9763,186.8,OPTIMAL,32.2843,32.5977,OPTIMAL,97.0196,99.8,OPTIMAL
1527,0.6016,0.5,OPTIMAL,2.5832,2.6,OPTIMAL,5.802,6.0,OPTIMAL,183.6071,179.8,OPTIMAL,36.6189,39.8204,OPTIMAL,83.8032,82.9,OPTIMAL
1528,0.8226,0.9,OPTIMAL,2.2016,2.2,OPTIMAL,4.635,5.0,OPTIMAL,219.4054,226.9,EXCESSIVE,13.8433,11.9169,OPTIMAL,116.6189,117.0,OPTIMAL
1529,0.8285,0.8,OPTIMAL,2.2981,2.3,OPTIMAL,4.4071,4.4,OPTIMAL,224.8297,234.1,EXCESSIVE,27.9137,29.94,OPTIMAL,91.4879,92.5,OPTIMAL
1530,1.1774,1.2,OPTIMAL,2.6478,2.7,OPTIMAL,6.7041,6.9,OPTIMAL,178.0715,177.0,OPTIMAL,24.688,27.1286,OPTIMAL,91.0183,89.9,OPTIMAL
1531,0.7744,0.8,OPTIMAL,3.0448,3.1,OPTIMAL,3.9532,4.1,OPTIMAL,190.6964,199.1,OPTIMAL,33.4205,34.1645,OPTIMAL,116.6148,118.9,OPTIMAL
1532,1.0581,1.0,OPTIMAL,2.454,2.4,OPTIMAL,3.9786,3.5,OPTIMAL,152.7338,138.4,OPTIMAL,25.3386,25.5893,OPTIMAL,97.5716,95.3,OPTIMAL
1533,0.9771,1.0,OPTIMAL,3.4163,3.5,OPTIMAL,5.2428,5.3,OPTIMAL,248.6124,253.1,EXCESSIVE,22.3262,21.6098,OPTIMAL,99.6179,103.3,OPTIMAL
1534,0.7002,0.7,OPTIMAL,2.5474,2.5,OPTIMAL,7.9935,8.2,OPTIMAL,283.9036,279.9,EXCESSIVE,19.0708,19.1297,OPTIMAL,57.4688,57.5,OPTIMAL
1535,1.1223,1.1,OPTIMAL,2.5587,2.6,OPTIMAL,9.9397,10.2,EXCESSIVE,195.4555,200.2,OPTIMAL,27.0726,28.5711,OPTIMAL,124.9668,128.3,OPTIMAL
1536,0.6974,0.7,OPTIMAL,2.7797,2.8,OPTIMAL,3.9086,4.2,OPTIMAL,171.5956,166.5,OPTIMAL,43.9097,46.0714,OPTIMAL,96.7656,96.0,OPTIMAL
1537,0.5175,0.5,OPTIMAL,2.7707,2.9,OPTIMAL,5.9831,5.9,OPTIMAL,257.8847,254.7,EXCESSIVE,19.4959,21.0818,OPTIMAL,72.0381,75.1,OPTIMAL
1538,1.2675,1.3,OPTIMAL,2.578,2.6,OPTIMAL,4.2658,4.2,OPTIMAL,146.2642,146.5,OPTIMAL,12.5701,13.5763,OPTIMAL,70.02,69.5,OPTIMAL
1539,1.0235,1.1,OPTIMAL,2.695,2.7,OPTIMAL,5.8137,6.0,OPTIMAL,275.7661,287.5,EXCESSIVE,17.2718,14.8782,OPTIMAL,93.9322,92.9,OPTIMAL
1540,0.8543,0.9,OPTIMAL,2.7024,2.7,OPTIMAL,3.5148,3.7,OPTIMAL,198.5827,189.2,OPTIMAL,37.9839,40.6682,OPTIMAL,97.6815,99.5,OPTIMAL
1541,0.795,0.8,OPTIMAL,2.5935,2.6,OPTIMAL,2.3184,2.2,OPTIMAL,196.7005,197.4,OPTIMAL,27.0987,27.6649,OPTIMAL,74.7733,74.5,OPTIMAL
1542,0.9847,1.0,OPTIMAL,2.274,2.3,OPTIMAL,5.5638,5.9,OPTIMAL,199.493,194.0,OPTIMAL,21.5095,17.2586,OPTIMAL,110.2254,112.3,OPTIMAL
1543,0.5244,0.5,OPTIMAL,2.8179,2.8,OPTIMAL,5.9513,6.0,OPTIMAL,273.9645,269.4,EXCESSIVE,17.4267,16.4598,OPTIMAL,68.2177,69.6,OPTIMAL
1544,0.7163,0.7,OPTIMAL,3.0223,3.0,OPTIMAL,3.7606,3.6,OPTIMAL,233.6868,240.4,EXCESSIVE,35.3707,34.7028,OPTIMAL,116.7306,118.3,OPTIMAL
1545,0.7601,0.8,OPTIMAL,3.1705,3.3,OPTIMAL,3.4337,3.3,OPTIMAL,202.8247,209.1,EXCESSIVE,33.3525,32.0428,OPTIMAL,114.4343,120.6,OPTIMAL
1546,1.1872,1.2,OPTIMAL,2.4838,2.4,OPTIMAL,6.0915,6.0,OPTIMAL,152.3034,145.9,OPTIMAL,19.532,17.2413,OPTIMAL,72.8424,70.3,OPTIMAL
1547,0.6156,0.6,OPTIMAL,2.7051,2.8,OPTIMAL,2.2582,2.1,OPTIMAL,198.0682,205.5,OPTIMAL,46.1544,48.628,OPTIMAL,94.0585,96.1,OPTIMAL
1548,0.894,0.9,OPTIMAL,2.9442,2.9,OPTIMAL,6.7869,6.9,OPTIMAL,257.4975,244.0,EXCESSIVE,20.6643,18.1474,OPTIMAL,76.6946,76.8,OPTIMAL
1549,0.7116,0.7,OPTIMAL,3.5796,3.6,OPTIMAL,6.9833,7.0,OPTIMAL,220.1775,221.3,EXCESSIVE,35.1594,35.3017,OPTIMAL,83.6943,83.1,OPTIMAL
1550,0.7373,0.7,OPTIMAL,2.998,3.1,OPTIMAL,3.6848,3.6,OPTIMAL,224.2127,232.0,EXCESSIVE,33.872,35.7948,OPTIMAL,105.6566,102.1,OPTIMAL
1551,0.988,1.0,OPTIMAL,2.9213,3.0,OPTIMAL,5.6858,5.9,OPTIMAL,200.5312,196.1,EXCESSIVE,27.7507,27.8573,OPTIMAL,124.6556,128.9,OPTIMAL
1552,0.647,0.7,OPTIMAL,2.985,3.0,OPTIMAL,6.5867,6.7,OPTIMAL,394.1768,398.4,EXCESSIVE,15.6229,13.5532,OPTIMAL,69.3376,69.0,OPTIMAL
1553,0.5679,0.5,OPTIMAL,2.1412,2.0,OPTIMAL,2.1486,1.9,OPTIMAL,193.4901,191.5,OPTIMAL,32.3652,34.9404,OPTIMAL,70.3223,67.6,OPTIMAL
1554,0.726,0.7,OPTIMAL,3.0429,3.0,OPTIMAL,3.5715,3.5,OPTIMAL,193.6924,190.8,OPTIMAL,29.916,27.5068,OPTIMAL,93.1284,90.0,OPTIMAL
1555,0.973,1.0,OPTIMAL,2.1699,2.1,OPTIMAL,4.9223,4.8,OPTIMAL,197.1946,197.5,OPTIMAL,20.1764,16.4404,OPTIMAL,106.7587,109.7,OPTIMAL
1556,0.6892,0.7,OPTIMAL,1.9562,1.8,OPTIMAL,5.6441,5.5,OPTIMAL,286.3041,289.7,EXCESSIVE,14.257,15.5387,OPTIMAL,70.158,70.1,OPTIMAL
1557,0.5972,0.6,OPTIMAL,2.886,2.9,OPTIMAL,7.738,8.1,OPTIMAL,281.6224,300.3,EXCESSIVE,12.5944,9.338,OPTIMAL,89.246,96.3,OPTIMAL
1558,0.7912,0.8,OPTIMAL,2.2587,2.2,OPTIMAL,2.1811,1.9,OPTIMAL,221.0798,224.0,EXCESSIVE,24.1379,24.0634,OPTIMAL,67.2613,66.9,OPTIMAL
1559,1.1346,1.2,OPTIMAL,2.4891,2.4,OPTIMAL,6.4873,6.7,OPTIMAL,209.0432,214.2,EXCESSIVE,31.067,33.9652,OPTIMAL,97.6989,93.4,OPTIMAL
1560,1.1538,1.2,OPTIMAL,2.5125,2.5,OPTIMAL,5.0933,4.8,OPTIMAL,169.6438,172.2,OPTIMAL,23.7134,20.8225,OPTIMAL,88.668,90.0,OPTIMAL
1561,1.0292,1.0,OPTIMAL,2.3707,2.3,OPTIMAL,4.9214,4.5,OPTIMAL,159.3519,154.9,OPTIMAL,21.018,15.4977,OPTIMAL,77.8894,74.1,OPTIMAL
1562,1.0608,1.0,OPTIMAL,2.4632,2.5,OPTIMAL,4.241,4.0,OPTIMAL,184.1519,190.5,OPTIMAL,22.6649,24.2049,OPTIMAL,98.0387,103.0,OPTIMAL
1563,0.7958,0.8,OPTIMAL,3.7291,3.8,OPTIMAL,4.9421,4.9,OPTIMAL,237.7403,238.9,EXCESSIVE,16.3534,13.9932,OPTIMAL,88.385,89.2,OPTIMAL
1564,1.02,1.0,OPTIMAL,2.3898,2.4,OPTIMAL,3.9806,4.3,OPTIMAL,148.6108,148.7,OPTIMAL,11.2217,12.3374,OPTIMAL,65.4297,64.9,OPTIMAL
1565,0.9549,1.0,OPTIMAL,2.9493,2.9,OPTIMAL,4.8209,4.5,OPTIMAL,267.2115,262.3,EXCESSIVE,21.6683,19.9131,OPTIMAL,100.3067,102.3,OPTIMAL
1566,0.5015,0.5,OPTIMAL,2.4742,2.5,OPTIMAL,2.0658,1.9,OPTIMAL,230.4769,233.8,EXCESSIVE,54.9483,56.46,EXCESSIVE,97.813,97.8,OPTIMAL
1567,1.2761,1.3,OPTIMAL,2.6765,2.6,OPTIMAL,7.1385,7.0,OPTIMAL,262.0647,263.8,EXCESSIVE,37.356,39.4189,OPTIMAL,94.9008,94.2,OPTIMAL
1568,0.6468,0.7,OPTIMAL,2.2903,2.2,OPTIMAL,4.0324,4.2,OPTIMAL,197.5715,182.0,OPTIMAL,22.881,18.599,OPTIMAL,111.0876,118.0,OPTIMAL
1569,1.7587,1.9,OPTIMAL,2.8692,2.9,OPTIMAL,5.5594,5.7,OPTIMAL,176.4301,180.1,OPTIMAL,25.742,28.0171,OPTIMAL,93.6738,94.2,OPTIMAL
1570,0.8617,0.9,OPTIMAL,2.5316,2.6,OPTIMAL,3.6579,3.9,OPTIMAL,201.8045,204.9,EXCESSIVE,26.0478,28.1914,OPTIMAL,92.4446,92.1,OPTIMAL
1571,0.9326,0.9,OPTIMAL,4.1107,4.3,OPTIMAL,10.7056,9.4,EXCESSIVE,229.4652,234.7,EXCESSIVE,25.0144,15.2808,OPTIMAL,89.693,94.0,OPTIMAL
1572,0.7171,0.7,OPTIMAL,2.8956,2.9,OPTIMAL,3.2148,2.8,OPTIMAL,210.2169,212.8,EXCESSIVE,29.5943,29.3743,OPTIMAL,111.8761,113.8,OPTIMAL
1573,1.1384,1.1,OPTIMAL,2.2347,2.1,OPTIMAL,3.3805,3.3,OPTIMAL,160.8336,150.0,OPTIMAL,18.7636,15.5712,OPTIMAL,85.5538,85.5,OPTIMAL
1574,1.1479,1.2,OPTIMAL,2.4636,2.5,OPTIMAL,5.1502,5.5,OPTIMAL,173.9083,170.3,OPTIMAL,25.6662,25.3601,OPTIMAL,88.5457,88.5,OPTIMAL
1575,1.0243,1.0,OPTIMAL,2.3967,2.4,OPTIMAL,4.3503,4.2,OPTIMAL,156.5745,154.2,OPTIMAL,25.0308,23.519,OPTIMAL,84.8356,86.5,OPTIMAL
1576,0.9476,1.0,OPTIMAL,2.4164,2.4,OPTIMAL,4.2084,4.4,OPTIMAL,193.7219,192.6,OPTIMAL,25.687,24.8434,OPTIMAL,63.1283,63.6,OPTIMAL
1577,0.7872,0.8,OPTIMAL,2.7066,2.8,OPTIMAL,3.4182,3.5,OPTIMAL,217.6788,222.5,EXCESSIVE,32.9049,33.4104,OPTIMAL,132.5133,140.7,OPTIMAL
1578,0.854,0.9,OPTIMAL,2.6753,2.7,OPTIMAL,4.6455,4.6,OPTIMAL,244.5403,257.9,EXCESSIVE,22.6037,19.5084,OPTIMAL,89.0097,92.7,OPTIMAL
1579,1.0892,1.1,OPTIMAL,2.3783,2.5,OPTIMAL,3.9348,3.6,OPTIMAL,163.4062,174.7,OPTIMAL,21.2016,19.3565,OPTIMAL,78.2875,74.5,OPTIMAL
1580,0.8675,0.9,OPTIMAL,3.2133,3.3,OPTIMAL,4.136,4.6,OPTIMAL,205.7069,204.1,EXCESSIVE,30.0668,30.6834,OPTIMAL,112.8809,116.7,OPTIMAL
1581,0.7906,0.8,OPTIMAL,2.175,2.2,OPTIMAL,4.5708,4.4,OPTIMAL,173.7563,163.5,OPTIMAL,11.7042,12.439,OPTIMAL,105.8096,105.2,OPTIMAL
1582,1.0466,1.0,OPTIMAL,2.528,2.7,OPTIMAL,4.229,4.2,OPTIMAL,163.8945,166.9,OPTIMAL,23.0577,22.5011,OPTIMAL,86.8783,86.2,OPTIMAL
1583,0.8852,0.9,OPTIMAL,3.4056,3.4,OPTIMAL,8.5947,8.6,EXCESSIVE,352.0076,351.1,EXCESSIVE,18.6033,18.5198,OPTIMAL,111.6451,111.7,OPTIMAL
1584,0.8422,0.9,OPTIMAL,2.4062,2.4,OPTIMAL,5.9561,5.8,OPTIMAL,240.1385,233.1,EXCESSIVE,13.7341,13.9864,OPTIMAL,80.6979,84.3,OPTIMAL
1585,1.3687,1.4,OPTIMAL,2.3974,2.4,OPTIMAL,3.7888,3.6,OPTIMAL,119.7799,112.8,OPTIMAL,11.6524,11.1179,OPTIMAL,68.3623,69.6,OPTIMAL
1586,1.1267,1.1,OPTIMAL,2.8886,3.1,OPTIMAL,3.8224,3.6,OPTIMAL,182.2305,191.1,OPTIMAL,21.6555,23.3519,OPTIMAL,94.448,96.6,OPTIMAL
1587,1.0831,1.1,OPTIMAL,2.4132,2.4,OPTIMAL,5.7611,6.0,OPTIMAL,234.5233,237.7,EXCESSIVE,42.6988,47.6877,OPTIMAL,91.5776,89.5,OPTIMAL
1588,0.9884,1.0,OPTIMAL,2.2738,2.2,OPTIMAL,4.2211,4.0,OPTIMAL,162.8122,157.2,OPTIMAL,26.2844,27.9273,OPTIMAL,86.5865,84.8,OPTIMAL
1589,0.7339,0.7,OPTIMAL,2.3446,2.2,OPTIMAL,3.6459,3.3,OPTIMAL,205.0546,202.0,EXCESSIVE,29.1319,26.2854,OPTIMAL,104.7398,108.5,OPTIMAL
1590,0.7322,0.8,OPTIMAL,3.2123,3.3,OPTIMAL,8.3461,8.8,EXCESSIVE,304.1855,292.3,EXCESSIVE,17.1754,17.9879,OPTIMAL,57.7392,60.0,OPTIMAL
1591,0.9823,1.0,OPTIMAL,2.3671,2.4,OPTIMAL,4.112,4.1,OPTIMAL,149.6707,144.0,OPTIMAL,23.6776,24.2161,OPTIMAL,78.4807,73.7,OPTIMAL
1592,1.0337,1.0,OPTIMAL,1.9347,1.9,OPTIMAL,2.5378,2.6,OPTIMAL,157.7113,146.9,OPTIMAL,17.8452,14.6809,OPTIMAL,90.1975,91.0,OPTIMAL
1593,0.7043,0.7,OPTIMAL,3.2664,3.3,OPTIMAL,4.471,4.7,OPTIMAL,219.7692,221.6,EXCESSIVE,38.3297,38.9137,OPTIMAL,105.9973,104.7,OPTIMAL
1594,1.2617,1.3,OPTIMAL,2.4631,2.5,OPTIMAL,6.4398,6.9,OPTIMAL,167.0384,171.3,OPTIMAL,22.5266,23.9073,OPTIMAL,103.1187,106.5,OPTIMAL
1595,1.0689,1.1,OPTIMAL,3.4147,3.5,OPTIMAL,8.9553,9.3,EXCESSIVE,221.1619,225.2,EXCESSIVE,27.1965,27.9412,OPTIMAL,94.1934,92.6,OPTIMAL
1596,0.5401,0.5,OPTIMAL,2.5556,2.6,OPTIMAL,2.6613,2.2,OPTIMAL,199.3906,190.5,OPTIMAL,48.8907,49.992,OPTIMAL,95.5754,93.9,OPTIMAL
1597,1.0303,1.1,OPTIMAL,3.1104,3.1,OPTIMAL,6.3634,6.5,OPTIMAL,293.8738,292.4,EXCESSIVE,30.2231,29.0722,OPTIMAL,78.0996,77.7,OPTIMAL
1598,0.6811,0.7,OPTIMAL,2.753,2.8,OPTIMAL,6.2682,6.1,OPTIMAL,447.5044,467.8,EXCESSIVE,15.609,15.8358,OPTIMAL,60.6247,60.5,OPTIMAL
1599,1.16,1.2,OPTIMAL,2.442,2.4,OPTIMAL,3.8096,3.6,OPTIMAL,119.0803,113.3,OPTIMAL,10.844,9.3228,OPTIMAL,69.5759,73.2,OPTIMAL
1600,0.6051,0.6,OPTIMAL,2.1874,2.2,OPTIMAL,2.4185,2.4,OPTIMAL,280.8389,285.1,EXCESSIVE,35.9748,36.1639,OPTIMAL,69.8713,68.3,OPTIMAL
1601,0.9326,1.0,OPTIMAL,4.1107,3.9,OPTIMAL,10.7056,11.4,EXCESSIVE,229.4652,214.6,EXCESSIVE,25.0144,30.7814,OPTIMAL,89.693,74.5,OPTIMAL
1602,0.6237,0.6,OPTIMAL,2.3747,2.4,OPTIMAL,6.9782,7.0,OPTIMAL,239.5776,235.6,EXCESSIVE,12.1286,10.5251,OPTIMAL,74.0161,75.5,OPTIMAL
1603,0.7291,0.7,OPTIMAL,2.5625,2.5,OPTIMAL,3.3099,3.4,OPTIMAL,174.5948,172.1,OPTIMAL,36.4674,37.6436,OPTIMAL,91.1307,89.3,OPTIMAL
1604,0.8514,0.9,OPTIMAL,3.6055,3.9,OPTIMAL,3.5822,3.6,OPTIMAL,202.2581,207.8,EXCESSIVE,44.7789,47.0516,OPTIMAL,121.8834,125.5,OPTIMAL
1605,0.6731,0.7,OPTIMAL,2.7894,2.7,OPTIMAL,6.483,6.4,OPTIMAL,272.8421,268.7,EXCESSIVE,17.3863,17.6168,OPTIMAL,75.7544,79.9,OPTIMAL
1606,0.708,0.7,OPTIMAL,2.5403,2.5,OPTIMAL,3.6823,3.8,OPTIMAL,228.9463,226.7,EXCESSIVE,32.7848,32.8365,OPTIMAL,124.2553,127.6,OPTIMAL
1607,1.0437,1.1,OPTIMAL,2.4802,2.3,OPTIMAL,3.4747,3.1,OPTIMAL,194.1763,201.1,OPTIMAL,19.9523,17.6942,OPTIMAL,114.6104,115.4,OPTIMAL
1608,1.0083,1.0,OPTIMAL,2.7275,2.8,OPTIMAL,4.4371,4.3,OPTIMAL,229.6018,230.1,EXCESSIVE,30.6113,31.0133,OPTIMAL,114.0434,120.8,OPTIMAL
1609,0.9786,1.0,OPTIMAL,2.4064,2.5,OPTIMAL,4.5888,4.6,OPTIMAL,288.2551,307.5,EXCESSIVE,12.1447,13.6939,OPTIMAL,130.2141,131.6,OPTIMAL
1610,0.8033,0.8,OPTIMAL,2.7302,2.8,OPTIMAL,7.2801,7.6,OPTIMAL,269.0234,271.9,EXCESSIVE,25.3463,32.1892,OPTIMAL,75.9668,79.3,OPTIMAL
1611,0.5684,0.5,OPTIMAL,2.5754,2.6,OPTIMAL,2.5495,2.4,OPTIMAL,245.1054,251.4,EXCESSIVE,29.9307,29.8498,OPTIMAL,65.7287,61.1,OPTIMAL
1612,0.6148,0.6,OPTIMAL,3.7018,3.9,OPTIMAL,3.4058,3.0,OPTIMAL,174.4617,172.9,OPTIMAL,28.6297,28.9623,OPTIMAL,100.0836,98.9,OPTIMAL
1613,0.9645,1.0,OPTIMAL,2.8992,2.9,OPTIMAL,5.9486,5.9,OPTIMAL,213.1504,199.5,EXCESSIVE,19.566,15.9023,OPTIMAL,75.9436,72.7,OPTIMAL
1614,0.7954,0.8,OPTIMAL,2.6441,2.6,OPTIMAL,5.1602,5.9,OPTIMAL,190.7879,186.9,OPTIMAL,30.4194,28.3589,OPTIMAL,117.3845,119.8,OPTIMAL
1615,1.3493,1.4,OPTIMAL,3.046,3.2,OPTIMAL,5.6084,5.9,OPTIMAL,263.6662,279.5,EXCESSIVE,26.7782,30.373,OPTIMAL,136.962,145.2,OPTIMAL
1616,1.1676,1.2,OPTIMAL,2.548,2.5,OPTIMAL,6.0689,6.0,OPTIMAL,225.4354,227.3,EXCESSIVE,28.879,29.0187,OPTIMAL,87.659,86.5,OPTIMAL
1617,0.8534,0.9,OPTIMAL,2.3023,2.3,OPTIMAL,4.5571,5.1,OPTIMAL,226.1434,229.2,EXCESSIVE,15.8824,13.2,OPTIMAL,128.4073,132.3,OPTIMAL
1618,1.0964,1.1,OPTIMAL,2.4781,2.4,OPTIMAL,3.7691,3.5,OPTIMAL,123.4269,111.2,OPTIMAL,11.5514,13.3306,OPTIMAL,70.7801,74.9,OPTIMAL
1619,0.6274,0.6,OPTIMAL,2.4763,2.3,OPTIMAL,7.6688,7.5,OPTIMAL,299.4861,294.6,EXCESSIVE,15.8658,14.1737,OPTIMAL,53.3338,51.4,OPTIMAL
1620,0.8534,0.8,OPTIMAL,2.4927,2.4,OPTIMAL,5.1177,4.9,OPTIMAL,211.5733,212.2,EXCESSIVE,37.5582,40.4491,OPTIMAL,82.6789,79.5,OPTIMAL
1621,0.7303,0.7,OPTIMAL,2.4052,2.4,OPTIMAL,4.3184,4.5,OPTIMAL,176.2423,177.0,OPTIMAL,11.1318,10.2303,OPTIMAL,61.0579,57.0,OPTIMAL
1622,0.7145,0.7,OPTIMAL,2.2476,2.2,OPTIMAL,2.4659,2.3,OPTIMAL,188.1747,188.0,OPTIMAL,21.5989,20.3343,OPTIMAL,72.7008,73.2,OPTIMAL
1623,0.6291,0.6,OPTIMAL,2.7545,2.7,OPTIMAL,5.7651,5.3,OPTIMAL,443.3555,452.8,EXCESSIVE,13.3272,11.0542,OPTIMAL,56.4477,55.2,OPTIMAL
1624,0.7252,0.7,OPTIMAL,2.9804,2.9,OPTIMAL,4.8745,5.0,OPTIMAL,183.8179,175.7,OPTIMAL,27.7565,24.6932,OPTIMAL,100.6712,94.6,OPTIMAL
1625,0.8785,0.9,OPTIMAL,2.4606,2.5,OPTIMAL,7.134,7.5,OPTIMAL,286.2288,295.8,EXCESSIVE,12.2471,11.8647,OPTIMAL,85.4334,91.9,OPTIMAL
1626,0.7203,0.7,OPTIMAL,1.8621,1.8,OPTIMAL,4.1127,3.6,OPTIMAL,178.1374,181.2,OPTIMAL,12.47,11.842,OPTIMAL,115.9582,120.4,OPTIMAL
1627,0.426,0.4,DEFICIENT,2.563,2.7,OPTIMAL,2.712,2.7,OPTIMAL,239.4757,247.0,EXCESSIVE,29.0387,31.2908,OPTIMAL,106.3485,110.3,OPTIMAL
1628,1.1552,1.2,OPTIMAL,2.6885,2.7,OPTIMAL,5.6886,6.0,OPTIMAL,198.7974,184.1,OPTIMAL,20.0884,17.3426,OPTIMAL,108.5816,110.2,OPTIMAL
1629,1.2375,1.3,OPTIMAL,2.7108,2.9,OPTIMAL,3.8906,3.9,OPTIMAL,154.2338,149.7,OPTIMAL,12.5778,12.02,OPTIMAL,68.0607,70.8,OPTIMAL
1630,0.5998,0.6,OPTIMAL,2.4593,2.4,OPTIMAL,2.7599,2.2,OPTIMAL,191.1269,185.9,OPTIMAL,54.5397,55.8926,EXCESSIVE,91.4266,89.7,OPTIMAL
1631,0.7952,0.8,OPTIMAL,2.5334,2.7,OPTIMAL,6.7484,7.0,OPTIMAL,245.3261,242.8,EXCESSIVE,12.068,11.914,OPTIMAL,71.93,70.8,OPTIMAL
1632,0.4536,0.4,DEFICIENT,2.6903,2.7,OPTIMAL,2.4684,2.4,OPTIMAL,273.1963,284.1,EXCESSIVE,19.5633,15.3241,OPTIMAL,96.7325,98.1,OPTIMAL
1633,0.5545,0.5,OPTIMAL,1.9087,1.8,OPTIMAL,2.901,2.9,OPTIMAL,216.1562,230.0,EXCESSIVE,40.6174,27.2116,OPTIMAL,69.6027,76.1,OPTIMAL
1634,0.6969,0.7,OPTIMAL,3.4379,3.5,OPTIMAL,12.4787,13.0,EXCESSIVE,234.7048,238.0,EXCESSIVE,15.8871,13.5523,OPTIMAL,87.3157,88.8,OPTIMAL
1635,0.6492,0.6,OPTIMAL,2.5822,2.6,OPTIMAL,3.5589,3.0,OPTIMAL,219.7051,216.6,EXCESSIVE,32.65,34.2491,OPTIMAL,93.0727,88.6,OPTIMAL
1636,1.0205,1.0,OPTIMAL,3.2102,3.3,OPTIMAL,5.614,5.6,OPTIMAL,298.0059,302.7,EXCESSIVE,25.351,23.2447,OPTIMAL,73.2344,76.2,OPTIMAL
1637,1.0679,1.1,OPTIMAL,2.7093,2.8,OPTIMAL,7.4358,7.4,OPTIMAL,456.9178,462.6,EXCESSIVE,27.3785,28.3933,OPTIMAL,149.1347,152.3,OPTIMAL
1638,1.0892,1.1,OPTIMAL,2.5859,2.6,OPTIMAL,4.2344,4.3,OPTIMAL,189.6797,194.5,OPTIMAL,12.0525,12.1612,OPTIMAL,66.0735,66.8,OPTIMAL
1639,0.6974,0.7,OPTIMAL,2.4667,2.5,OPTIMAL,3.703,3.9,OPTIMAL,235.7036,235.9,EXCESSIVE,22.6198,21.1511,OPTIMAL,87.6399,90.1,OPTIMAL
1640,0.6284,0.6,OPTIMAL,2.9755,3.2,OPTIMAL,4.8437,5.7,OPTIMAL,218.6131,227.6,EXCESSIVE,70.6907,75.596,EXCESSIVE,86.9767,84.7,OPTIMAL
1641,0.9671,1.0,OPTIMAL,2.2915,2.3,OPTIMAL,4.5761,4.6,OPTIMAL,199.8901,195.5,OPTIMAL,12.9168,10.6324,OPTIMAL,101.0903,99.9,OPTIMAL
1642,0.8234,0.8,OPTIMAL,2.9815,3.0,OPTIMAL,4.7576,4.2,OPTIMAL,211.3225,201.8,EXCESSIVE,22.6709,19.5851,OPTIMAL,88.5746,86.7,OPTIMAL
1643,0.6262,0.6,OPTIMAL,2.2049,2.1,OPTIMAL,3.5468,3.2,OPTIMAL,234.1957,232.0,EXCESSIVE,55.0928,57.3466,EXCESSIVE,131.5808,138.0,OPTIMAL
1644,0.8159,0.8,OPTIMAL,3.7248,3.8,OPTIMAL,11.0743,11.2,EXCESSIVE,250.5083,267.6,EXCESSIVE,21.8074,19.1625,OPTIMAL,96.0304,99.7,OPTIMAL
1645,1.0622,1.1,OPTIMAL,2.4313,2.4,OPTIMAL,5.3042,5.7,OPTIMAL,222.1941,230.9,EXCESSIVE,27.3393,27.5974,OPTIMAL,50.5131,39.7,OPTIMAL
1646,0.5223,0.5,OPTIMAL,2.6434,2.6,OPTIMAL,6.9525,7.1,OPTIMAL,382.1418,392.5,EXCESSIVE,61.9908,65.344,EXCESSIVE,69.6845,72.7,OPTIMAL
1647,0.7917,0.8,OPTIMAL,2.6905,2.6,OPTIMAL,4.0742,3.8,OPTIMAL,194.2578,186.3,OPTIMAL,34.3213,35.6407,OPTIMAL,102.5089,99.2,OPTIMAL
1648,0.8465,0.8,OPTIMAL,2.3063,2.2,OPTIMAL,3.8384,3.6,OPTIMAL,160.1968,160.6,OPTIMAL,11.4661,8.7964,OPTIMAL,61.7253,55.8,OPTIMAL
1649,1.0178,1.0,OPTIMAL,2.1662,2.0,OPTIMAL,3.8163,3.7,OPTIMAL,142.6311,138.6,OPTIMAL,11.8921,12.5851,OPTIMAL,67.8025,68.0,OPTIMAL
1650,0.5064,0.5,OPTIMAL,2.5192,2.5,OPTIMAL,2.2895,2.1,OPTIMAL,220.5303,212.0,EXCESSIVE,26.1808,25.2118,OPTIMAL,104.2735,106.0,OPTIMAL
1651,0.8774,0.9,OPTIMAL,2.5894,2.6,OPTIMAL,2.9922,2.9,OPTIMAL,164.4778,152.8,OPTIMAL,32.6923,31.0681,OPTIMAL,115.2192,117.1,OPTIMAL
1652,0.8651,0.9,OPTIMAL,2.7651,2.6,OPTIMAL,3.1309,2.5,OPTIMAL,201.6321,195.5,EXCESSIVE,29.0442,26.558,OPTIMAL,82.9634,79.9,OPTIMAL
1653,0.6766,0.7,OPTIMAL,3.3851,3.5,OPTIMAL,10.185,11.0,EXCESSIVE,455.2399,472.4,EXCESSIVE,16.5643,15.8268,OPTIMAL,59.2078,54.3,OPTIMAL
1654,1.1836,1.2,OPTIMAL,2.6648,2.8,OPTIMAL,4.9138,5.0,OPTIMAL,165.6225,164.6,OPTIMAL,20.848,19.6743,OPTIMAL,77.9449,71.7,OPTIMAL
1655,1.1826,1.2,OPTIMAL,2.8658,2.9,OPTIMAL,4.8337,4.8,OPTIMAL,181.4932,180.3,OPTIMAL,27.5534,28.7863,OPTIMAL,97.0672,101.0,OPTIMAL
1656,0.5294,0.5,OPTIMAL,2.1092,2.0,OPTIMAL,3.516,3.5,OPTIMAL,204.1287,209.6,EXCESSIVE,21.8171,19.1315,OPTIMAL,92.1017,92.8,OPTIMAL
1657,0.6226,0.6,OPTIMAL,2.5474,2.5,OPTIMAL,6.9039,6.8,OPTIMAL,279.7657,267.1,EXCESSIVE,83.329,91.0995,EXCESSIVE,71.0082,71.3,OPTIMAL
1658,0.7835,0.8,OPTIMAL,3.5945,3.7,OPTIMAL,3.6899,3.8,OPTIMAL,245.8005,248.5,EXCESSIVE,38.072,40.722,OPTIMAL,81.7262,81.9,OPTIMAL
1659,0.951,1.0,OPTIMAL,2.3365,2.3,OPTIMAL,4.6575,4.6,OPTIMAL,212.7376,219.2,EXCESSIVE,46.1184,51.5891,OPTIMAL,81.5943,78.9,OPTIMAL
1660,1.1047,1.1,OPTIMAL,3.4328,3.4,OPTIMAL,7.7442,7.8,OPTIMAL,309.6019,297.0,EXCESSIVE,28.128,27.861,OPTIMAL,92.2979,94.5,OPTIMAL
1661,1.0972,1.1,OPTIMAL,2.4965,2.5,OPTIMAL,7.6055,8.2,OPTIMAL,177.4237,188.4,OPTIMAL,26.6857,28.1862,OPTIMAL,86.1024,85.3,OPTIMAL
1662,0.8091,0.8,OPTIMAL,2.4196,2.5,OPTIMAL,6.432,6.3,OPTIMAL,235.9985,228.5,EXCESSIVE,13.821,11.0898,OPTIMAL,69.1769,61.4,OPTIMAL
1663,0.5529,0.5,OPTIMAL,2.3561,2.3,OPTIMAL,4.168,3.8,OPTIMAL,235.8961,229.6,EXCESSIVE,30.4301,28.9499,OPTIMAL,112.651,116.6,OPTIMAL
1664,0.7179,0.7,OPTIMAL,2.7857,2.8,OPTIMAL,4.0013,4.1,OPTIMAL,205.5748,207.4,EXCESSIVE,31.5232,31.255,OPTIMAL,97.1772,96.1,OPTIMAL
1665,0.7097,0.7,OPTIMAL,2.5854,2.6,OPTIMAL,2.3408,2.3,OPTIMAL,187.4539,179.6,OPTIMAL,30.3199,32.0671,OPTIMAL,73.4701,71.1,OPTIMAL
1666,1.1184,1.1,OPTIMAL,2.9061,3.0,OPTIMAL,5.0395,5.1,OPTIMAL,196.8774,180.0,OPTIMAL,31.976,34.3973,OPTIMAL,93.7481,85.0,OPTIMAL
1667,0.9581,1.0,OPTIMAL,2.8174,2.9,OPTIMAL,6.124,6.4,OPTIMAL,233.4226,230.4,EXCESSIVE,26.7223,24.8895,OPTIMAL,77.9836,79.2,OPTIMAL
1668,0.7884,0.8,OPTIMAL,2.6584,2.7,OPTIMAL,3.1566,3.1,OPTIMAL,213.5123,214.7,EXCESSIVE,40.662,39.1141,OPTIMAL,92.9573,94.7,OPTIMAL
1669,0.6676,0.7,OPTIMAL,3.0317,3.1,OPTIMAL,4.7841,4.6,OPTIMAL,201.1214,196.3,EXCESSIVE,56.8299,52.4126,EXCESSIVE,84.6084,82.5,OPTIMAL
1670,1.0908,1.1,OPTIMAL,2.5273,2.5,OPTIMAL,4.7142,4.6,OPTIMAL,181.2844,183.0,OPTIMAL,27.3171,29.5389,OPTIMAL,85.2636,83.4,OPTIMAL
1671,1.1026,1.1,OPTIMAL,2.4448,2.5,OPTIMAL,5.126,4.9,OPTIMAL,150.4968,151.4,OPTIMAL,28.6677,29.4211,OPTIMAL,86.192,88.7,OPTIMAL
1672,0.731,0.7,OPTIMAL,2.8184,2.8,OPTIMAL,3.217,3.0,OPTIMAL,178.5425,164.4,OPTIMAL,20.0585,18.0759,OPTIMAL,137.2207,142.0,OPTIMAL
1673,0.7974,0.8,OPTIMAL,3.1403,3.3,OPTIMAL,4.8343,5.0,OPTIMAL,227.3799,229.3,EXCESSIVE,35.7115,37.6103,OPTIMAL,97.9641,100.4,OPTIMAL
1674,0.8679,0.9,OPTIMAL,2.9712,3.0,OPTIMAL,4.5438,4.7,OPTIMAL,256.6143,248.1,EXCESSIVE,26.6144,24.6253,OPTIMAL,82.4659,75.5,OPTIMAL
1675,1.0422,1.1,OPTIMAL,2.6275,2.7,OPTIMAL,4.0285,3.8,OPTIMAL,168.5207,156.7,OPTIMAL,12.0105,11.7186,OPTIMAL,67.3953,67.2,OPTIMAL
1676,0.9494,1.0,OPTIMAL,2.3575,2.4,OPTIMAL,2.8691,3.1,OPTIMAL,193.5443,190.9,OPTIMAL,19.7497,14.5994,OPTIMAL,74.4336,76.4,OPTIMAL
1677,0.7243,0.7,OPTIMAL,2.4664,2.4,OPTIMAL,3.4993,3.7,OPTIMAL,191.9178,193.5,OPTIMAL,39.4543,41.0023,OPTIMAL,101.6527,99.8,OPTIMAL
1678,0.6262,0.6,OPTIMAL,2.0609,2.0,OPTIMAL,2.4238,2.5,OPTIMAL,185.8588,182.8,OPTIMAL,22.0313,21.0682,OPTIMAL,89.8464,89.4,OPTIMAL
1679,0.9608,1.0,OPTIMAL,2.2033,2.2,OPTIMAL,4.418,4.5,OPTIMAL,200.1129,199.0,EXCESSIVE,11.7088,12.1927,OPTIMAL,116.3404,116.4,OPTIMAL
1680,0.6953,0.7,OPTIMAL,2.94,3.0,OPTIMAL,3.2491,3.1,OPTIMAL,204.5685,205.9,EXCESSIVE,31.3633,27.543,OPTIMAL,104.4309,104.6,OPTIMAL
1681,0.6159,0.6,OPTIMAL,2.6476,2.7,OPTIMAL,3.5419,3.7,OPTIMAL,175.8897,164.5,OPTIMAL,31.4263,30.4727,OPTIMAL,109.9753,110.3,OPTIMAL
1682,1.2285,1.3,OPTIMAL,2.5547,2.6,OPTIMAL,5.0595,5.1,OPTIMAL,157.34,156.8,OPTIMAL,22.9104,26.1641,OPTIMAL,100.639,109.6,OPTIMAL
1683,0.9323,0.9,OPTIMAL,2.398,2.3,OPTIMAL,3.9233,3.9,OPTIMAL,151.9202,151.0,OPTIMAL,11.3953,11.729,OPTIMAL,66.5909,66.2,OPTIMAL
1684,1.0027,1.0,OPTIMAL,2.6056,2.4,OPTIMAL,5.6115,5.4,OPTIMAL,224.38,219.8,EXCESSIVE,40.3772,41.8727,OPTIMAL,81.1434,79.0,OPTIMAL
1685,0.617,0.6,OPTIMAL,2.4014,2.4,OPTIMAL,2.3208,2.1,OPTIMAL,206.4605,202.8,EXCESSIVE,45.4824,48.7588,OPTIMAL,56.9839,53.0,OPTIMAL
1686,1.0076,1.0,OPTIMAL,2.5593,2.7,OPTIMAL,3.9859,3.9,OPTIMAL,183.1311,188.0,OPTIMAL,10.885,8.9895,OPTIMAL,70.2077,73.7,OPTIMAL
1687,1.0022,1.0,OPTIMAL,3.5034,3.6,OPTIMAL,5.5605,5.4,OPTIMAL,317.1172,319.2,EXCESSIVE,37.6206,39.8683,OPTIMAL,60.5415,54.5,OPTIMAL
1688,0.863,0.8,OPTIMAL,2.6479,2.7,OPTIMAL,4.2035,4.5,OPTIMAL,213.7587,227.7,EXCESSIVE,11.2043,8.7079,OPTIMAL,66.8384,67.2,OPTIMAL
1689,0.5309,0.5,OPTIMAL,2.247,2.2,OPTIMAL,4.355,4.3,OPTIMAL,253.6472,263.3,EXCESSIVE,40.6272,46.9185,OPTIMAL,61.9733,56.9,OPTIMAL
1690,0.5998,0.6,OPTIMAL,1.9872,2.1,OPTIMAL,2.1986,2.2,OPTIMAL,191.2832,189.2,OPTIMAL,26.9725,16.366,OPTIMAL,89.796,105.5,OPTIMAL
1691,0.5852,0.6,OPTIMAL,3.0776,3.1,OPTIMAL,5.341,5.2,OPTIMAL,277.1407,273.2,EXCESSIVE,19.5794,19.3721,OPTIMAL,47.2168,46.8,DEFICIENT
1692,0.7953,0.8,OPTIMAL,2.6252,2.6,OPTIMAL,3.6669,3.7,OPTIMAL,190.5706,188.1,OPTIMAL,42.8758,46.7831,OPTIMAL,102.4383,100.7,OPTIMAL
1693,0.7836,0.8,OPTIMAL,2.4972,2.5,OPTIMAL,3.3838,3.4,OPTIMAL,220.5291,226.6,EXCESSIVE,39.8117,42.6451,OPTIMAL,121.222,123.9,OPTIMAL
1694,1.0924,1.1,OPTIMAL,2.4801,2.4,OPTIMAL,3.7913,3.4,OPTIMAL,119.1316,114.1,OPTIMAL,11.2034,10.118,OPTIMAL,70.1008,71.9,OPTIMAL
1695,0.8662,0.9,OPTIMAL,2.7513,2.9,OPTIMAL,6.4639,6.5,OPTIMAL,230.0218,223.3,EXCESSIVE,15.0747,17.3232,OPTIMAL,77.4631,78.4,OPTIMAL
1696,0.7357,0.7,OPTIMAL,1.956,1.9,OPTIMAL,4.1481,3.8,OPTIMAL,182.1872,174.0,OPTIMAL,12.6877,12.8931,OPTIMAL,90.3765,88.3,OPTIMAL
1697,1.1697,1.2,OPTIMAL,2.7058,2.7,OPTIMAL,6.5441,6.7,OPTIMAL,223.284,221.6,EXCESSIVE,31.2831,31.9904,OPTIMAL,72.3285,70.5,OPTIMAL
1698,1.0969,1.1,OPTIMAL,2.6337,2.7,OPTIMAL,5.4016,5.9,OPTIMAL,277.1249,283.1,EXCESSIVE,37.5126,41.0222,OPTIMAL,104.1798,104.6,OPTIMAL
1699,0.7273,0.7,OPTIMAL,2.4869,2.4,OPTIMAL,3.2549,3.1,OPTIMAL,209.3338,209.5,EXCESSIVE,55.9614,63.2714,EXCESSIVE,104.6682,100.0,OPTIMAL
1700,0.5619,0.5,OPTIMAL,2.8666,3.0,OPTIMAL,2.9998,2.4,OPTIMAL,215.1412,211.2,EXCESSIVE,28.9291,29.7473,OPTIMAL,116.4527,119.6,OPTIMAL
1701,1.2192,1.2,OPTIMAL,2.2361,2.1,OPTIMAL,5.0449,4.9,OPTIMAL,162.7921,159.1,OPTIMAL,21.1412,19.8281,OPTIMAL,87.1669,87.2,OPTIMAL
1702,1.0232,1.0,OPTIMAL,1.9867,1.9,OPTIMAL,3.2202,2.9,OPTIMAL,143.2401,141.1,OPTIMAL,26.4122,27.8739,OPTIMAL,79.2029,75.4,OPTIMAL
1703,0.7809,0.8,OPTIMAL,2.6154,2.7,OPTIMAL,2.8948,2.8,OPTIMAL,187.4658,187.0,OPTIMAL,26.8141,27.8018,OPTIMAL,83.5309,83.5,OPTIMAL
1704,0.6686,0.7,OPTIMAL,2.3132,2.2,OPTIMAL,7.3547,7.6,OPTIMAL,345.0558,354.0,EXCESSIVE,12.9667,12.8632,OPTIMAL,58.2282,53.5,OPTIMAL
1705,1.0983,1.1,OPTIMAL,2.1214,2.0,OPTIMAL,4.6501,4.6,OPTIMAL,179.8761,184.8,OPTIMAL,22.6957,24.9936,OPTIMAL,83.9334,79.8,OPTIMAL
1706,1.2636,1.3,OPTIMAL,2.645,2.7,OPTIMAL,5.4071,5.5,OPTIMAL,174.9309,181.3,OPTIMAL,22.1104,19.2165,OPTIMAL,96.6733,100.0,OPTIMAL
1707,0.8351,0.9,OPTIMAL,2.8032,2.9,OPTIMAL,3.683,4.0,OPTIMAL,199.4933,198.1,OPTIMAL,37.8963,37.8626,OPTIMAL,111.5812,112.7,OPTIMAL
1708,0.7306,0.7,OPTIMAL,3.089,3.1,OPTIMAL,7.6621,7.6,OPTIMAL,187.1408,183.6,OPTIMAL,20.707,19.8804,OPTIMAL,81.1958,79.6,OPTIMAL
1709,0.9321,0.9,OPTIMAL,2.1821,2.1,OPTIMAL,5.1018,5.1,OPTIMAL,152.1671,153.6,OPTIMAL,23.3024,22.9026,OPTIMAL,82.7366,82.0,OPTIMAL
1710,1.2154,1.2,OPTIMAL,2.6752,2.6,OPTIMAL,8.8693,9.1,EXCESSIVE,238.9614,239.9,EXCESSIVE,30.4492,28.7269,OPTIMAL,131.8943,136.2,OPTIMAL
1711,0.999,1.0,OPTIMAL,2.5436,2.8,OPTIMAL,5.9193,6.1,OPTIMAL,143.0894,147.4,OPTIMAL,27.0423,28.2279,OPTIMAL,105.8476,116.2,OPTIMAL
1712,1.0871,1.1,OPTIMAL,2.954,3.0,OPTIMAL,8.0508,8.6,EXCESSIVE,253.7515,261.6,EXCESSIVE,27.1399,26.8062,OPTIMAL,99.9402,101.4,OPTIMAL
1713,0.7377,0.7,OPTIMAL,3.0444,3.1,OPTIMAL,2.8401,2.6,OPTIMAL,197.2968,194.7,OPTIMAL,32.6133,32.3881,OPTIMAL,81.7989,76.0,OPTIMAL
1714,0.5734,0.6,OPTIMAL,3.2656,3.5,OPTIMAL,3.4415,3.7,OPTIMAL,185.7621,188.8,OPTIMAL,37.058,40.327,OPTIMAL,107.5721,108.8,OPTIMAL
1715,0.5153,0.5,OPTIMAL,2.2398,2.1,OPTIMAL,2.6103,2.5,OPTIMAL,233.3459,237.2,EXCESSIVE,18.6032,14.766,OPTIMAL,83.9917,77.2,OPTIMAL
1716,0.7083,0.7,OPTIMAL,2.3956,2.4,OPTIMAL,2.2236,2.1,OPTIMAL,257.4851,258.7,EXCESSIVE,55.16,56.5875,EXCESSIVE,78.9442,78.6,OPTIMAL
1717,0.7318,0.7,OPTIMAL,2.6223,2.7,OPTIMAL,4.0533,4.4,OPTIMAL,223.138,230.3,EXCESSIVE,29.4021,29.2348,OPTIMAL,112.751,113.6,OPTIMAL
1718,0.5179,0.5,OPTIMAL,2.9231,3.0,OPTIMAL,6.0819,5.9,OPTIMAL,271.3485,275.2,EXCESSIVE,24.2328,27.0163,OPTIMAL,70.7569,69.3,OPTIMAL
1719,0.6143,0.6,OPTIMAL,2.3059,2.3,OPTIMAL,5.9928,5.7,OPTIMAL,237.8949,232.3,EXCESSIVE,10.5414,8.3334,OPTIMAL,69.1074,63.6,OPTIMAL
1720,0.5998,0.6,OPTIMAL,1.9872,1.8,OPTIMAL,2.1986,2.1,OPTIMAL,191.2832,204.8,OPTIMAL,26.9725,35.0785,OPTIMAL,89.796,72.1,OPTIMAL
1721,1.0876,1.1,OPTIMAL,2.8954,2.9,OPTIMAL,7.1279,7.2,OPTIMAL,227.2988,231.8,EXCESSIVE,24.9607,23.5918,OPTIMAL,109.8181,112.2,OPTIMAL
1722,0.326,0.3,DEFICIENT,2.1302,2.1,OPTIMAL,2.0946,2.0,OPTIMAL,216.7795,215.1,EXCESSIVE,31.1705,32.1097,OPTIMAL,79.1296,76.2,OPTIMAL
1723,0.9026,0.9,OPTIMAL,2.1775,2.2,OPTIMAL,3.8641,3.9,OPTIMAL,212.6706,209.5,EXCESSIVE,15.4182,12.2429,OPTIMAL,120.8245,123.3,OPTIMAL
1724,1.1069,1.1,OPTIMAL,2.5887,2.6,OPTIMAL,3.8863,4.0,OPTIMAL,133.4307,136.1,OPTIMAL,11.187,8.5566,OPTIMAL,68.6826,69.9,OPTIMAL
1725,0.8563,0.9,OPTIMAL,3.2206,3.3,OPTIMAL,3.5274,3.7,OPTIMAL,199.5669,191.3,OPTIMAL,34.5973,36.2322,OPTIMAL,117.807,122.4,OPTIMAL
1726,0.9167,0.9,OPTIMAL,2.6524,2.8,OPTIMAL,4.2395,4.5,OPTIMAL,206.9101,212.9,EXCESSIVE,15.9162,26.9196,OPTIMAL,67.6209,72.4,OPTIMAL
1727,0.74,0.7,OPTIMAL,2.4751,2.3,OPTIMAL,2.6538,2.6,OPTIMAL,183.1117,178.7,OPTIMAL,25.7042,23.1217,OPTIMAL,65.1929,69.6,OPTIMAL
1728,0.672,0.6,OPTIMAL,2.4025,2.3,OPTIMAL,4.0077,4.3,OPTIMAL,237.5049,248.0,EXCESSIVE,38.9827,34.1695,OPTIMAL,118.1868,113.6,OPTIMAL
1729,0.7872,0.8,OPTIMAL,2.9868,3.0,OPTIMAL,3.8585,4.1,OPTIMAL,203.995,201.8,EXCESSIVE,34.3931,32.6372,OPTIMAL,103.8521,99.7,OPTIMAL
1730,0.7835,0.8,OPTIMAL,2.7819,2.8,OPTIMAL,3.4747,3.2,OPTIMAL,184.7804,173.2,OPTIMAL,46.4574,48.2143,OPTIMAL,108.8931,110.3,OPTIMAL
1731,0.8695,0.8,OPTIMAL,2.1984,2.1,OPTIMAL,4.5769,4.7,OPTIMAL,158.5791,151.0,OPTIMAL,27.738,26.4747,OPTIMAL,82.3831,78.7,OPTIMAL
1732,0.7053,0.7,OPTIMAL,2.5686,2.6,OPTIMAL,3.2519,2.9,OPTIMAL,191.7116,187.0,OPTIMAL,49.8891,54.8416,OPTIMAL,93.4352,87.3,OPTIMAL
1733,1.2557,1.3,OPTIMAL,2.6662,2.7,OPTIMAL,10.1909,10.6,EXCESSIVE,206.916,221.2,EXCESSIVE,26.3079,29.5193,OPTIMAL,98.3368,105.2,OPTIMAL
1734,0.7794,0.8,OPTIMAL,2.122,2.1,OPTIMAL,3.9888,3.6,OPTIMAL,244.5851,247.4,EXCESSIVE,18.2972,20.0631,OPTIMAL,144.3887,152.5,OPTIMAL
1735,1.1168,1.2,OPTIMAL,2.6079,2.5,OPTIMAL,6.5754,6.8,OPTIMAL,260.9399,272.2,EXCESSIVE,26.456,22.5444,OPTIMAL,96.9898,98.2,OPTIMAL
1736,0.8814,0.9,OPTIMAL,2.4583,2.5,OPTIMAL,4.2581,4.0,OPTIMAL,190.3255,182.9,OPTIMAL,31.8552,32.8491,OPTIMAL,63.0392,60.5,OPTIMAL
1737,0.8136,0.8,OPTIMAL,2.7947,2.8,OPTIMAL,3.8459,3.6,OPTIMAL,218.9887,233.0,EXCESSIVE,36.013,34.5492,OPTIMAL,108.1904,109.8,OPTIMAL
1738,1.3633,1.4,OPTIMAL,2.992,3.0,OPTIMAL,7.5988,7.5,OPTIMAL,236.6947,239.3,EXCESSIVE,29.5936,30.8161,OPTIMAL,98.2961,97.8,OPTIMAL
1739,1.0023,1.0,OPTIMAL,2.3651,2.4,OPTIMAL,5.5123,6.0,OPTIMAL,219.2321,230.9,EXCESSIVE,26.3168,27.1851,OPTIMAL,83.4461,84.8,OPTIMAL
1740,0.9582,1.0,OPTIMAL,2.1639,2.1,OPTIMAL,4.9318,5.5,OPTIMAL,189.6402,181.7,OPTIMAL,29.2838,29.84,OPTIMAL,110.4453,118.0,OPTIMAL
1741,0.7395,0.7,OPTIMAL,2.4262,2.4,OPTIMAL,5.9013,5.9,OPTIMAL,452.5792,463.6,EXCESSIVE,13.5211,12.3388,OPTIMAL,90.5064,89.4,OPTIMAL
1742,0.8074,0.8,OPTIMAL,3.0106,2.9,OPTIMAL,4.9789,5.1,OPTIMAL,199.8536,199.6,OPTIMAL,63.4895,69.0907,EXCESSIVE,122.1497,121.9,OPTIMAL
1743,1.1953,1.2,OPTIMAL,2.5491,2.6,OPTIMAL,4.1125,4.0,OPTIMAL,174.2082,173.7,OPTIMAL,19.2235,16.6507,OPTIMAL,90.9586,88.8,OPTIMAL
1744,1.0444,1.1,OPTIMAL,2.573,2.5,OPTIMAL,6.4513,6.5,OPTIMAL,212.0821,209.2,EXCESSIVE,30.9016,30.7177,OPTIMAL,84.9326,87.6,OPTIMAL
1745,1.0335,1.0,OPTIMAL,2.1843,2.1,OPTIMAL,5.8352,5.8,OPTIMAL,169.54,172.0,OPTIMAL,20.988,17.4042,OPTIMAL,79.7486,76.0,OPTIMAL
1746,0.6362,0.6,OPTIMAL,2.4115,2.4,OPTIMAL,2.5133,2.2,OPTIMAL,201.2064,189.7,EXCESSIVE,32.3534,31.7096,OPTIMAL,84.4023,81.9,OPTIMAL
1747,0.7921,0.8,OPTIMAL,2.815,2.9,OPTIMAL,2.858,2.6,OPTIMAL,265.9096,282.6,EXCESSIVE,73.1711,78.823,EXCESSIVE,118.1249,122.6,OPTIMAL
1748,1.1014,1.1,OPTIMAL,2.2379,2.2,OPTIMAL,2.9079,2.5,OPTIMAL,158.9194,158.1,OPTIMAL,18.5297,18.7096,OPTIMAL,87.0441,86.7,OPTIMAL
1749,0.783,0.8,OPTIMAL,2.1313,2.1,OPTIMAL,7.26,7.4,OPTIMAL,234.8631,231.3,EXCESSIVE,13.473,13.7185,OPTIMAL,65.5789,60.8,OPTIMAL
1750,0.5205,0.5,OPTIMAL,2.0423,2.0,OPTIMAL,3.1277,3.2,OPTIMAL,197.4935,196.4,OPTIMAL,23.7576,22.4032,OPTIMAL,89.9577,90.7,OPTIMAL
1751,0.6681,0.7,OPTIMAL,3.1718,3.3,OPTIMAL,7.2311,7.1,OPTIMAL,423.018,434.6,EXCESSIVE,16.9945,14.4301,OPTIMAL,57.364,54.0,OPTIMAL
1752,0.9358,0.9,OPTIMAL,2.5651,2.6,OPTIMAL,3.8712,4.0,OPTIMAL,146.0698,151.6,OPTIMAL,10.8971,9.7517,OPTIMAL,67.976,66.1,OPTIMAL
1753,0.781,0.8,OPTIMAL,3.249,3.5,OPTIMAL,3.8056,4.1,OPTIMAL,266.2233,286.6,EXCESSIVE,31.7587,32.1911,OPTIMAL,119.6002,124.8,OPTIMAL
1754,0.9627,0.9,OPTIMAL,2.6549,2.7,OPTIMAL,3.6801,3.5,OPTIMAL,139.9426,142.4,OPTIMAL,11.3738,9.0411,OPTIMAL,71.5137,73.5,OPTIMAL
1755,0.5565,0.5,OPTIMAL,2.3463,2.3,OPTIMAL,2.2325,1.6,OPTIMAL,174.601,168.1,OPTIMAL,33.6591,32.0502,OPTIMAL,73.6936,67.1,OPTIMAL
1756,0.853,0.9,OPTIMAL,2.71,2.7,OPTIMAL,3.6009,3.6,OPTIMAL,180.9476,181.5,OPTIMAL,57.6219,57.1805,EXCESSIVE,99.5041,99.2,OPTIMAL
1757,0.8651,0.8,OPTIMAL,2.7651,3.0,OPTIMAL,3.1309,3.3,OPTIMAL,201.6321,222.5,EXCESSIVE,29.0442,33.9254,OPTIMAL,82.9634,77.6,OPTIMAL
1758,0.7006,0.7,OPTIMAL,2.6739,2.7,OPTIMAL,3.0648,3.3,OPTIMAL,223.1592,225.4,EXCESSIVE,27.2779,26.5119,OPTIMAL,75.4345,77.0,OPTIMAL
1759,0.8297,0.9,OPTIMAL,2.3444,2.4,OPTIMAL,3.0918,3.6,OPTIMAL,205.688,213.3,EXCESSIVE,26.7492,27.9448,OPTIMAL,79.6104,81.6,OPTIMAL
1760,0.7793,0.8,OPTIMAL,2.7641,2.8,OPTIMAL,3.3172,2.9,OPTIMAL,189.8576,189.8,OPTIMAL,30.7003,29.9071,OPTIMAL,102.8303,101.7,OPTIMAL
1761,1.0723,1.1,OPTIMAL,2.8189,2.8,OPTIMAL,5.5725,5.8,OPTIMAL,275.6048,277.9,EXCESSIVE,30.2451,30.995,OPTIMAL,128.0208,126.3,OPTIMAL
1762,0.6179,0.6,OPTIMAL,2.733,2.8,OPTIMAL,3.0772,2.9,OPTIMAL,198.7233,196.3,OPTIMAL,31.061,26.4588,OPTIMAL,111.8095,112.0,OPTIMAL
1763,0.5057,0.5,OPTIMAL,2.1101,2.1,OPTIMAL,2.7354,2.6,OPTIMAL,189.2945,173.7,OPTIMAL,25.3567,20.8692,OPTIMAL,102.1284,99.5,OPTIMAL
1764,0.56,0.5,OPTIMAL,2.1255,2.1,OPTIMAL,8.421,9.0,EXCESSIVE,221.2193,224.4,EXCESSIVE,12.6272,9.9895,OPTIMAL,71.1832,68.8,OPTIMAL
1765,1.3418,1.4,OPTIMAL,3.5899,3.6,OPTIMAL,9.2215,9.6,EXCESSIVE,331.1935,325.0,EXCESSIVE,28.8836,27.1239,OPTIMAL,90.0155,91.5,OPTIMAL
1766,1.3528,1.4,OPTIMAL,2.3677,2.4,OPTIMAL,4.7659,5.2,OPTIMAL,163.7797,157.0,OPTIMAL,28.6482,34.1309,OPTIMAL,75.4587,71.0,OPTIMAL
1767,0.8651,0.9,OPTIMAL,2.7651,2.7,OPTIMAL,3.1309,3.7,OPTIMAL,201.6321,181.5,EXCESSIVE,29.0442,26.7718,OPTIMAL,82.9634,92.4,OPTIMAL
1768,0.9478,1.0,OPTIMAL,1.8669,1.8,OPTIMAL,3.749,3.6,OPTIMAL,168.2433,163.2,OPTIMAL,10.7068,9.146,OPTIMAL,94.7795,93.7,OPTIMAL
1769,0.6308,0.6,OPTIMAL,2.3588,2.3,OPTIMAL,3.5995,3.4,OPTIMAL,211.7657,211.6,EXCESSIVE,34.6117,33.2885,OPTIMAL,80.1539,75.3,OPTIMAL
1770,0.709,0.7,OPTIMAL,2.401,2.4,OPTIMAL,2.9882,2.9,OPTIMAL,193.1817,192.4,OPTIMAL,27.5311,27.021,OPTIMAL,85.5378,85.9,OPTIMAL
1771,0.8097,0.8,OPTIMAL,2.4859,2.5,OPTIMAL,2.3047,2.1,OPTIMAL,208.5593,210.6,EXCESSIVE,19.8316,17.9135,OPTIMAL,97.4645,99.7,OPTIMAL
1772,0.8433,0.8,OPTIMAL,2.6201,2.6,OPTIMAL,4.5703,4.6,OPTIMAL,226.1895,227.6,EXCESSIVE,39.7299,43.4136,OPTIMAL,73.8399,71.7,OPTIMAL
1773,0.859,0.9,OPTIMAL,3.0767,3.1,OPTIMAL,11.1973,11.6,EXCESSIVE,407.4217,412.0,EXCESSIVE,14.3304,12.0007,OPTIMAL,63.7709,63.8,OPTIMAL
1774,0.864,0.8,OPTIMAL,2.2594,2.2,OPTIMAL,3.842,3.8,OPTIMAL,142.3627,144.4,OPTIMAL,11.2316,11.4478,OPTIMAL,67.7718,64.3,OPTIMAL
1775,0.715,0.7,OPTIMAL,1.8864,1.8,OPTIMAL,4.0874,3.9,OPTIMAL,203.5807,201.3,EXCESSIVE,16.1332,15.1752,OPTIMAL,111.8338,110.4,OPTIMAL
1776,0.9993,1.0,OPTIMAL,2.6507,2.7,OPTIMAL,4.1271,4.1,OPTIMAL,231.2255,233.6,EXCESSIVE,36.5694,38.2767,OPTIMAL,77.7522,75.8,OPTIMAL
1777,0.7867,0.8,OPTIMAL,2.1197,2.1,OPTIMAL,2.6235,2.7,OPTIMAL,198.6514,197.1,OPTIMAL,22.2317,20.48,OPTIMAL,92.8239,96.8,OPTIMAL
1778,1.009,1.0,OPTIMAL,2.2305,2.2,OPTIMAL,4.8745,4.7,OPTIMAL,162.3746,160.3,OPTIMAL,27.1437,28.6327,OPTIMAL,88.8383,91.7,OPTIMAL
1779,0.5126,0.5,OPTIMAL,3.0027,3.0,OPTIMAL,5.4079,5.2,OPTIMAL,294.4095,287.7,EXCESSIVE,22.8779,25.8698,OPTIMAL,50.1093,47.1,OPTIMAL
1780,0.7473,0.7,OPTIMAL,2.6254,2.7,OPTIMAL,6.4153,6.2,OPTIMAL,236.0119,224.7,EXCESSIVE,11.0149,9.6144,OPTIMAL,71.7391,68.0,OPTIMAL
1781,0.7961,0.8,OPTIMAL,2.2898,2.2,OPTIMAL,6.6248,6.6,OPTIMAL,252.5367,254.9,EXCESSIVE,12.6262,10.6175,OPTIMAL,74.5894,77.4,OPTIMAL
1782,0.7007,0.7,OPTIMAL,2.4977,2.5,OPTIMAL,2.5823,2.3,OPTIMAL,160.177,153.2,OPTIMAL,46.5303,49.8229,OPTIMAL,145.9911,157.1,OPTIMAL
1783,0.6943,0.7,OPTIMAL,2.0494,2.0,OPTIMAL,2.0314,1.9,OPTIMAL,181.2496,175.1,OPTIMAL,46.9668,48.9818,OPTIMAL,76.2202,76.6,OPTIMAL
1784,0.6113,0.6,OPTIMAL,2.8811,2.9,OPTIMAL,4.1877,4.3,OPTIMAL,202.9291,201.2,EXCESSIVE,40.3281,39.205,OPTIMAL,96.5197,96.3,OPTIMAL
1785,0.452,0.4,DEFICIENT,2.5062,2.4,OPTIMAL,4.8048,4.3,OPTIMAL,254.2541,240.6,EXCESSIVE,40.702,43.6337,OPTIMAL,49.9516,47.1,DEFICIENT
1786,1.2859,1.3,OPTIMAL,2.3302,2.3,OPTIMAL,4.4422,4.5,OPTIMAL,144.8793,141.1,OPTIMAL,21.0271,18.9618,OPTIMAL,84.7417,82.6,OPTIMAL
1787,0.9262,0.9,OPTIMAL,2.1733,2.1,OPTIMAL,4.2553,4.4,OPTIMAL,153.8335,149.3,OPTIMAL,25.8459,26.6625,OPTIMAL,82.5035,82.0,OPTIMAL
1788,0.6645,0.7,OPTIMAL,2.7494,2.7,OPTIMAL,6.5628,6.4,OPTIMAL,283.495,268.7,EXCESSIVE,18.5508,17.6168,OPTIMAL,76.9194,79.9,OPTIMAL
1789,0.6735,0.7,OPTIMAL,2.3842,2.3,OPTIMAL,2.792,2.4,OPTIMAL,191.1387,176.6,OPTIMAL,33.0612,32.3249,OPTIMAL,89.1529,88.6,OPTIMAL
1790,0.8639,0.9,OPTIMAL,2.0599,1.9,OPTIMAL,4.1413,3.8,OPTIMAL,200.6431,191.0,EXCESSIVE,19.8072,21.3666,OPTIMAL,92.1301,90.6,OPTIMAL
1791,1.2613,1.3,OPTIMAL,2.4746,2.6,OPTIMAL,4.4609,4.3,OPTIMAL,150.1593,140.6,OPTIMAL,23.3149,23.6396,OPTIMAL,90.2341,89.9,OPTIMAL
1792,1.0997,1.1,OPTIMAL,2.1256,2.0,OPTIMAL,4.2903,3.8,OPTIMAL,148.9929,137.9,OPTIMAL,21.8723,19.6574,OPTIMAL,77.6633,68.6,OPTIMAL
1793,0.783,0.8,OPTIMAL,2.5263,2.5,OPTIMAL,6.4278,6.5,OPTIMAL,237.794,228.4,EXCESSIVE,11.6184,9.5472,OPTIMAL,71.335,71.2,OPTIMAL
1794,0.8108,0.8,OPTIMAL,2.1353,2.1,OPTIMAL,3.0588,3.1,OPTIMAL,204.5255,201.5,EXCESSIVE,32.4759,33.5322,OPTIMAL,102.1895,109.8,OPTIMAL
1795,0.7426,0.7,OPTIMAL,2.5933,2.5,OPTIMAL,3.7375,3.6,OPTIMAL,207.5254,198.1,EXCESSIVE,34.9165,35.7351,OPTIMAL,106.3656,108.0,OPTIMAL
1796,0.8999,0.9,OPTIMAL,1.8754,1.9,OPTIMAL,4.1509,4.3,OPTIMAL,181.1243,187.6,OPTIMAL,10.244,10.0189,OPTIMAL,97.745,95.4,OPTIMAL
1797,1.0869,1.1,OPTIMAL,2.5914,2.6,OPTIMAL,4.2964,4.6,OPTIMAL,161.4397,168.2,OPTIMAL,11.2314,11.0679,OPTIMAL,70.552,71.8,OPTIMAL
1798,1.0124,1.0,OPTIMAL,2.8638,3.1,OPTIMAL,6.65,6.7,OPTIMAL,185.9425,196.3,OPTIMAL,28.8555,33.0733,OPTIMAL,100.1596,106.9,OPTIMAL
1799,1.1715,1.2,OPTIMAL,3.1278,3.2,OPTIMAL,7.1891,7.5,OPTIMAL,259.0824,260.8,EXCESSIVE,31.1192,30.3594,OPTIMAL,98.7271,100.0,OPTIMAL
1800,0.8038,0.8,OPTIMAL,2.3126,2.3,OPTIMAL,6.3462,6.4,OPTIMAL,255.1323,255.5,EXCESSIVE,12.1456,9.5601,OPTIMAL,73.9342,75.1,OPTIMAL
1801,1.2385,1.2,OPTIMAL,2.8359,2.8,OPTIMAL,4.7388,4.7,OPTIMAL,214.1211,203.2,EXCESSIVE,29.4623,28.9867,OPTIMAL,111.9587,110.1,OPTIMAL
1802,1.0285,1.0,OPTIMAL,2.2447,2.2,OPTIMAL,3.3511,3.1,OPTIMAL,175.4397,184.8,OPTIMAL,19.9376,17.1221,OPTIMAL,85.325,85.8,OPTIMAL
1803,0.8189,0.8,OPTIMAL,2.2405,2.2,OPTIMAL,2.2198,1.9,OPTIMAL,214.0025,213.1,EXCESSIVE,29.3726,29.3282,OPTIMAL,82.2618,82.7,OPTIMAL
1804,1.02,1.0,OPTIMAL,2.0792,1.9,OPTIMAL,4.5812,4.5,OPTIMAL,150.2027,143.0,OPTIMAL,22.0485,21.7341,OPTIMAL,80.4351,75.0,OPTIMAL
1805,0.7152,0.7,OPTIMAL,2.2517,2.1,OPTIMAL,2.2625,2.1,OPTIMAL,234.3022,236.7,EXCESSIVE,38.8331,40.9101,OPTIMAL,68.5531,68.8,OPTIMAL
1806,1.0571,1.1,OPTIMAL,3.3281,3.5,OPTIMAL,6.126,6.4,OPTIMAL,270.5884,300.8,EXCESSIVE,24.0329,21.2853,OPTIMAL,97.3045,99.5,OPTIMAL
1807,1.2053,1.2,OPTIMAL,2.4512,2.4,OPTIMAL,5.6497,5.7,OPTIMAL,162.6181,164.4,OPTIMAL,23.1293,22.9429,OPTIMAL,89.6483,89.6,OPTIMAL
1808,0.6349,0.6,OPTIMAL,2.5075,2.5,OPTIMAL,3.3407,3.2,OPTIMAL,199.3091,195.5,OPTIMAL,60.3819,61.8355,EXCESSIVE,92.7096,90.3,OPTIMAL
1809,0.8619,0.9,OPTIMAL,2.5032,2.6,OPTIMAL,2.8092,3.1,OPTIMAL,202.2941,195.5,EXCESSIVE,29.2412,29.9966,OPTIMAL,91.3499,89.4,OPTIMAL
1810,1.1663,1.2,OPTIMAL,2.2868,2.3,OPTIMAL,6.2042,6.6,OPTIMAL,165.3336,161.5,OPTIMAL,23.5473,27.1715,OPTIMAL,87.0616,84.8,OPTIMAL
1811,1.0347,1.1,OPTIMAL,3.6734,3.8,OPTIMAL,6.3364,6.6,OPTIMAL,212.7146,210.0,EXCESSIVE,23.9388,21.9104,OPTIMAL,105.2414,109.5,OPTIMAL
1812,1.1597,1.2,OPTIMAL,3.4232,3.5,OPTIMAL,10.0289,10.6,EXCESSIVE,315.7159,333.9,EXCESSIVE,44.5953,51.7154,OPTIMAL,85.7371,85.1,OPTIMAL
1813,0.6149,0.6,OPTIMAL,2.5334,2.6,OPTIMAL,6.1838,6.1,OPTIMAL,242.3237,236.5,EXCESSIVE,13.9722,13.7562,OPTIMAL,63.3125,65.0,OPTIMAL
1814,0.7093,0.7,OPTIMAL,2.6559,2.7,OPTIMAL,3.9331,4.3,OPTIMAL,190.3356,186.4,OPTIMAL,26.0574,21.9624,OPTIMAL,99.9921,100.8,OPTIMAL
1815,0.7802,0.8,OPTIMAL,2.4354,2.4,OPTIMAL,3.2497,3.4,OPTIMAL,172.557,166.2,OPTIMAL,52.5144,57.6499,EXCESSIVE,99.5282,99.2,OPTIMAL
1816,0.8789,0.9,OPTIMAL,2.5635,2.6,OPTIMAL,6.779,7.2,OPTIMAL,194.6194,190.9,OPTIMAL,21.4998,23.2864,OPTIMAL,106.7391,102.8,OPTIMAL
1817,0.7157,0.7,OPTIMAL,2.6587,2.7,OPTIMAL,3.3971,3.5,OPTIMAL,219.1552,228.8,EXCESSIVE,20.9679,20.1215,OPTIMAL,90.1446,94.3,OPTIMAL
1818,0.9575,1.0,OPTIMAL,2.4084,2.5,OPTIMAL,4.7671,5.0,OPTIMAL,238.4807,243.4,EXCESSIVE,10.9457,8.5877,OPTIMAL,131.9104,135.0,OPTIMAL
1819,1.1266,1.1,OPTIMAL,2.4382,2.4,OPTIMAL,5.8933,6.2,OPTIMAL,158.2522,154.4,OPTIMAL,26.14,26.6652,OPTIMAL,96.7792,94.9,OPTIMAL
1820,0.5971,0.6,OPTIMAL,2.4814,2.4,OPTIMAL,3.774,3.6,OPTIMAL,211.9034,212.0,EXCESSIVE,55.117,54.7801,EXCESSIVE,103.1364,108.9,OPTIMAL
1821,1.0074,1.0,OPTIMAL,2.2695,2.2,OPTIMAL,5.7475,5.4,OPTIMAL,198.6598,197.5,OPTIMAL,19.8237,15.2712,OPTIMAL,111.4707,111.3,OPTIMAL
1822,1.1032,1.1,OPTIMAL,2.5145,2.5,OPTIMAL,6.4855,6.6,OPTIMAL,168.9555,166.0,OPTIMAL,27.6304,31.7294,OPTIMAL,88.2501,86.5,OPTIMAL
1823,0.7165,0.7,OPTIMAL,2.4398,2.4,OPTIMAL,7.0693,7.3,OPTIMAL,305.4102,309.7,EXCESSIVE,12.7099,10.0505,OPTIMAL,94.4438,97.5,OPTIMAL
1824,0.5248,0.5,OPTIMAL,2.7443,2.7,OPTIMAL,6.3237,6.1,OPTIMAL,273.1133,255.4,EXCESSIVE,23.3908,24.3974,OPTIMAL,75.6423,78.1,OPTIMAL
1825,1.093,1.1,OPTIMAL,3.2891,3.3,OPTIMAL,8.5872,8.6,EXCESSIVE,295.9086,298.5,EXCESSIVE,31.7124,26.1039,OPTIMAL,84.0885,81.5,OPTIMAL
1826,0.9637,1.0,OPTIMAL,2.3964,2.5,OPTIMAL,4.2788,4.0,OPTIMAL,212.4375,216.1,EXCESSIVE,10.8683,9.4858,OPTIMAL,114.892,114.7,OPTIMAL
1827,0.8087,0.8,OPTIMAL,2.0654,2.0,OPTIMAL,2.298,2.1,OPTIMAL,245.6379,254.5,EXCESSIVE,31.5373,29.8603,OPTIMAL,77.5371,75.6,OPTIMAL
1828,1.1216,1.1,OPTIMAL,2.4495,2.4,OPTIMAL,5.4151,5.4,OPTIMAL,158.5712,159.0,OPTIMAL,18.0441,16.1019,OPTIMAL,86.9085,84.4,OPTIMAL
1829,0.9758,1.0,OPTIMAL,2.0834,2.1,OPTIMAL,4.4284,4.1,OPTIMAL,209.2829,211.8,EXCESSIVE,12.7643,11.5344,OPTIMAL,119.3186,122.3,OPTIMAL
1830,1.0141,1.0,OPTIMAL,2.3471,2.3,OPTIMAL,4.1226,3.9,OPTIMAL,188.8993,195.8,OPTIMAL,25.4286,28.4484,OPTIMAL,72.8086,69.5,OPTIMAL
1831,0.7934,0.8,OPTIMAL,3.2492,3.3,OPTIMAL,4.3728,4.3,OPTIMAL,221.619,224.0,EXCESSIVE,34.517,35.3559,OPTIMAL,123.2003,124.9,OPTIMAL
1832,1.1348,1.1,OPTIMAL,4.0633,4.1,OPTIMAL,6.7044,6.4,OPTIMAL,397.9737,402.2,EXCESSIVE,38.1435,39.4563,OPTIMAL,80.2575,75.3,OPTIMAL
1833,0.886,0.9,OPTIMAL,2.5951,2.6,OPTIMAL,2.6831,2.4,OPTIMAL,206.6487,203.3,EXCESSIVE,31.5212,31.103,OPTIMAL,84.9318,86.7,OPTIMAL
1834,0.8134,0.8,OPTIMAL,2.6215,2.6,OPTIMAL,4.1777,4.1,OPTIMAL,210.9798,211.1,EXCESSIVE,47.9891,51.9348,OPTIMAL,82.5023,82.4,OPTIMAL
1835,0.8376,0.9,OPTIMAL,2.8881,2.9,OPTIMAL,4.1879,4.6,OPTIMAL,221.4207,222.7,EXCESSIVE,31.4906,33.2605,OPTIMAL,128.076,139.1,OPTIMAL
1836,1.191,1.2,OPTIMAL,2.39,2.4,OPTIMAL,3.9817,4.1,OPTIMAL,128.6071,128.3,OPTIMAL,13.0495,17.7628,OPTIMAL,69.1688,70.1,OPTIMAL
1837,1.1416,1.2,OPTIMAL,2.4143,2.5,OPTIMAL,4.8398,5.0,OPTIMAL,186.7359,198.9,OPTIMAL,18.4664,16.0383,OPTIMAL,86.4955,87.2,OPTIMAL
1838,0.4313,0.4,DEFICIENT,2.1224,2.1,OPTIMAL,1.6385,1.6,OPTIMAL,166.5785,166.0,OPTIMAL,24.938,23.735,OPTIMAL,66.2211,65.7,OPTIMAL
1839,0.6171,0.6,OPTIMAL,2.2545,2.1,OPTIMAL,2.9898,2.9,OPTIMAL,189.9264,185.7,OPTIMAL,54.4375,58.2815,EXCESSIVE,94.4677,96.5,OPTIMAL
1840,1.16,1.2,OPTIMAL,2.5039,2.5,OPTIMAL,5.7213,6.0,OPTIMAL,155.0861,145.3,OPTIMAL,22.5802,22.4698,OPTIMAL,83.0197,80.6,OPTIMAL
1841,1.2803,1.3,OPTIMAL,2.9901,3.0,OPTIMAL,7.3623,7.4,OPTIMAL,230.9988,228.0,EXCESSIVE,31.5176,29.7832,OPTIMAL,92.1916,93.1,OPTIMAL
1842,0.9127,0.9,OPTIMAL,2.4938,2.5,OPTIMAL,4.3177,4.6,OPTIMAL,167.5715,166.5,OPTIMAL,11.2245,10.0632,OPTIMAL,67.6227,68.0,OPTIMAL
1843,0.711,0.7,OPTIMAL,2.9447,2.8,OPTIMAL,6.0953,5.8,OPTIMAL,403.3226,413.0,EXCESSIVE,18.999,20.6457,OPTIMAL,63.8277,65.1,OPTIMAL
1844,0.728,0.7,OPTIMAL,2.5141,2.5,OPTIMAL,3.4009,3.6,OPTIMAL,195.3969,204.0,OPTIMAL,34.013,32.3254,OPTIMAL,108.2315,112.1,OPTIMAL
1845,0.7784,0.8,OPTIMAL,2.9904,3.0,OPTIMAL,3.9256,4.1,OPTIMAL,195.3487,191.8,OPTIMAL,34.947,36.0638,OPTIMAL,101.1753,100.6,OPTIMAL
1846,1.1726,1.2,OPTIMAL,2.7924,2.8,OPTIMAL,4.5526,4.6,OPTIMAL,248.0938,268.6,EXCESSIVE,27.5561,28.2628,OPTIMAL,112.2439,117.5,OPTIMAL
1847,1.1746,1.3,OPTIMAL,2.2277,2.3,OPTIMAL,2.2425,2.1,OPTIMAL,190.667,194.4,OPTIMAL,21.6252,21.3857,OPTIMAL,91.2646,88.5,OPTIMAL
1848,0.7915,0.8,OPTIMAL,2.4978,2.6,OPTIMAL,7.2966,7.5,OPTIMAL,260.4585,254.0,EXCESSIVE,28.7593,31.7602,OPTIMAL,65.2036,58.7,OPTIMAL
1849,0.7682,0.8,OPTIMAL,2.7038,2.6,OPTIMAL,3.61,3.3,OPTIMAL,189.307,190.2,OPTIMAL,51.0446,57.2347,EXCESSIVE,106.2382,103.5,OPTIMAL
1850,0.8634,0.9,OPTIMAL,2.4211,2.5,OPTIMAL,2.26,2.2,OPTIMAL,196.4669,197.4,OPTIMAL,18.2429,16.5961,OPTIMAL,73.5471,73.1,OPTIMAL
1851,1.2204,1.3,OPTIMAL,2.5833,2.7,OPTIMAL,6.4903,6.7,OPTIMAL,158.7003,158.6,OPTIMAL,23.1172,22.9642,OPTIMAL,99.4038,102.6,OPTIMAL
1852,0.8305,0.9,OPTIMAL,1.8575,1.7,OPTIMAL,2.1694,1.5,OPTIMAL,155.7512,133.8,OPTIMAL,20.7516,22.4357,OPTIMAL,80.8295,73.1,OPTIMAL
1853,0.4961,0.4,DEFICIENT,2.3902,2.2,OPTIMAL,7.7392,7.5,OPTIMAL,422.3577,422.3,EXCESSIVE,13.864,14.1959,OPTIMAL,55.2991,51.8,OPTIMAL
1854,0.7765,0.8,OPTIMAL,1.976,2.0,OPTIMAL,4.7098,4.9,OPTIMAL,161.2895,161.4,OPTIMAL,12.2471,12.3147,OPTIMAL,118.7176,120.6,OPTIMAL
1855,1.1391,1.1,OPTIMAL,2.7701,2.8,OPTIMAL,5.0617,5.1,OPTIMAL,295.6398,306.1,EXCESSIVE,26.5326,25.1679,OPTIMAL,129.4219,130.2,OPTIMAL
1856,0.8991,0.9,OPTIMAL,2.6682,2.6,OPTIMAL,4.7494,4.7,OPTIMAL,224.3152,232.7,EXCESSIVE,18.7284,15.1718,OPTIMAL,80.4362,77.9,OPTIMAL
1857,0.6112,0.6,OPTIMAL,2.0151,2.0,OPTIMAL,2.5393,2.4,OPTIMAL,157.3374,151.2,OPTIMAL,17.0005,17.5986,OPTIMAL,62.9737,62.1,OPTIMAL
1858,1.1069,1.1,OPTIMAL,2.4036,2.4,OPTIMAL,4.5367,4.6,OPTIMAL,176.9489,183.8,OPTIMAL,18.6843,16.2861,OPTIMAL,81.6128,80.6,OPTIMAL
1859,0.8006,0.8,OPTIMAL,2.9949,3.0,OPTIMAL,10.046,10.1,EXCESSIVE,378.0307,372.2,EXCESSIVE,18.1949,13.5321,OPTIMAL,60.2723,57.8,OPTIMAL
1860,0.9476,0.9,OPTIMAL,2.2572,2.2,OPTIMAL,5.1609,5.3,OPTIMAL,160.6776,155.5,OPTIMAL,21.7238,22.3132,OPTIMAL,82.6456,80.7,OPTIMAL
1861,0.7992,0.8,OPTIMAL,2.1852,2.2,OPTIMAL,2.5993,2.6,OPTIMAL,202.9548,209.6,EXCESSIVE,20.813,20.6233,OPTIMAL,87.7688,89.2,OPTIMAL
1862,0.959,1.0,OPTIMAL,2.1538,2.2,OPTIMAL,5.0814,5.3,OPTIMAL,254.5468,267.2,EXCESSIVE,10.7104,10.4962,OPTIMAL,130.0244,132.5,OPTIMAL
1863,0.8887,1.0,OPTIMAL,2.5985,2.7,OPTIMAL,4.4888,4.5,OPTIMAL,193.5508,194.6,OPTIMAL,34.3253,30.8566,OPTIMAL,90.3426,95.9,OPTIMAL
1864,0.7212,0.7,OPTIMAL,2.3845,2.3,OPTIMAL,3.0042,2.8,OPTIMAL,175.6295,173.5,OPTIMAL,34.9059,34.7574,OPTIMAL,91.3219,84.8,OPTIMAL
1865,0.7005,0.7,OPTIMAL,2.6013,2.7,OPTIMAL,2.5166,2.3,OPTIMAL,176.8066,170.3,OPTIMAL,24.74,24.3239,OPTIMAL,75.6676,73.2,OPTIMAL
1866,0.6472,0.6,OPTIMAL,2.723,2.7,OPTIMAL,3.8169,3.6,OPTIMAL,221.6924,208.6,EXCESSIVE,50.302,50.7006,EXCESSIVE,95.066,91.7,OPTIMAL
1867,0.5206,0.5,OPTIMAL,2.1533,2.1,OPTIMAL,6.7616,7.0,OPTIMAL,237.0637,239.8,EXCESSIVE,12.4295,12.7908,OPTIMAL,73.6811,74.6,OPTIMAL
1868,0.7615,0.8,OPTIMAL,2.0667,1.9,OPTIMAL,2.0516,1.9,OPTIMAL,221.0325,230.8,EXCESSIVE,24.8668,24.179,OPTIMAL,67.8594,67.3,OPTIMAL
1869,0.6673,0.7,OPTIMAL,2.8319,2.9,OPTIMAL,2.3409,2.3,OPTIMAL,206.36,200.2,EXCESSIVE,32.5271,33.4738,OPTIMAL,104.2342,104.9,OPTIMAL
1870,1.0964,1.1,OPTIMAL,3.2424,3.3,OPTIMAL,7.743,8.0,OPTIMAL,271.0215,275.1,EXCESSIVE,35.7292,36.1325,OPTIMAL,110.1342,113.8,OPTIMAL
1871,0.6092,0.6,OPTIMAL,2.5473,2.6,OPTIMAL,2.8493,2.6,OPTIMAL,224.4332,225.4,EXCESSIVE,33.1618,31.7785,OPTIMAL,100.8855,99.9,OPTIMAL
1872,0.5507,0.5,OPTIMAL,2.4021,2.4,OPTIMAL,3.2788,3.0,OPTIMAL,204.0403,204.2,EXCESSIVE,29.9112,30.8326,OPTIMAL,94.7536,94.2,OPTIMAL
1873,0.6109,0.6,OPTIMAL,2.6334,2.6,OPTIMAL,6.2865,6.1,OPTIMAL,303.7522,298.9,EXCESSIVE,11.9661,10.2465,OPTIMAL,63.9256,64.3,OPTIMAL
1874,0.7992,0.8,OPTIMAL,1.8644,1.8,OPTIMAL,5.6261,6.0,OPTIMAL,183.0853,184.6,OPTIMAL,11.7143,10.0986,OPTIMAL,123.3224,125.3,OPTIMAL
1875,0.5052,0.5,OPTIMAL,2.3758,2.4,OPTIMAL,3.3636,3.1,OPTIMAL,183.0607,181.5,OPTIMAL,32.4471,36.8442,OPTIMAL,110.4949,114.9,OPTIMAL
